tube_id,section,section_label,n_spots,top1,top1_group,top2,top2_group,top3,top3_group,top4,top4_group,top5,top5_group
e1,e,High-risk Tumor,25,AT2 (2.25),Epithelial-alveolar,Ciliated (2.09),Epithelial-airway,Fibro_alveolar (1.67),Stromal-fibroblast,AT1 (1.56),Epithelial-alveolar,SMG_Duct (1.36),Epithelial-airway
e2,e,High-risk Tumor,36,Ciliated (3.64),Epithelial-airway,SMG_Duct (1.77),Epithelial-airway,AT2 (1.75),Epithelial-alveolar,Fibro_alveolar (1.42),Stromal-fibroblast,AT1 (1.37),Epithelial-alveolar
e3,e,High-risk Tumor,28,Ciliated (2.16),Epithelial-airway,AT2 (1.67),Epithelial-alveolar,Fibro_adventitial (1.58),Stromal-fibroblast,SMG_Duct (1.31),Epithelial-airway,SMG_Serous (1.17),Epithelial-airway
e4,e,High-risk Tumor,24,SMG_Duct (1.82),Epithelial-airway,AT2 (1.58),Epithelial-alveolar,Ciliated (1.40),Epithelial-airway,SMG_Serous (1.35),Epithelial-airway,Fibro_adventitial (1.24),Stromal-fibroblast
e5,e,High-risk Tumor,21,Fibro_adventitial (1.61),Stromal-fibroblast,SMG_Duct (1.49),Epithelial-airway,SMG_Serous (1.28),Epithelial-airway,AT2 (1.20),Epithelial-alveolar,Ciliated (1.18),Epithelial-airway
e6,e,High-risk Tumor,21,AT2 (1.88),Epithelial-alveolar,Ciliated (1.74),Epithelial-airway,Fibro_alveolar (1.47),Stromal-fibroblast,AT1 (1.20),Epithelial-alveolar,Endothelia_vascular_Cap_a (1.09),Vascular
e7,e,High-risk Tumor,30,Ciliated (2.32),Epithelial-airway,SMG_Duct (1.99),Epithelial-airway,AT2 (1.65),Epithelial-alveolar,SMG_Serous (1.60),Epithelial-airway,Fibro_adventitial (1.59),Stromal-fibroblast
e8,e,High-risk Tumor,25,Ciliated (2.08),Epithelial-airway,AT2 (1.97),Epithelial-alveolar,SMG_Duct (1.53),Epithelial-airway,Fibro_adventitial (1.46),Stromal-fibroblast,Fibro_alveolar (1.45),Stromal-fibroblast
e9,e,High-risk Tumor,30,Ciliated (2.54),Epithelial-airway,AT2 (2.54),Epithelial-alveolar,Fibro_alveolar (1.89),Stromal-fibroblast,SMG_Duct (1.78),Epithelial-airway,AT1 (1.77),Epithelial-alveolar
e10,e,High-risk Tumor,40,Ciliated (4.54),Epithelial-airway,AT2 (1.82),Epithelial-alveolar,SMG_Duct (1.46),Epithelial-airway,Fibro_alveolar (1.27),Stromal-fibroblast,AT1 (1.26),Epithelial-alveolar
e11,e,High-risk Tumor,31,Ciliated (2.77),Epithelial-airway,AT2 (2.00),Epithelial-alveolar,SMG_Duct (1.65),Epithelial-airway,Fibro_alveolar (1.47),Stromal-fibroblast,AT1 (1.44),Epithelial-alveolar
e12,e,High-risk Tumor,19,SMG_Duct (1.69),Epithelial-airway,AT2 (1.35),Epithelial-alveolar,SMG_Serous (1.29),Epithelial-airway,Fibro_adventitial (1.20),Stromal-fibroblast,Fibro_alveolar (1.06),Stromal-fibroblast
e13,e,High-risk Tumor,16,Ciliated (1.99),Epithelial-airway,SMG_Duct (1.81),Epithelial-airway,AT2 (1.74),Epithelial-alveolar,SMG_Serous (1.32),Epithelial-airway,Fibro_alveolar (1.30),Stromal-fibroblast
f1,f,Low-risk Tumor,30,Ciliated (1.86),Epithelial-airway,AT2 (1.66),Epithelial-alveolar,SMG_Duct (1.22),Epithelial-airway,SMG_Serous (1.15),Epithelial-airway,Fibro_adventitial (0.99),Stromal-fibroblast
f2,f,Low-risk Tumor,30,AT2 (1.84),Epithelial-alveolar,Ciliated (1.49),Epithelial-airway,SMG_Duct (1.47),Epithelial-airway,Fibro_alveolar (1.46),Stromal-fibroblast,SMG_Serous (1.40),Epithelial-airway
f3,f,Low-risk Tumor,25,AT2 (1.72),Epithelial-alveolar,SMG_Duct (1.61),Epithelial-airway,SMG_Serous (1.52),Epithelial-airway,Fibro_alveolar (1.13),Stromal-fibroblast,Ciliated (1.10),Epithelial-airway
f4,f,Low-risk Tumor,25,Fibro_adventitial (1.36),Stromal-fibroblast,SMG_Serous (1.16),Epithelial-airway,SMG_Duct (1.15),Epithelial-airway,AT2 (1.09),Epithelial-alveolar,Ciliated (0.90),Epithelial-airway
f5,f,Low-risk Tumor,25,AT2 (1.32),Epithelial-alveolar,Fibro_adventitial (1.28),Stromal-fibroblast,Ciliated (1.10),Epithelial-airway,SMG_Duct (1.00),Epithelial-airway,SMG_Serous (0.93),Epithelial-airway
f6,f,Low-risk Tumor,27,AT2 (1.23),Epithelial-alveolar,Fibro_adventitial (1.22),Stromal-fibroblast,Ciliated (1.06),Epithelial-airway,Fibro_alveolar (0.94),Stromal-fibroblast,Muscle_smooth_syst_arterial (0.85),Stromal-muscle
f7,f,Low-risk Tumor,25,AT2 (1.26),Epithelial-alveolar,Fibro_adventitial (1.06),Stromal-fibroblast,SMG_Serous (0.99),Epithelial-airway,SMG_Duct (0.99),Epithelial-airway,Ciliated (0.98),Epithelial-airway
f8,f,Low-risk Tumor,25,SMG_Duct (1.47),Epithelial-airway,SMG_Serous (1.26),Epithelial-airway,Fibro_adventitial (1.20),Stromal-fibroblast,Ciliated (1.00),Epithelial-airway,AT2 (0.86),Epithelial-alveolar
f9,f,Low-risk Tumor,24,Fibro_adventitial (1.33),Stromal-fibroblast,SMG_Duct (0.97),Epithelial-airway,SMG_Serous (0.81),Epithelial-airway,AT2 (0.78),Epithelial-alveolar,Muscle_smooth_syst_arterial (0.61),Stromal-muscle
f10,f,Low-risk Tumor,16,Fibro_adventitial (1.26),Stromal-fibroblast,AT2 (1.11),Epithelial-alveolar,SMG_Duct (1.10),Epithelial-airway,SMG_Serous (0.88),Epithelial-airway,Fibro_alveolar (0.81),Stromal-fibroblast
f11,f,Low-risk Tumor,16,Fibro_adventitial (1.64),Stromal-fibroblast,SMG_Duct (1.10),Epithelial-airway,Muscle_smooth_syst_arterial (0.89),Stromal-muscle,SMG_Serous (0.88),Epithelial-airway,AT2 (0.87),Epithelial-alveolar
f12,f,Low-risk Tumor,10,Ciliated (2.88),Epithelial-airway,AT2 (1.48),Epithelial-alveolar,SMG_Serous (1.34),Epithelial-airway,SMG_Duct (1.24),Epithelial-airway,Fibro_alveolar (0.91),Stromal-fibroblast
f13,f,Low-risk Tumor,29,AT2 (1.97),Epithelial-alveolar,Ciliated (1.52),Epithelial-airway,Fibro_alveolar (1.52),Stromal-fibroblast,AT1 (1.37),Epithelial-alveolar,Endothelia_vascular_Cap_a (1.17),Vascular
f14,f,Low-risk Tumor,20,AT2 (3.01),Epithelial-alveolar,Fibro_alveolar (2.34),Stromal-fibroblast,AT1 (2.13),Epithelial-alveolar,Endothelia_vascular_Cap_a (1.82),Vascular,Ciliated (1.69),Epithelial-airway
f15,f,Low-risk Tumor,22,Fibro_adventitial (1.65),Stromal-fibroblast,SMG_Duct (1.18),Epithelial-airway,SMG_Serous (1.18),Epithelial-airway,AT2 (0.71),Epithelial-alveolar,Fibro_myofibroblast (0.66),Stromal-fibroblast
g1,g,High-risk T-cell,24,Ciliated (2.34),Epithelial-airway,Muscle_smooth_syst_arterial (1.63),Stromal-muscle,Muscle_airway (1.11),Stromal-muscle,AT2 (1.04),Epithelial-alveolar,Fibro_alveolar (0.75),Stromal-fibroblast
g2,g,High-risk T-cell,30,Muscle_smooth_syst_arterial (1.85),Stromal-muscle,Muscle_airway (1.27),Stromal-muscle,Ciliated (1.19),Epithelial-airway,Fibro_adventitial (1.13),Stromal-fibroblast,AT2 (0.86),Epithelial-alveolar
g3,g,High-risk T-cell,15,Muscle_smooth_syst_arterial (2.56),Stromal-muscle,Ciliated (2.35),Epithelial-airway,Muscle_airway (1.61),Stromal-muscle,AT2 (1.13),Epithelial-alveolar,Muscle_smooth_pulmonary (1.12),Stromal-muscle
g4,g,High-risk T-cell,18,Ciliated (2.80),Epithelial-airway,Muscle_smooth_syst_arterial (2.17),Stromal-muscle,Muscle_airway (1.43),Stromal-muscle,SMG_Duct (1.10),Epithelial-airway,Muscle_smooth_pulmonary (0.90),Stromal-muscle
g5,g,High-risk T-cell,27,Ciliated (3.21),Epithelial-airway,AT2 (1.88),Epithelial-alveolar,AT1 (1.51),Epithelial-alveolar,Fibro_alveolar (1.50),Stromal-fibroblast,Endothelia_vascular_Cap_a (1.30),Vascular
g6,g,High-risk T-cell,31,Muscle_smooth_syst_arterial (2.51),Stromal-muscle,Muscle_airway (1.83),Stromal-muscle,Ciliated (1.71),Epithelial-airway,AT2 (1.28),Epithelial-alveolar,Muscle_smooth_pulmonary (1.22),Stromal-muscle
g7,g,High-risk T-cell,24,Ciliated (5.58),Epithelial-airway,AT2 (1.83),Epithelial-alveolar,AT1 (1.33),Epithelial-alveolar,Fibro_alveolar (1.29),Stromal-fibroblast,Endothelia_vascular_Cap_a (1.17),Vascular
h1,h,Low-risk T-cell,14,AT2 (2.17),Epithelial-alveolar,Ciliated (1.80),Epithelial-airway,Fibro_alveolar (1.57),Stromal-fibroblast,AT1 (1.46),Epithelial-alveolar,Endothelia_vascular_Cap_a (1.15),Vascular
h2,h,Low-risk T-cell,28,AT2 (1.77),Epithelial-alveolar,Fibro_alveolar (1.51),Stromal-fibroblast,AT1 (0.95),Epithelial-alveolar,Endothelia_vascular_Cap_a (0.78),Vascular,Fibro_adventitial (0.62),Stromal-fibroblast
h3,h,Low-risk T-cell,30,Fibro_adventitial (1.14),Stromal-fibroblast,AT2 (0.95),Epithelial-alveolar,Fibro_alveolar (0.83),Stromal-fibroblast,Muscle_airway (0.75),Stromal-muscle,Muscle_smooth_syst_arterial (0.75),Stromal-muscle
h4,h,Low-risk T-cell,25,Fibro_adventitial (1.40),Stromal-fibroblast,SMG_Duct (1.21),Epithelial-airway,Muscle_smooth_syst_arterial (1.05),Stromal-muscle,SMG_Serous (1.02),Epithelial-airway,Muscle_airway (0.92),Stromal-muscle
h5,h,Low-risk T-cell,25,AT2 (1.52),Epithelial-alveolar,Fibro_alveolar (1.26),Stromal-fibroblast,Fibro_adventitial (1.21),Stromal-fibroblast,AT1 (0.99),Epithelial-alveolar,Endothelia_vascular_Cap_a (0.89),Vascular
h6,h,Low-risk T-cell,24,AT2 (2.27),Epithelial-alveolar,Fibro_alveolar (1.81),Stromal-fibroblast,AT1 (1.61),Epithelial-alveolar,Endothelia_vascular_Cap_a (1.36),Vascular,Fibro_adventitial (1.04),Stromal-fibroblast
h7,h,Low-risk T-cell,36,Ciliated (3.12),Epithelial-airway,AT2 (2.71),Epithelial-alveolar,Fibro_alveolar (2.05),Stromal-fibroblast,AT1 (2.03),Epithelial-alveolar,Endothelia_vascular_Cap_a (1.70),Vascular
h8,h,Low-risk T-cell,30,Fibro_adventitial (1.16),Stromal-fibroblast,AT2 (1.12),Epithelial-alveolar,SMG_Duct (1.12),Epithelial-airway,SMG_Serous (0.91),Epithelial-airway,Fibro_alveolar (0.77),Stromal-fibroblast
v1,v,Middle-risk Tumor (ctrl),30,Ciliated (1.40),Epithelial-airway,Fibro_adventitial (1.31),Stromal-fibroblast,AT2 (1.28),Epithelial-alveolar,SMG_Duct (1.24),Epithelial-airway,SMG_Serous (1.11),Epithelial-airway
v2,v,Middle-risk Tumor (ctrl),30,Fibro_adventitial (1.67),Stromal-fibroblast,SMG_Duct (0.75),Epithelial-airway,Ciliated (0.74),Epithelial-airway,Fibro_myofibroblast (0.67),Stromal-fibroblast,SMG_Serous (0.64),Epithelial-airway
v3,v,Middle-risk Tumor (ctrl),25,AT2 (1.83),Epithelial-alveolar,SMG_Duct (1.40),Epithelial-airway,Fibro_alveolar (1.35),Stromal-fibroblast,Fibro_adventitial (1.20),Stromal-fibroblast,AT1 (1.19),Epithelial-alveolar
v4,v,Middle-risk Tumor (ctrl),25,AT2 (1.97),Epithelial-alveolar,SMG_Duct (1.66),Epithelial-airway,SMG_Serous (1.43),Epithelial-airway,Fibro_alveolar (1.43),Stromal-fibroblast,Fibro_adventitial (1.39),Stromal-fibroblast
v5,v,Middle-risk Tumor (ctrl),19,AT2 (1.94),Epithelial-alveolar,Fibro_alveolar (1.59),Stromal-fibroblast,AT1 (1.34),Epithelial-alveolar,Fibro_adventitial (1.23),Stromal-fibroblast,Endothelia_vascular_Cap_a (1.16),Vascular
