slide,tube_id,section,group,H_axis1,P_axis1
slide1,a2,a,Tumor-h,0.9361962460055504,1.1032638509833266
slide1,a3,a,Tumor-h,0.979892383190286,0.7067479574497562
slide1,a4,a,Tumor-h,1.2810868299081604,1.2423586680701164
slide1,a6,a,Tumor-h,0.915048857578056,1.1308900723336732
slide1,a7,a,Tumor-h,0.8614459140616201,0.8846369499291113
slide1,a8,a,Tumor-h,0.976868774890471,1.1822384967882116
slide1,a9,a,Tumor-h,0.9471440103747032,0.0728268031195107
slide1,a10,a,Tumor-h,0.1765432282922116,0.6417769318799599
slide1,b1,b,Tumor-l,0.1031327960484127,0.1212344494649353
slide1,b2,b,Tumor-l,0.3999500461087193,0.7604989080147755
slide1,b3,b,Tumor-l,0.3485254051959793,0.5942123603757793
slide1,b4,b,Tumor-l,0.7279095142355383,0.5283078232143478
slide1,b5,b,Tumor-l,0.5623077819253401,0.2480473954763998
slide1,b6,b,Tumor-l,0.4259770094947642,0.4391667638446828
slide1,b7,b,Tumor-l,0.8637437171160939,0.7719935855714787
slide1,b8,b,Tumor-l,0.8305096893175746,0.569619300509924
slide1,b9,b,Tumor-l,0.3776936005776305,0.5079356292374846
slide1,b10,b,Tumor-l,0.1898933205958103,0.2641311826410298
slide1,b11,b,Tumor-l,0.5480844163306403,0.552998059431105
slide1,b12,b,Tumor-l,0.4348705674348843,0.541289563231559
slide1,b13,b,Tumor-l,-0.1835911663325376,0.5124539392193479
slide1,b14,b,Tumor-l,0.9440688314939106,0.9490387420470118
slide1,b15,b,Tumor-l,-0.1443205103382561,-0.2318803473620821
slide1,b16,b,Tumor-l,0.9099373441445756,0.7364381954029448
slide1,b17,b,Tumor-l,-0.1946010610545544,-0.2277365792672824
slide1,b18,b,Tumor-l,0.830856555513926,1.0814742379550082
slide1,b19,b,Tumor-l,0.885504663744826,0.4788603343854729
slide1,b20,b,Tumor-l,0.6114363723369381,0.7675484165522134
slide1,b21,b,Tumor-l,-0.6429500070686646,-0.4968731545406971
slide1,c1,c,Tcell-h,-1.2333246401121531,-1.7940383910459228
slide1,c2,c,Tcell-h,-2.1941075249290725,-1.0945104632129592
slide1,c3,c,Tcell-h,-1.4902581343132653,-1.77633876657708
slide1,c4,c,Tcell-h,-2.477183866813392,-1.936775237781701
slide1,c5,c,Tcell-h,-1.2343278183360584,-1.148748617106916
slide1,d1,d,Tcell-l,-1.2179992928958272,-1.3528732904506018
slide1,d2,d,Tcell-l,-1.1268518279266817,-1.7690368432727737
slide1,d3,d,Tcell-l,-1.1888234564098306,-1.2024825464512938
slide1,d4,d,Tcell-l,0.8302513445261477,0.2311999168185653
slide1,d5,d,Tcell-l,-0.8694234648566623,-1.0869379117924731
slide1,d6,d,Tcell-l,-1.5730628083220035,-1.6954784648268713
slide1,d7,d,Tcell-l,-1.1188950971968183,-1.1397374983426594
slide1,d8,d,Tcell-l,-1.2650131124087711,-1.0870922326018593
slide1,d9,d,Tcell-l,-1.5172318026274882,-1.7214712011790518
slide1,t1,t,Tumor-ctrl,0.7627884799726689,0.4262404102675154
slide1,t2,t,Tumor-ctrl,0.5903307108111114,1.2015165694185777
slide1,t3,t,Tumor-ctrl,0.419967180715486,0.5130660321783995
slide2,e1,e,Tumor-h,0.3130031320850036,0.4125415117504264
slide2,e2,e,Tumor-h,0.2246087204096713,0.3907084478063289
slide2,e3,e,Tumor-h,0.7366374284855407,0.7227352343056347
slide2,e4,e,Tumor-h,0.2784401454588793,0.5521176694214783
slide2,e5,e,Tumor-h,0.7453648425213653,0.6950357391072823
slide2,e6,e,Tumor-h,0.3222297701089097,0.5076743525933154
slide2,e7,e,Tumor-h,1.2109048458622682,1.1117143654551398
slide2,e8,e,Tumor-h,0.8916900755510098,0.7783526553633175
slide2,e9,e,Tumor-h,0.5615583756010789,0.6786325859912872
slide2,e10,e,Tumor-h,0.2247687058078678,-0.2062166263740725
slide2,e11,e,Tumor-h,0.6634835431168156,0.6928440977407321
slide2,e12,e,Tumor-h,0.4185505567131576,0.7434429898919126
slide2,e13,e,Tumor-h,0.6405325583592767,0.6366235881078702
slide2,f1,f,Tumor-l,0.1093516539764275,0.789697661049388
slide2,f2,f,Tumor-l,0.572996827063238,1.0466379879479606
slide2,f3,f,Tumor-l,0.65623498477771,0.2136849671915934
slide2,f4,f,Tumor-l,0.446854016245103,0.5637418287764103
slide2,f5,f,Tumor-l,-0.0078167942827647,0.672972595804419
slide2,f6,f,Tumor-l,-0.1384120356375818,0.4642566392065521
slide2,f7,f,Tumor-l,0.2054264480559397,0.4497601556970123
slide2,f8,f,Tumor-l,0.7059543363301508,0.5303333394392749
slide2,f9,f,Tumor-l,0.3354077375056249,0.5180533528915804
slide2,f10,f,Tumor-l,0.1453398021329517,0.2378650031072969
slide2,f11,f,Tumor-l,0.5131650579557807,0.2741849683203983
slide2,f12,f,Tumor-l,0.7690680297323556,-0.000647131791753
slide2,f13,f,Tumor-l,-0.1009352960333381,-0.1971917293425904
slide2,f14,f,Tumor-l,0.5389124976309629,0.1619338682279905
slide2,f15,f,Tumor-l,1.136641927952892,0.2949780777182419
slide2,g1,g,Tcell-h,-2.198879127253065,-2.637034246645798
slide2,g2,g,Tcell-h,-1.7477459170017453,-2.1647715247114405
slide2,g3,g,Tcell-h,-2.905720047927169,-2.268996689870682
slide2,g4,g,Tcell-h,-2.78114972079321,-2.8825662643789096
slide2,g5,g,Tcell-h,-0.6083309220508741,-0.4780829869894824
slide2,g6,g,Tcell-h,-2.5897675390295696,-2.4523384300716837
slide2,g7,g,Tcell-h,-0.6683098457867775,-0.1343806435560752
slide2,h1,h,Tcell-l,-0.4727297840128133,-0.7833021191283172
slide2,h2,h,Tcell-l,-2.028621868909526,-1.9038420610126416
slide2,h3,h,Tcell-l,-0.2888631239731689,-0.5301072338511882
slide2,h4,h,Tcell-l,0.1273163529466767,0.2572796641953033
slide2,h5,h,Tcell-l,0.0178084313079229,0.0090089006262297
slide2,h6,h,Tcell-l,0.2008526015442504,-0.0751615701851591
slide2,h7,h,Tcell-l,0.0007719770487501,-0.2649621671734678
slide2,h8,h,Tcell-l,0.111640163857959,0.2778586098187536
slide2,v1,v,Tumor-ctrl,0.8076814003189522,0.4087875830004258
slide2,v2,v,Tumor-ctrl,0.3171017992003532,0.5396778694090103
slide2,v3,v,Tumor-ctrl,0.2411181482998476,-0.0204513663038712
slide2,v4,v,Tumor-ctrl,0.609230684860031,0.5257679750447948
slide2,v5,v,Tumor-ctrl,0.736634443866877,0.8411485063797698
