cell_type,max_r_pos,max_r_pos_gene,max_r_neg,max_r_neg_gene,n_genes_BH05,pct_genes_BH05
AT1,0.47890509123864833,MRI1,-0.3722539537888207,BAZ1B,144,3.45489443378119
AT2,0.48944329965137245,MRI1,-0.3672339787867986,IRF9,144,3.45489443378119
B_memory,0.47297357382310234,MRI1,-0.4151772784684579,IRF9,166,3.9827255278310942
B_naive,0.5111582975617728,EPPK1,-0.4259451585378685,LAP3,186,4.462571976967371
B_plasma_IgA,0.648906234113332,CRYAB,-0.7291665035502666,SH3BP1,1382,33.1573896353167
B_plasma_IgG,0.47853049773839645,LDHB,-0.49779715873729075,MX2,679,16.290786948176585
B_plasmablast,0.5648235869810699,AHCY,-0.5659457983113981,H3-5,855,20.513435700575815
Basal,0.4129924731832909,CCAR2,-0.5378292487639563,PEA15,116,2.783109404990403
CD4_EM_Effector,0.5010408124382039,MRI1,-0.4001472893600074,FRMD8,153,3.6708253358925145
CD4_TRM,0.5055840302254923,EPPK1,-0.427344152029572,LAP3,185,4.438579654510557
CD4_naive_CM,0.43607263326246315,ANPEP,-0.4121646864790321,C11orf98,124,2.9750479846449136
CD8_EM,0.5033121948237063,MRI1,-0.4024423546550743,FRMD8,163,3.9107485604606524
CD8_EM_EMRA,0.49172938256990933,COLGALT1,-0.40292808302487587,IRF9,196,4.702495201535509
CD8_TRM_EM,0.49713783509113085,MRI1,-0.4051180275020067,FRMD8,139,3.334932821497121
CD8_TRM,0.4604170087305201,MRI1,-0.4160969654571158,FRMD8,108,2.5911708253358925
Chondrocyte,0.6126822741950348,DBN1,-0.6763225131239071,CUTC,1218,29.222648752399234
Ciliated,0.4067545442009604,CCAR2,-0.5297577408388672,PEA15,94,2.2552783109404992
DC_1,0.4530281933579648,EPPK1,-0.41015422527219675,IRF9,126,3.0230326295585415
DC_2,0.4897253752458171,EPPK1,-0.41139691952796364,FRMD8,147,3.5268714011516313
DC_activated,0.4700920275375274,MRI1,-0.4087509467440591,FRMD8,110,2.6391554702495204
DC_plasmacytoid,0.5014774770752498,EPPK1,-0.4443459767438098,LAP3,175,4.198656429942418
Deuterosomal,0.42737633539900727,CCAR2,-0.4985725410122706,LAP3,118,2.831094049904031
Dividing_AT2,0.460699841346105,MRI1,-0.4314688763472964,FRMD8,112,2.6871401151631478
Dividing_Basal,0.3529759731103158,DCPS,-0.385538312350195,ELOB,35,0.8397312859884837
Endothelia_Lymphatic,0.4780518733898142,PEA15,-0.36082240428721446,HDHD3,47,1.1276391554702496
Endothelia_vascular_Cap_a,0.46775611772480263,MRI1,-0.38444426949148863,FRMD8,95,2.2792706333973127
Endothelia_vascular_Cap_g,0.4662628338037241,MRI1,-0.38699755826556,FRMD8,93,2.2312859884836853
Endothelia_vascular_arterial_pulmonary,0.566807184801711,MVP,-0.5363518191463348,PAFAH1B3,755,18.114203454894433
Endothelia_vascular_arterial_systemic,0.595906676140119,IQGAP2,-0.6092532119590548,PFN2,1130,27.111324376199615
Endothelia_vascular_venous_pulmonary,0.3753537670037553,NDUFB6,-0.3342545255650412,PRPF38A,39,0.935700575815739
Endothelia_vascular_venous_systemic,0.43021787507928,IMPDH1,-0.41133976881077783,COLGALT1,109,2.6151631477927064
Erythrocyte,0.42675286778575716,MRI1,-0.3824580990772197,FRMD8,99,2.375239923224568
Fibro_adventitial,0.6221403416806086,LDHB,-0.6037545573739863,HBA1,864,20.72936660268714
Fibro_alveolar,0.4866345299067783,COLGALT1,-0.35566067332627405,FRMD8,125,2.9990403071017275
Fibro_immune_recruiting,0.6773699157907878,AHCY,-0.7063529380087739,HBA1,1231,29.53454894433781
Fibro_myofibroblast,0.6315685547871034,LDHB,-0.5886793816735006,LMNB1,721,17.298464491362765
Fibro_peribronchial,0.4084990417840903,F2,-0.35170417380183655,TRMT6,107,2.5671785028790786
Fibro_perichondrial,0.42965942643029253,CSRP1,-0.36876984230381293,MRPL45,102,2.44721689059501
ILC,0.5113671920837702,EPPK1,-0.4000556760785096,LAP3,206,4.942418426103647
Ionocyte_n_Brush,0.44726098294476785,CCAR2,-0.5619338206656899,PEA15,118,2.831094049904031
MAIT,0.5023372387961448,MRI1,-0.39554427747205045,IRF9,178,4.27063339731286
Macro_CHIT1,0.39103626723914464,ACAT2,-0.31778317952947266,IRF9,51,1.223608445297505
Macro_interstitial,0.47098359351865954,COLGALT1,-0.40238970397790175,IRF9,144,3.45489443378119
Macro_AW_CX3CR1,0.6085942772382897,EPPK1,-0.5651954813473835,ARHGDIB,807,19.361804222648754
Macro_alveolar_metallothioneins,0.5719137240684521,UCHL3,-0.504921199834468,PITPNM1,660,15.834932821497121
Macro_alv,0.43059257429246983,NAPRT,-0.4138803306779336,FABP7,103,2.4712092130518233
Macro_dividing,0.4071263770980307,NAPRT,-0.38886781242678775,FRMD8,62,1.4875239923224568
Macro_int,0.5319305013699137,ISYNA1,-0.5019807613511166,IL16,618,14.82725527831094
Macro_CCL,0.488300812473481,MRI1,-0.4071065351017414,IRF9,202,4.846449136276392
Mast_cell,0.49003777021154354,ANPEP,-0.4205228814368102,C11orf98,144,3.45489443378119
Megakaryocyte,0.45505930885158624,DDX6,-0.4768206638413951,LAP3,87,2.087332053742802
Mesothelia,0.6367868849236795,AHCY,-0.6624016471665383,HBA1,1111,26.655470249520153
Macrophage_intermediate,0.5655649730664922,UCHL3,-0.511390343312972,PITPNM1,662,15.882917466410749
Monocyte_CD14,0.5072858666134767,COLGALT1,-0.40433818847616765,IRF9,212,5.08637236084453
Monocyte_CD16,0.5391399048131031,ISYNA1,-0.4790175618095261,PITPNM1,484,11.612284069097889
Muscle_airway,0.6255978432798482,ATP2A3,-0.6341620700451537,NUDCD1,1202,28.83877159309021
Muscle_pericyte_airway,0.5755347675048751,LDHB,-0.49467120597258185,HBA1,273,6.549904030710173
Muscle_pericyte_parenchyma,0.5060261721537727,COLGALT1,-0.37014058955674645,IRF9,178,4.27063339731286
Muscle_perivascular_immune_recruiting,0.5362373187463201,NME2,-0.5983301275314209,HBA1,704,16.89059500959693
Muscle_smooth_pulmonary,0.6453946830486087,OGN,-0.6428233710259886,NUDCD1,1253,30.062380038387715
Muscle_smooth_syst_arterial,0.6546076866997413,ADD3,-0.6649161264494768,NUDCD1,1284,30.806142034548945
Myoepithelial,0.4870660343305079,SF3B3,-0.5227530051740088,HBA1,722,17.322456813819578
NAF_endoneurial,0.5700086370368572,H2AC25;H2AC4;H2AC6,-0.5400971438649028,NUDCD1,886,21.257197696737045
NAF_perineurial,0.6511745022987255,ADD3,-0.6232514174385988,NUDCD1,1185,28.430902111324375
NK_CD16hi,0.5374677950381995,EPPK1,-0.42773321751239635,ARHGDIB,270,6.477927063339731
NKT,0.5067469449709284,EPPK1,-0.42051833815139805,IRF9,295,7.077735124760077
NK_CD11d,0.5353270491138175,EPPK1,-0.4800732762903299,LAP3,249,5.974088291746641
NK_CD56bright,0.48803422805186075,EPPK1,-0.4598317851680489,LAP3,138,3.3109404990403073
Neuroendocrine,0.5003060140032989,DDX6,-0.5641549280186354,LAP3,204,4.89443378119002
SMG_Basal,0.40540959248819586,CCAR2,-0.4536290356021408,YWHAH,53,1.2715930902111325
SMG_Duct,0.6036472527881807,AHCY,-0.6644127854044937,HBA1,1228,29.46257197696737
SMG_Mucous,0.4661432376217873,DDX6,-0.5655628925390661,LAP3,389,9.333013435700575
SMG_Serous,0.6133550045192523,AHCY,-0.680662108068408,HBA1,1226,29.414587332053742
Schwann_Myelinating,0.4715468146190499,DDX6,-0.5181186134887709,LAP3,279,6.6938579654510555
Schwann_nonmyelinating,0.499843120995301,MYH11,-0.46504072972033794,PPAT,268,6.429942418426104
Secretory_Club,0.41013013295734213,NUP98,-0.5569394254075279,LAP3,129,3.095009596928983
Secretory_Goblet,0.43295616696377065,CCAR2,-0.5136846201116552,PEA15,120,2.8790786948176583
Suprabasal,0.4897133025321476,CCAR2,-0.5415698904980448,PEA15,234,5.614203454894434
T_reg,0.4943253425107948,MRI1,-0.4016511941065158,FRMD8,145,3.478886756238004
gdT,0.5133891135745217,EPPK1,-0.40320769879606594,IRF9,212,5.08637236084453
