cell_type,direction,rank,gene,r,p,p_bh_global,bh_pass
AT1,pos,1,MRI1,0.47890509123864833,1.04637532305496e-06,0.00010145489610917297,True
AT1,pos,2,COLGALT1,0.47846875127642347,1.0736875626360387e-06,0.00010355272269601023,True
AT1,pos,3,ENO1,0.45615925664674484,3.82777454310812e-06,0.0002693254154154825,True
AT1,pos,4,EPPK1,0.4540671046362159,4.29291405668053e-06,0.0002945933860999292,True
AT1,pos,5,ANPEP,0.45346902274522993,4.43536983274484e-06,0.0003018223912307019,True
AT1,neg,1,BAZ1B,-0.3722539537888207,0.00022027354794817988,0.0056088592461123405,True
AT1,neg,2,FRMD8,-0.35399766515718134,0.00046477726903182415,0.00967749048245107,True
AT1,neg,3,IRF9,-0.3504734593288447,0.0005341366602027442,0.010692995195605369,True
AT1,neg,4,C11orf98,-0.3064931667750003,0.002660503246613377,0.03369291916335981,True
AT1,neg,5,SELENOH,-0.3048759315012921,0.002809866663440186,0.034984417746726074,True
AT2,pos,1,MRI1,0.48944329965137245,5.554853128586501e-07,6.330178493492422e-05,True
AT2,pos,2,COLGALT1,0.4878720690937982,6.1131050932417e-07,6.783207195642304e-05,True
AT2,pos,3,ENO1,0.48250915190710025,8.446248143112456e-07,8.69100497017115e-05,True
AT2,pos,4,EPPK1,0.4727918688503145,1.4964738646039422e-06,0.000132181257063189,True
AT2,pos,5,CNN3,0.45698632411464607,3.657348181418385e-06,0.00026056130390956594,True
AT2,neg,1,IRF9,-0.3672339787867986,0.00027167891419765944,0.006518477408814305,True
AT2,neg,2,BAZ1B,-0.35694817886122443,0.00041317338204893694,0.008869409161810182,True
AT2,neg,3,ARHGDIB,-0.35412905260454913,0.0004623589760528457,0.009643427052259398,True
AT2,neg,4,FRMD8,-0.3457466253736777,0.0006420732302676591,0.012222940180726472,True
AT2,neg,5,ROCK1,-0.33665798124832647,0.00090744230363482,0.015757592713355716,True
B_memory,pos,1,MRI1,0.47297357382310234,1.4807913306658094e-06,0.00013100426142138697,True
B_memory,pos,2,EPPK1,0.46095090990490406,2.9351459363002874e-06,0.00022102417818427458,True
B_memory,pos,3,COLGALT1,0.4579019473929613,3.4770272194784013e-06,0.00025089373643429524,True
B_memory,pos,4,ANPEP,0.4569741240162173,3.6598093189343928e-06,0.0002605614210022869,True
B_memory,pos,5,NDRG1,0.4515342719951764,4.927318913772183e-06,0.00032793716938287355,True
B_memory,neg,1,IRF9,-0.4151772784684579,3.170456350676254e-05,0.0013232475046289945,True
B_memory,neg,2,C11orf98,-0.3953834571885445,8.011123101159257e-05,0.0026518702341413107,True
B_memory,neg,3,FRMD8,-0.3705109592863812,0.00023700577796326172,0.00589799288036943,True
B_memory,neg,4,CMTR1,-0.36592811357490856,0.0002867548044380719,0.006780761789364633,True
B_memory,neg,5,PITPNM1,-0.3635604344535311,0.00031607065306116233,0.007298012503061697,True
B_naive,pos,1,EPPK1,0.5111582975617728,1.4063378328543763e-07,2.2664537795406632e-05,True
B_naive,pos,2,MRI1,0.5059118803455999,1.9771157555581453e-07,2.9012408253877776e-05,True
B_naive,pos,3,SORBS3,0.4700646354640354,1.7515611367979744e-06,0.0001485730209753031,True
B_naive,pos,4,DDX6,0.45778063703202543,3.500426539071455e-06,0.00025214565244933805,True
B_naive,pos,5,MTHFD1L,0.4473682034895254,6.16641944173324e-06,0.0003900096545241903,True
B_naive,neg,1,LAP3,-0.4259451585378685,1.8675316831417987e-05,0.0008909854978205771,True
B_naive,neg,2,FRMD8,-0.40385290937634033,5.426711804901174e-05,0.001985170361191714,True
B_naive,neg,3,IRF9,-0.39746177317504416,7.287959626789409e-05,0.0024743888177951945,True
B_naive,neg,4,ARHGDIB,-0.39381339436260676,8.601073554426186e-05,0.002798538218177076,True
B_naive,neg,5,TRIM14,-0.3813717899651309,0.0001491710049232875,0.004208086284401099,True
B_plasma_IgA,pos,1,CRYAB,0.648906234113332,1.5170087408478139e-12,9.562148976191617e-09,True
B_plasma_IgA,pos,2,DSG2,0.6421452261780694,3.050226737855155e-12,1.3744156803654364e-08,True
B_plasma_IgA,pos,3,AHCY,0.6413086636053771,3.3215652450735433e-12,1.4674246379423782e-08,True
B_plasma_IgA,pos,4,SLC25A13,0.6153890725431307,4.1131764660917725e-11,8.163675957462145e-08,True
B_plasma_IgA,pos,5,GFUS,0.6152506424050426,4.1662673311293474e-11,8.220119401726448e-08,True
B_plasma_IgA,neg,1,SH3BP1,-0.7291665035502666,0.0,0.0,True
B_plasma_IgA,neg,2,LCP1,-0.7090880450960366,1.3322676295501878e-15,1.0180301046602835e-10,True
B_plasma_IgA,neg,3,PTPRC,-0.7074338113432903,1.5543122344752192e-15,1.0180301046602835e-10,True
B_plasma_IgA,neg,4,FERMT3,-0.7055739872569146,1.9984014443252818e-15,1.0180301046602835e-10,True
B_plasma_IgA,neg,5,GRB2,-0.7051485808536025,1.9984014443252818e-15,1.0180301046602835e-10,True
B_plasma_IgG,pos,1,LDHB,0.47853049773839645,1.0697820402860714e-06,0.00010321415610908207,True
B_plasma_IgG,pos,2,PAFAH1B3,0.47834954644359434,1.0812655828473794e-06,0.00010405113880075906,True
B_plasma_IgG,pos,3,AHCY,0.4640820561629101,2.462223871679825e-06,0.00019355747311382835,True
B_plasma_IgG,pos,4,TARS2,0.458095597630354,3.439979805897053e-06,0.00024886675341252186,True
B_plasma_IgG,pos,5,MYEF2,0.4471407137884188,6.241889432434533e-06,0.00039351401254508804,True
B_plasma_IgG,neg,1,MX2,-0.49779715873729075,3.3115679332063053e-07,4.2687889785165984e-05,True
B_plasma_IgG,neg,2,HBA1,-0.4940092854676749,4.1940197603729246e-07,5.128177297025111e-05,True
B_plasma_IgG,neg,3,PAXX,-0.488329787373295,5.945218188863066e-07,6.654493296054048e-05,True
B_plasma_IgG,neg,4,MYO18A,-0.486964449924136,6.459390986535141e-07,7.068655499016336e-05,True
B_plasma_IgG,neg,5,H6PD,-0.48166180475458203,8.88444030344715e-07,8.996136576925045e-05,True
B_plasmablast,pos,1,AHCY,0.5648235869810699,3.0310973730962587e-09,1.360281437530574e-06,True
B_plasmablast,pos,2,LDHB,0.5555971691570059,6.1560725406195616e-09,2.278225114255479e-06,True
B_plasmablast,pos,3,GFUS,0.5536559072419103,7.126234269350107e-09,2.52515574364729e-06,True
B_plasmablast,pos,4,USP5,0.5425137375061566,1.6215186304791018e-08,4.582026882601285e-06,True
B_plasmablast,pos,5,PAFAH1B3,0.515827857686781,1.0334949229751089e-07,1.796707753476644e-05,True
B_plasmablast,neg,1,H3-5,-0.5659457983113981,2.776692875627873e-09,1.2841338036745603e-06,True
B_plasmablast,neg,2,LMNB1,-0.5652091304391714,2.9412774438242195e-09,1.3357621732703425e-06,True
B_plasmablast,neg,3,HBA1,-0.5552200736579372,6.334050839384986e-09,2.3129757260913656e-06,True
B_plasmablast,neg,4,CUTC,-0.5494330100480993,9.766149222656395e-09,3.2019909506416406e-06,True
B_plasmablast,neg,5,SH3BP1,-0.5406729299846671,1.8521260525261596e-08,5.053788142015734e-06,True
Basal,pos,1,CCAR2,0.4129924731832909,3.522167738068127e-05,0.0014345604155672213,True
Basal,pos,2,H3-5,0.40160085167478177,6.025075792703838e-05,0.0021459103528297025,True
Basal,pos,3,DLST,0.39964675182933734,6.593486947203964e-05,0.0022918136597605975,True
Basal,pos,4,PDCD4,0.3714079030308125,0.0002282542170211066,0.005748875962654264,True
Basal,pos,5,H2AC25;H2AC4;H2AC6,0.3630940005976642,0.00032216162353715383,0.0073974656933944285,True
Basal,neg,1,PEA15,-0.5378292487639563,2.2709257585518117e-08,5.89733243716134e-06,True
Basal,neg,2,YWHAH,-0.5065316483272313,1.8996969530782337e-07,2.8190251536911715e-05,True
Basal,neg,3,LDHB,-0.44432918717358516,7.249304117218358e-06,0.00043983500825159837,True
Basal,neg,4,GLO1,-0.44131361792750146,8.498743404139475e-06,0.0004958453005122432,True
Basal,neg,5,ELOB,-0.429804634704159,1.538005257573083e-05,0.0007708244866086842,True
CD4_EM_Effector,pos,1,MRI1,0.5010408124382039,2.698914449705825e-07,3.651080525114216e-05,True
CD4_EM_Effector,pos,2,EPPK1,0.4924689795516891,4.613160324851151e-07,5.503954510255574e-05,True
CD4_EM_Effector,pos,3,SORBS3,0.4547031065485877,4.146162048579427e-06,0.0002869061910967438,True
CD4_EM_Effector,pos,4,ANPEP,0.44453834366237727,7.169388179129044e-06,0.00043623372161474236,True
CD4_EM_Effector,pos,5,DDX6,0.44311525681653896,7.729922041788129e-06,0.00046185725139528754,True
CD4_EM_Effector,neg,1,FRMD8,-0.4001472893600074,6.44331721846303e-05,0.0022537078499153596,True
CD4_EM_Effector,neg,2,IRF9,-0.3815640563391135,0.00014793165306747902,0.004181260523761991,True
CD4_EM_Effector,neg,3,LAP3,-0.3737320700139871,0.00020694604036441966,0.005359957099511581,True
CD4_EM_Effector,neg,4,TRIM14,-0.37177780700488433,0.00022473269010214736,0.005689815352138194,True
CD4_EM_Effector,neg,5,ARHGDIB,-0.36299046200278623,0.00032352826360160236,0.007417652202767173,True
CD4_TRM,pos,1,EPPK1,0.5055840302254923,2.019272797859628e-07,2.951803251724307e-05,True
CD4_TRM,pos,2,MRI1,0.5012739521704881,2.659303666163737e-07,3.616305931670622e-05,True
CD4_TRM,pos,3,SORBS3,0.4716176327951161,1.6016689547981855e-06,0.0001390991099379975,True
CD4_TRM,pos,4,DDX6,0.46079520483996317,2.9607681075738412e-06,0.0002222168591356465,True
CD4_TRM,pos,5,ANPEP,0.4526166193592921,4.6461159910471395e-06,0.00031341309246505326,True
CD4_TRM,neg,1,LAP3,-0.427344152029572,1.7411082706253467e-05,0.0008443210322241355,True
CD4_TRM,neg,2,TRIM14,-0.39682301600038017,7.503483575344028e-05,0.0025310688551974836,True
CD4_TRM,neg,3,FRMD8,-0.39344082993371504,8.746869536846447e-05,0.0028338089568267387,True
CD4_TRM,neg,4,IRF9,-0.39152750543551157,9.532471123874231e-05,0.003024557209577147,True
CD4_TRM,neg,5,ARHGDIB,-0.3858396270652923,0.0001227174200086889,0.003645335993558773,True
CD4_naive_CM,pos,1,ANPEP,0.43607263326246315,1.116410482482344e-05,0.0006092568106037852,True
CD4_naive_CM,pos,2,P3H1,0.433887727601861,1.2492126502117173e-05,0.0006642281391908706,True
CD4_naive_CM,pos,3,ST13,0.41028603138773156,4.008384330966841e-05,0.0015813048538638604,True
CD4_naive_CM,pos,4,PGM3,0.4067087112237953,4.7474786164736216e-05,0.0017960055251610668,True
CD4_naive_CM,pos,5,P4HA1,0.4046581718480745,5.226546473080518e-05,0.0019286175905979751,True
CD4_naive_CM,neg,1,C11orf98,-0.4121646864790321,3.664696665905964e-05,0.0014779347560228409,True
CD4_naive_CM,neg,2,IRF9,-0.3662573182317559,0.0002828832203582987,0.006713971172060013,True
CD4_naive_CM,neg,3,THUMPD1,-0.35433240187324594,0.0004586389227527743,0.009589801367196655,True
CD4_naive_CM,neg,4,SMCHD1,-0.34740273884065165,0.0006021718462734249,0.011658818976971942,True
CD4_naive_CM,neg,5,SART3,-0.34333629135023336,0.0007044785682817079,0.013071133148286276,True
CD8_EM,pos,1,MRI1,0.5033121948237063,2.3357509260080178e-07,3.2773930475976534e-05,True
CD8_EM,pos,2,EPPK1,0.49904654265253545,3.061408699878143e-07,4.023634674368814e-05,True
CD8_EM,pos,3,SORBS3,0.45456364158581597,4.177931854920658e-06,0.0002886634060722636,True
CD8_EM,pos,4,DDX6,0.4501314699245088,5.315668599736867e-06,0.00034672467486233585,True
CD8_EM,pos,5,ANPEP,0.44187802911446933,8.25048134345252e-06,0.0004850882353036097,True
CD8_EM,neg,1,FRMD8,-0.4024423546550743,5.794645022416667e-05,0.0020849966939404485,True
CD8_EM,neg,2,LAP3,-0.3851705050982644,0.0001263806193947392,0.0037236329178211404,True
CD8_EM,neg,3,IRF9,-0.38399507161375157,0.00013306213688890622,0.0038660474157934262,True
CD8_EM,neg,4,TRIM14,-0.3720266251168031,0.00022239220317277208,0.0056485722292755275,True
CD8_EM,neg,5,ARHGDIB,-0.37059238420116564,0.00023619871253810487,0.005883177613259557,True
CD8_EM_EMRA,pos,1,COLGALT1,0.49172938256990933,4.828254223099293e-07,5.70291565054987e-05,True
CD8_EM_EMRA,pos,2,MRI1,0.4911696902721667,4.99731356295996e-07,5.85010149654975e-05,True
CD8_EM_EMRA,pos,3,EPPK1,0.47650220250976166,1.2053718048132822e-06,0.00011308924439981453,True
CD8_EM_EMRA,pos,4,ISYNA1,0.46690994510948725,2.097800622324897e-06,0.00017165414466454324,True
CD8_EM_EMRA,pos,5,ENO1,0.46652081393552836,2.1447335896151998e-06,0.00017429684818944484,True
CD8_EM_EMRA,neg,1,IRF9,-0.40292808302487587,5.665400727061787e-05,0.002049604232151232,True
CD8_EM_EMRA,neg,2,PITPNM1,-0.3781610584624312,0.0001713410791943648,0.004661170714413723,True
CD8_EM_EMRA,neg,3,FRMD8,-0.369506695182557,0.00024717127897755375,0.0060815223776767655,True
CD8_EM_EMRA,neg,4,ROCK1,-0.3683574270646082,0.0002592972845993913,0.006300377947738907,True
CD8_EM_EMRA,neg,5,C11orf98,-0.3672210970398701,0.00027182399340230923,0.006518893662208361,True
CD8_TRM_EM,pos,1,MRI1,0.49713783509113085,3.4512848645640304e-07,4.4007511481461955e-05,True
CD8_TRM_EM,pos,2,EPPK1,0.4870044540111965,6.443744340334234e-07,7.05848263088386e-05,True
CD8_TRM_EM,pos,3,SORBS3,0.445572428073555,6.78630693173865e-06,0.0004196864757199119,True
CD8_TRM_EM,pos,4,DDX6,0.4354594726419254,1.152275670057712e-05,0.0006245364099870667,True
CD8_TRM_EM,pos,5,ENO1,0.43312557139217556,1.2989261312990052e-05,0.0006834063942084589,True
CD8_TRM_EM,neg,1,FRMD8,-0.4051180275020067,5.1153480409737995e-05,0.0018974987771524126,True
CD8_TRM_EM,neg,2,IRF9,-0.37640676964431413,0.0001847053305459312,0.004925475481224832,True
CD8_TRM_EM,neg,3,LAP3,-0.3576327574249369,0.00040197831135446727,0.008696272506198246,True
CD8_TRM_EM,neg,4,ARHGDIB,-0.3570957355076839,0.0004107364193575158,0.008834727884825833,True
CD8_TRM_EM,neg,5,CMTR1,-0.346753688188128,0.0006175310898122177,0.01188031194247553,True
CD8_TRM,pos,1,MRI1,0.4604170087305201,3.0238840105223375e-06,0.00022541557891092516,True
CD8_TRM,pos,2,SORBS3,0.45825013225231026,3.4106830124613907e-06,0.00024717629725605874,True
CD8_TRM,pos,3,EPPK1,0.4479857423274801,5.96585625567414e-06,0.0003795564033375282,True
CD8_TRM,pos,4,DDX6,0.4255557446079319,1.9042226381271732e-05,0.0009008948371143258,True
CD8_TRM,pos,5,ACAT2,0.4202374660842977,2.4778858462415343e-05,0.0011009010747112288,True
CD8_TRM,neg,1,FRMD8,-0.4160969654571158,3.0324566600903324e-05,0.0012801720790508425,True
CD8_TRM,neg,2,LDHB,-0.4022733350455603,5.840258695899436e-05,0.0020966579021971447,True
CD8_TRM,neg,3,LAP3,-0.394365850287527,8.389032843081345e-05,0.002745529384033919,True
CD8_TRM,neg,4,CMTR1,-0.34814943149643923,0.0005849349874882392,0.011425211460543606,True
CD8_TRM,neg,5,PEA15,-0.3434218102809341,0.0007021728033531627,0.01304068728695993,True
Chondrocyte,pos,1,DBN1,0.6126822741950348,5.279532366841977e-11,9.41394263315395e-08,True
Chondrocyte,pos,2,FKBP4,0.5936095954230866,2.8721891531802157e-10,2.7114519528513583e-07,True
Chondrocyte,pos,3,PAFAH1B3,0.582398594456029,7.389939771229592e-10,5.080621685193392e-07,True
Chondrocyte,pos,4,PHGDH,0.5504764738902506,9.038184867193877e-09,3.028836544841333e-06,True
Chondrocyte,pos,5,PFN2,0.5495607348065734,9.674122392056006e-09,3.1795506481221804e-06,True
Chondrocyte,neg,1,CUTC,-0.6763225131239071,7.394085344003543e-14,1.0719494856976264e-09,True
Chondrocyte,neg,2,MECP2,-0.6322831250291552,8.193890010943505e-12,2.6919421222041468e-08,True
Chondrocyte,neg,3,GSR,-0.6284793621542646,1.1883827255587676e-11,3.4610470504895635e-08,True
Chondrocyte,neg,4,CSK,-0.6283656326388235,1.201594379551807e-11,3.4610470504895635e-08,True
Chondrocyte,neg,5,SWAP70,-0.6256074728106643,1.568256635664511e-11,4.187265176369692e-08,True
Ciliated,pos,1,CCAR2,0.4067545442009604,4.73725411471726e-05,0.0017943769306047064,True
Ciliated,pos,2,SUN2,0.3758793244862414,0.0001889080004657817,0.005010978621231451,True
Ciliated,pos,3,PDCD4,0.36236106772635224,0.00033195131102603526,0.007556895278795739,True
Ciliated,pos,4,DLST,0.35439747340239225,0.0004574543236919304,0.009569605771609747,True
Ciliated,pos,5,PURA,0.35099008859263403,0.0005234082481959668,0.010536419118477613,True
Ciliated,neg,1,PEA15,-0.5297577408388672,4.009458609566252e-08,8.900891336709527e-06,True
Ciliated,neg,2,LDHB,-0.5017221206222168,2.5847049234251074e-07,3.5451021827997685e-05,True
Ciliated,neg,3,YWHAH,-0.4900948080954509,5.337854624976046e-07,6.137428435006941e-05,True
Ciliated,neg,4,LAP3,-0.4743346602135369,1.3681649071450863e-06,0.00012342789086603433,True
Ciliated,neg,5,GLO1,-0.4470262935731003,6.2801761799846645e-06,0.00039537585163751545,True
DC_1,pos,1,EPPK1,0.4530281933579648,4.543208531604392e-06,0.00030784138442962176,True
DC_1,pos,2,NDRG1,0.44564894717531034,6.7587390786272294e-06,0.00041850212783239805,True
DC_1,pos,3,MRI1,0.4419629029683366,8.213743710294708e-06,0.0004839502579423598,True
DC_1,pos,4,ACAT2,0.43745048727155295,1.0396041727700478e-05,0.000577550175555556,True
DC_1,pos,5,ANPEP,0.4236620101746829,2.0924790834264684e-05,0.0009663659634040465,True
DC_1,neg,1,IRF9,-0.41015422527219675,4.0335929173851426e-05,0.0015890373610265855,True
DC_1,neg,2,C11orf98,-0.39625065298808126,7.701625985179206e-05,0.0025804161660954125,True
DC_1,neg,3,CMTR1,-0.3872190330315348,0.00011547426909008784,0.0034899598939331557,True
DC_1,neg,4,FRMD8,-0.38495116909248867,0.00012760329201744192,0.0037490564534580877,True
DC_1,neg,5,TRIM14,-0.3488485077193307,0.0005692079775958536,0.011195464404504302,True
DC_2,pos,1,EPPK1,0.4897253752458171,5.459894820702971e-07,6.241163280820016e-05,True
DC_2,pos,2,MRI1,0.48862538611692446,5.839128072171462e-07,6.57325747597857e-05,True
DC_2,pos,3,SORBS3,0.4430019313598558,7.776286812699595e-06,0.00046409970911518757,True
DC_2,pos,4,COLGALT1,0.4374452734676135,1.0398852190229846e-05,0.0005776100740146993,True
DC_2,pos,5,MTHFD1L,0.4318401739486771,1.386997242280863e-05,0.0007159643989761746,True
DC_2,neg,1,FRMD8,-0.41139691952796364,3.8016882399016794e-05,0.0015209818287491368,True
DC_2,neg,2,IRF9,-0.3954162932396456,7.999196523011953e-05,0.002649570448870115,True
DC_2,neg,3,LAP3,-0.39099277759673906,9.763463973633257e-05,0.003078805964978507,True
DC_2,neg,4,CMTR1,-0.38627339364645324,0.00012039556430432086,0.003597433088712767,True
DC_2,neg,5,ARHGDIB,-0.3750927538113814,0.0001953398012710661,0.005132552299924222,True
DC_activated,pos,1,MRI1,0.4700920275375274,1.7488061103687613e-06,0.00014837707619373025,True
DC_activated,pos,2,EPPK1,0.45236905801873134,4.709068141428574e-06,0.000316762493661074,True
DC_activated,pos,3,COLGALT1,0.439400737023294,9.393370708377091e-06,0.000534218920177598,True
DC_activated,pos,4,SORBS3,0.4309960807988845,1.4478457588618099e-05,0.000737954279784289,True
DC_activated,pos,5,ANPEP,0.41831726845449135,2.7220886023693325e-05,0.0011793830867645922,True
DC_activated,neg,1,FRMD8,-0.4087509467440591,4.311307124216235e-05,0.0016700449376973734,True
DC_activated,neg,2,IRF9,-0.36568511262523323,0.0002896438516024613,0.006832414591338536,True
DC_activated,neg,3,CMTR1,-0.34533291365006397,0.0006524114585100271,0.012370683661654669,True
DC_activated,neg,4,C11orf98,-0.33762707817765375,0.0008750126431957828,0.015328581262330662,True
DC_activated,neg,5,BAZ1B,-0.3369062808575036,0.0008990304962646078,0.0156490253014445,True
DC_plasmacytoid,pos,1,EPPK1,0.5014774770752498,2.625176469539525e-07,3.583048882534831e-05,True
DC_plasmacytoid,pos,2,MRI1,0.49753433536301334,3.3666066201476497e-07,4.319204738060917e-05,True
DC_plasmacytoid,pos,3,DDX6,0.47062655326735336,1.6958575570491519e-06,0.0001447687516186557,True
DC_plasmacytoid,pos,4,SORBS3,0.46645901317738053,2.1522779947158455e-06,0.00017461799300082207,True
DC_plasmacytoid,pos,5,ACAT2,0.4364573783793387,1.0944438414428603e-05,0.0005998214242122081,True
DC_plasmacytoid,neg,1,LAP3,-0.4443459767438098,7.242858246714334e-06,0.0004396611421417126,True
DC_plasmacytoid,neg,2,FRMD8,-0.4104814959563799,3.971271320635239e-05,0.0015704485275738107,True
DC_plasmacytoid,neg,3,ARHGDIB,-0.3865544688717283,0.00011891285233400772,0.003565353968370788,True
DC_plasmacytoid,neg,4,TRIM14,-0.38583102668333985,0.00012276387285115042,0.00364571788259999,True
DC_plasmacytoid,neg,5,IRF9,-0.3782114560976723,0.00017097071032345923,0.004655273040197146,True
Deuterosomal,pos,1,CCAR2,0.42737633539900727,1.7382965992851496e-05,0.0008435709766637175,True
Deuterosomal,pos,2,DDX17,0.40982008863921277,4.098162741361655e-05,0.0016078260789264976,True
Deuterosomal,pos,3,NUP133,0.3953780560563486,8.013086461100549e-05,0.002652046402042985,True
Deuterosomal,pos,4,PDCD4,0.3873894447839793,0.00011460750541059106,0.0034715412976115087,True
Deuterosomal,pos,5,H3-5,0.3781381155891578,0.00017150993055214947,0.004664706536358973,True
Deuterosomal,neg,1,LAP3,-0.4985725410122706,3.1541265510526273e-07,4.1179011635982305e-05,True
Deuterosomal,neg,2,GBP1,-0.4673284640745151,2.0484066696191405e-06,0.00016843914177997688,True
Deuterosomal,neg,3,PEA15,-0.4669450716286357,2.0936121019055065e-06,0.00017143762751949216,True
Deuterosomal,neg,4,WARS1,-0.4604462146611009,3.018965059942147e-06,0.00022520158943622044,True
Deuterosomal,neg,5,LDHB,-0.4478073808311544,6.023144539568648e-06,0.0003826900372091787,True
Dividing_AT2,pos,1,MRI1,0.460699841346105,2.9765647668877904e-06,0.00022313528684151637,True
Dividing_AT2,pos,2,EPPK1,0.4442196327300404,7.291497018391269e-06,0.00044164882212759034,True
Dividing_AT2,pos,3,COLGALT1,0.43296724681944226,1.3094834247828757e-05,0.0006876889745965211,True
Dividing_AT2,pos,4,DDX6,0.4218603680310997,2.2876334149213307e-05,0.0010362566035475732,True
Dividing_AT2,pos,5,SORBS3,0.41972674460481413,2.5407552090239705e-05,0.0011216594954282441,True
Dividing_AT2,neg,1,FRMD8,-0.4314688763472964,1.4134615132777029e-05,0.0007253071821903928,True
Dividing_AT2,neg,2,LAP3,-0.36669214020219343,0.00027784334869407346,0.0066197989416614395,True
Dividing_AT2,neg,3,ARHGDIB,-0.3579496116234832,0.0003968916633447783,0.008611371435820072,True
Dividing_AT2,neg,4,LDHB,-0.3539055743188107,0.0004664791881843211,0.009701417108973993,True
Dividing_AT2,neg,5,GSTK1,-0.35019664866027767,0.0005399675147037541,0.010776081404286555,True
Dividing_Basal,pos,1,DCPS,0.3529759731103158,0.0004839820773505643,0.009968434361095322,True
Dividing_Basal,pos,2,CYB5A,0.35219725543356684,0.0004991055327583371,0.010184306275193681,True
Dividing_Basal,pos,3,NAXD,0.31730055409042984,0.0018324565427243478,0.026013472824537427,True
Dividing_Basal,pos,4,BOLA2,0.3155784962318215,0.001946416504730708,0.027141732993367654,True
Dividing_Basal,pos,5,YAP1,0.31433060793606754,0.0020329550864268686,0.027976415353618455,True
Dividing_Basal,neg,1,ELOB,-0.385538312350195,0.00012435465111981792,0.0036805267947267965,True
Dividing_Basal,neg,2,MARS1,-0.3706532628703652,0.00023559695463504227,0.00587125923419346,True
Dividing_Basal,neg,3,NSFL1C,-0.34438062125154,0.0006767893163865946,0.01270475634061846,True
Dividing_Basal,neg,4,NDRG3,-0.34431009384964156,0.0006786274686925164,0.012724399619375994,True
Dividing_Basal,neg,5,ARHGEF2,-0.3422031936780398,0.0007356894395047497,0.013491078848840331,True
Endothelia_Lymphatic,pos,1,PEA15,0.4780518733898142,1.1004107047796197e-06,0.00010546735998899579,True
Endothelia_Lymphatic,pos,2,LDHB,0.4643280405724691,2.4282935782160564e-06,0.0001913708841220425,True
Endothelia_Lymphatic,pos,3,YWHAH,0.3928001516148459,9.002968457139104e-05,0.0028959577487444174,True
Endothelia_Lymphatic,pos,4,PPCS,0.3767611341459158,0.00018193049090453606,0.004869339200014524,True
Endothelia_Lymphatic,pos,5,NME2,0.37644597160262966,0.00018439644734136174,0.004918812112120293,True
Endothelia_Lymphatic,neg,1,HDHD3,-0.36082240428721446,0.0003533997197220362,0.007898492026551093,True
Endothelia_Lymphatic,neg,2,KDM2A,-0.357202762454905,0.0004089770917163893,0.008807111951815607,True
Endothelia_Lymphatic,neg,3,LRRC47,-0.34451659265827017,0.0006732583420141491,0.012647395017532275,True
Endothelia_Lymphatic,neg,4,THUMPD1,-0.3359074102105019,0.0009333079333551098,0.016070343263512924,True
Endothelia_Lymphatic,neg,5,DERPC,-0.33260605808270843,0.0010552420445231192,0.01754876238921569,True
Endothelia_vascular_Cap_a,pos,1,MRI1,0.46775611772480263,1.9990707138539676e-06,0.00016512304229606206,True
Endothelia_vascular_Cap_a,pos,2,COLGALT1,0.4577935452644587,3.4979296541504112e-06,0.00025202023852202097,True
Endothelia_vascular_Cap_a,pos,3,EPPK1,0.4309327713953151,1.4525090625605586e-05,0.0007396527517107401,True
Endothelia_vascular_Cap_a,pos,4,ENO1,0.4264913701983573,1.817181861474282e-05,0.0008735886964965175,True
Endothelia_vascular_Cap_a,pos,5,ANPEP,0.42365295854205454,2.093419366389071e-05,0.0009665971158474667,True
Endothelia_vascular_Cap_a,neg,1,FRMD8,-0.38444426949148863,0.00013047103611740773,0.003811148688829473,True
Endothelia_vascular_Cap_a,neg,2,BAZ1B,-0.35064592000308686,0.0005305331092748666,0.010640659245510468,True
Endothelia_vascular_Cap_a,neg,3,IRF9,-0.3464278921651183,0.0006253751678706454,0.011987874013795124,True
Endothelia_vascular_Cap_a,neg,4,OGA,-0.3062702997811748,0.002680653396452959,0.03388056510170854,True
Endothelia_vascular_Cap_a,neg,5,LDHB,-0.3025977031735759,0.0030330574757353457,0.03684442729094661,True
Endothelia_vascular_Cap_g,pos,1,MRI1,0.4662628338037241,2.1763932405161057e-06,0.00017621241960678378,True
Endothelia_vascular_Cap_g,pos,2,COLGALT1,0.46014154647375105,3.070651622083531e-06,0.00022808600509412625,True
Endothelia_vascular_Cap_g,pos,3,ENO1,0.43303536024028527,1.3049317021840423e-05,0.0006858707862172873,True
Endothelia_vascular_Cap_g,pos,4,EPPK1,0.43257584599224913,1.3359290926162615e-05,0.0006969992123955033,True
Endothelia_vascular_Cap_g,pos,5,ANPEP,0.41989299467515656,2.520128003258293e-05,0.0011150266740612425,True
Endothelia_vascular_Cap_g,neg,1,FRMD8,-0.38699755826556,0.00011660984066375057,0.0035159042653875572,True
Endothelia_vascular_Cap_g,neg,2,BAZ1B,-0.35633056219057463,0.00042351840944454544,0.009033312765872182,True
Endothelia_vascular_Cap_g,neg,3,IRF9,-0.3443576289215137,0.000677388063676343,0.012711366759651068,True
Endothelia_vascular_Cap_g,neg,4,OGA,-0.3089691756480246,0.002445624779130018,0.031808289829274604,True
Endothelia_vascular_Cap_g,neg,5,ARMCX2,-0.2977328597010473,0.0035636749868575013,0.04120506927032961,True
Endothelia_vascular_arterial_pulmonary,pos,1,MVP,0.566807184801711,2.5954220994606203e-09,1.224280464352559e-06,True
Endothelia_vascular_arterial_pulmonary,pos,2,IGKV1-33;IGKV1D-33,0.5284754988364148,4.382430440763585e-08,9.49691014392842e-06,True
Endothelia_vascular_arterial_pulmonary,pos,3,EML4,0.5084070796918578,1.6825962423361318e-07,2.587845438397416e-05,True
Endothelia_vascular_arterial_pulmonary,pos,4,F13A1,0.5083317439168422,1.6908424260719812e-07,2.5975213386475235e-05,True
Endothelia_vascular_arterial_pulmonary,pos,5,H2AZ1;H2AZ2,0.5068774422768011,1.85776322325637e-07,2.779060426929583e-05,True
Endothelia_vascular_arterial_pulmonary,neg,1,PAFAH1B3,-0.5363518191463348,2.5227698818852673e-08,6.321110833974196e-06,True
Endothelia_vascular_arterial_pulmonary,neg,2,HEBP1,-0.5353898677547155,2.7008393299610134e-08,6.680770520639468e-06,True
Endothelia_vascular_arterial_pulmonary,neg,3,LDHB,-0.5195792801550726,8.042118460060976e-08,1.4669387195419759e-05,True
Endothelia_vascular_arterial_pulmonary,neg,4,PFN2,-0.49001148256107996,5.365152746517055e-07,6.160318635670272e-05,True
Endothelia_vascular_arterial_pulmonary,neg,5,FKBP4,-0.4898407534789001,5.421498985302975e-07,6.207914222731537e-05,True
Endothelia_vascular_arterial_systemic,pos,1,IQGAP2,0.595906676140119,2.35592878539137e-10,2.354778446485403e-07,True
Endothelia_vascular_arterial_systemic,pos,2,MECP2,0.5920727256824659,3.2764879698277127e-10,2.933609395809485e-07,True
Endothelia_vascular_arterial_systemic,pos,3,ATP2A3,0.5747362288775083,1.3814167587611337e-09,7.87383938532158e-07,True
Endothelia_vascular_arterial_systemic,pos,4,H1-4,0.5655921414384425,2.854574132626908e-09,1.3140604094292595e-06,True
Endothelia_vascular_arterial_systemic,pos,5,PTK2B,0.5643978370546555,3.1333342587203106e-09,1.3911837220075902e-06,True
Endothelia_vascular_arterial_systemic,neg,1,PFN2,-0.6092532119590548,7.2188699462572e-11,1.1335302474435593e-07,True
Endothelia_vascular_arterial_systemic,neg,2,PCNA,-0.6018109242389303,1.4055268060531034e-10,1.7304776927520133e-07,True
Endothelia_vascular_arterial_systemic,neg,3,FKBP4,-0.5996603133336292,1.6985457484963717e-10,1.893738139401828e-07,True
Endothelia_vascular_arterial_systemic,neg,4,PHGDH,-0.5698387568519496,2.043373470428378e-09,1.0370509132110174e-06,True
Endothelia_vascular_arterial_systemic,neg,5,PAFAH1B3,-0.5660586931218081,2.7522630841048112e-09,1.2746036149498725e-06,True
Endothelia_vascular_venous_pulmonary,pos,1,NDUFB6,0.3753537670037553,0.00019318339383223027,0.005091697955846878,True
Endothelia_vascular_venous_pulmonary,pos,2,UFM1,0.3508753756280294,0.000525773193559953,0.010571759330165242,True
Endothelia_vascular_venous_pulmonary,pos,3,NUCB2,0.3507286493270277,0.0005288124066202826,0.01061828308222733,True
Endothelia_vascular_venous_pulmonary,pos,4,LRRC15,0.34627680967382674,0.0006290435797993155,0.012037204662742253,True
Endothelia_vascular_venous_pulmonary,pos,5,ANPEP,0.34472095255576995,0.0006679830936799913,0.012580366131217855,True
Endothelia_vascular_venous_pulmonary,neg,1,PRPF38A,-0.3342545255650412,0.0009926528836101678,0.016773434222417997,True
Endothelia_vascular_venous_pulmonary,neg,2,NSUN5,-0.3077729291796265,0.002547408836486298,0.03270601834499985,True
Endothelia_vascular_venous_pulmonary,neg,3,MEF2D,-0.28138335256254804,0.006007816402529453,0.05896409905396541,False
Endothelia_vascular_venous_pulmonary,neg,4,DBR1,-0.2760276601136058,0.007083131989731761,0.06567752252983691,False
Endothelia_vascular_venous_pulmonary,neg,5,DDX27,-0.27242343349469206,0.007899274642342968,0.07059592969023959,False
Endothelia_vascular_venous_systemic,pos,1,IMPDH1,0.43021787507928,1.506154396246906e-05,0.0007595464638302606,True
Endothelia_vascular_venous_systemic,pos,2,GMFB,0.3739738074679101,0.00020483864519471595,0.005321081166541453,True
Endothelia_vascular_venous_systemic,pos,3,LMAN2,0.36840663973347587,0.0002587669944495996,0.006290701853986184,True
Endothelia_vascular_venous_systemic,pos,4,IGHV1-3,0.3611823286404946,0.00034827129605319307,0.007821092467401447,True
Endothelia_vascular_venous_systemic,pos,5,ATIC,0.3574283806147536,0.0004052909974372465,0.008751561930409602,True
Endothelia_vascular_venous_systemic,neg,1,COLGALT1,-0.41133976881077783,3.8120744005443186e-05,0.0015237330233966646,True
Endothelia_vascular_venous_systemic,neg,2,POLR1C,-0.4013491250229805,6.095647316106678e-05,0.002165263280156185,True
Endothelia_vascular_venous_systemic,neg,3,ISYNA1,-0.39039565179550534,0.00010027548285784782,0.0031392998617547955,True
Endothelia_vascular_venous_systemic,neg,4,EDC4,-0.3896725141290876,0.00010356237526254475,0.003211069221456474,True
Endothelia_vascular_venous_systemic,neg,5,CC2D1A,-0.3723563218776666,0.00021932559768944593,0.0055902711583526105,True
Erythrocyte,pos,1,MRI1,0.42675286778575716,1.7935297971671815e-05,0.0008648366964098698,True
Erythrocyte,pos,2,NAPRT,0.4210597183513089,2.3797165138228493e-05,0.0010656630061363025,True
Erythrocyte,pos,3,ENO1,0.42104615680250657,2.3813056940769073e-05,0.0010659451881232433,True
Erythrocyte,pos,4,COLGALT1,0.41869287720670967,2.672617504995145e-05,0.0011629356399133254,True
Erythrocyte,pos,5,ANPEP,0.41085092745708557,3.902001426170365e-05,0.0015505700816854325,True
Erythrocyte,neg,1,FRMD8,-0.3824580990772197,0.00014229289872713657,0.004062865572150747,True
Erythrocyte,neg,2,BAZ1B,-0.34774218479776914,0.0005942791504987,0.011550270455950484,True
Erythrocyte,neg,3,IRF9,-0.3333146395449632,0.0010279112364162124,0.017214802745887586,True
Erythrocyte,neg,4,GET3,-0.3143890006239128,0.0020288294910004723,0.027937930383884323,True
Erythrocyte,neg,5,C11orf98,-0.3105758987749435,0.002314676781283831,0.03060700558483016,True
Fibro_adventitial,pos,1,LDHB,0.6221403416806086,2.183808689437683e-11,5.3151034263219057e-08,True
Fibro_adventitial,pos,2,NME2,0.5923594056808107,3.1971447711498513e-10,2.8755855577514003e-07,True
Fibro_adventitial,pos,3,AHCY,0.5821997705445151,7.51241735486019e-10,5.122577592647406e-07,True
Fibro_adventitial,pos,4,HSPA14,0.5619034533144713,3.801943648795714e-09,1.5806983669008013e-06,True
Fibro_adventitial,pos,5,PFN2,0.5615896086833138,3.895160638478501e-09,1.6134190848376043e-06,True
Fibro_adventitial,neg,1,HBA1,-0.6037545573739863,1.1830070256735326e-10,1.5581646685075425e-07,True
Fibro_adventitial,neg,2,CUTC,-0.576390067674291,1.2085819012241927e-09,7.132558391932652e-07,True
Fibro_adventitial,neg,3,HBB,-0.5706521584542028,1.9155868002940224e-09,9.88751180634735e-07,True
Fibro_adventitial,neg,4,CELF2,-0.5696775315821732,2.06965400373349e-09,1.0447516377520921e-06,True
Fibro_adventitial,neg,5,LMNB1,-0.5659267812917287,2.7808284563946017e-09,1.2842651530473907e-06,True
Fibro_alveolar,pos,1,COLGALT1,0.4866345299067783,6.589811336610296e-07,7.194848369611452e-05,True
Fibro_alveolar,pos,2,MRI1,0.4677552871768832,1.999165432309269e-06,0.00016512304229606206,True
Fibro_alveolar,pos,3,NAPRT,0.44535525954807387,6.865124358768071e-06,0.0004229817453019832,True
Fibro_alveolar,pos,4,CNN3,0.4452221020952328,6.91387646689634e-06,0.0004251868257325555,True
Fibro_alveolar,pos,5,ANPEP,0.4409124125626245,8.679468646688449e-06,0.0005040198581594908,True
Fibro_alveolar,neg,1,FRMD8,-0.35566067332627405,0.00043500751837588503,0.009220989741434165,True
Fibro_alveolar,neg,2,IRF9,-0.3521582127729789,0.0004998750663560703,0.010194394013808445,True
Fibro_alveolar,neg,3,BAZ1B,-0.3480450139001077,0.0005873179093578429,0.01145101647154012,True
Fibro_alveolar,neg,4,C11orf98,-0.31306853485076896,0.0021239941723958378,0.028843553671241674,True
Fibro_alveolar,neg,5,SELENOH,-0.31090610978071437,0.0022885601691762236,0.03036841383357689,True
Fibro_immune_recruiting,pos,1,AHCY,0.6773699157907878,6.550315845288424e-14,1.040065388310939e-09,True
Fibro_immune_recruiting,pos,2,NME2,0.6329391299169407,7.680966973566683e-12,2.587011745117247e-08,True
Fibro_immune_recruiting,pos,3,PFN2,0.6210840040545678,2.4136248555350903e-11,5.7077948356710674e-08,True
Fibro_immune_recruiting,pos,4,PAFAH1B3,0.6103373779669603,6.541633901235855e-11,1.0692364745235703e-07,True
Fibro_immune_recruiting,pos,5,GFUS,0.6100047641165756,6.742628677613993e-11,1.0913893719726262e-07,True
Fibro_immune_recruiting,neg,1,HBA1,-0.7063529380087739,1.7763568394002505e-15,1.0180301046602835e-10,True
Fibro_immune_recruiting,neg,2,HBB,-0.6765727472568002,7.172040739078511e-14,1.0719494856976264e-09,True
Fibro_immune_recruiting,neg,3,SH3BP1,-0.6575095820983327,6.079581282847357e-13,5.504866472570889e-09,True
Fibro_immune_recruiting,neg,4,NFKB1,-0.6530108423659743,9.843237336326638e-13,7.459384221419896e-09,True
Fibro_immune_recruiting,neg,5,CELF2,-0.6495681951722776,1.4155343563970746e-12,9.439915515940811e-09,True
Fibro_myofibroblast,pos,1,LDHB,0.6315685547871034,8.790079775167214e-12,2.7607468245639248e-08,True
Fibro_myofibroblast,pos,2,NME2,0.5714076129322024,1.8037882298926888e-09,9.483479334180379e-07,True
Fibro_myofibroblast,pos,3,AHCY,0.5706003211332428,1.9234966952552668e-09,9.897696575091299e-07,True
Fibro_myofibroblast,pos,4,PFN2,0.5359599340664231,2.593916659243689e-08,6.435383711742676e-06,True
Fibro_myofibroblast,pos,5,FKBP4,0.5263830503444576,5.063027908036588e-08,1.056689196147769e-05,True
Fibro_myofibroblast,neg,1,LMNB1,-0.5886793816735006,4.3715520092746374e-10,3.5711737627768405e-07,True
Fibro_myofibroblast,neg,2,GSR,-0.5488465101964954,1.0199575850577958e-08,3.3108140992460704e-06,True
Fibro_myofibroblast,neg,3,CUTC,-0.5468769862060369,1.1793620746658462e-08,3.692455306822345e-06,True
Fibro_myofibroblast,neg,4,H3-5,-0.5422470989334937,1.653134651391497e-08,4.650507535099661e-06,True
Fibro_myofibroblast,neg,5,HBA1,-0.5282695455382165,4.44533763133137e-08,9.612538130941192e-06,True
Fibro_peribronchial,pos,1,F2,0.4084990417840903,4.36301046744525e-05,0.0016849715550757655,True
Fibro_peribronchial,pos,2,CFD,0.39412130877967505,8.482284971433884e-05,0.0027704310910715195,True
Fibro_peribronchial,pos,3,SERPINF1,0.3909961475177794,9.761992093326732e-05,0.003078632974178441,True
Fibro_peribronchial,pos,4,PLG,0.3879346456367455,0.00011187482600250043,0.003410910782619947,True
Fibro_peribronchial,pos,5,MGAT1,0.37789335824686304,0.00017332086179511208,0.0046989274052331225,True
Fibro_peribronchial,neg,1,TRMT6,-0.35170417380183655,0.0005089044514430263,0.010333664228071537,True
Fibro_peribronchial,neg,2,CRNKL1,-0.3070808347965926,0.0026080214572208327,0.03324111899057592,True
Fibro_peribronchial,neg,3,ARHGEF2,-0.29461285262748693,0.00394627159912142,0.04423751225453173,True
Fibro_peribronchial,neg,4,ADAR,-0.29301588006701057,0.004155959169263479,0.04583307509175507,True
Fibro_peribronchial,neg,5,PSPC1,-0.29223269211113384,0.004262382857299407,0.04666258257068469,True
Fibro_perichondrial,pos,1,CSRP1,0.42965942643029253,1.5493464619042996e-05,0.0007749986262486793,True
Fibro_perichondrial,pos,2,COL16A1,0.4013153424910326,6.105176605197826e-05,0.0021684172211729473,True
Fibro_perichondrial,pos,3,MFAP2,0.3992931083492406,6.701542764586677e-05,0.0023223471413674718,True
Fibro_perichondrial,pos,4,CYB5R3,0.3991667563908042,6.740547570638356e-05,0.002333438727111351,True
Fibro_perichondrial,pos,5,AGRN,0.39621852341360464,7.712891650624165e-05,0.002583110154209285,True
Fibro_perichondrial,neg,1,MRPL45,-0.36876984230381293,0.0002548841311855732,0.006217159085773044,True
Fibro_perichondrial,neg,2,TUBGCP3,-0.351439335887884,0.0005142400348596698,0.010410308859426162,True
Fibro_perichondrial,neg,3,DAP3,-0.3456144471419066,0.0006453598207818434,0.012267060690998623,True
Fibro_perichondrial,neg,4,MAP7,-0.3281032456531445,0.0012449358325288262,0.01974850801768303,True
Fibro_perichondrial,neg,5,MCCC2,-0.3195297831220772,0.001693897843130232,0.024603096955758356,True
ILC,pos,1,EPPK1,0.5113671920837702,1.3872270798742647e-07,2.2486971196561735e-05,True
ILC,pos,2,MRI1,0.5081695663888041,1.708724806093187e-07,2.6207782858496424e-05,True
ILC,pos,3,UCHL3,0.4585428575553012,3.3558317544812866e-06,0.00024389026595776815,True
ILC,pos,4,DDX6,0.45827769315871936,3.4054827811047517e-06,0.0002469067576715739,True
ILC,pos,5,ENO1,0.4580571589245959,3.447303811965341e-06,0.0002493425125947339,True
ILC,neg,1,LAP3,-0.4000556760785096,6.470562495541898e-05,0.0022606290428682846,True
ILC,neg,2,IRF9,-0.3999358473980448,6.506360747748907e-05,0.0022700438712246478,True
ILC,neg,3,TRIM14,-0.39890381060621266,6.822397076078346e-05,0.0023541965032055925,True
ILC,neg,4,ARHGDIB,-0.39591242150761874,7.820991905704844e-05,0.002606007335903091,True
ILC,neg,5,FRMD8,-0.39103275650363956,9.746015658573803e-05,0.003074801523803221,True
Ionocyte_n_Brush,pos,1,CCAR2,0.44726098294476785,6.201882369660794e-06,0.00039165826843554834,True
Ionocyte_n_Brush,pos,2,DLST,0.40729023086958216,4.619264812610879e-05,0.0017598807805267044,True
Ionocyte_n_Brush,pos,3,H3-5,0.40401875874507387,5.3849113682336025e-05,0.0019733430559663837,True
Ionocyte_n_Brush,pos,4,PDCD4,0.38248504536227723,0.00014212607985486514,0.004058797539123521,True
Ionocyte_n_Brush,pos,5,NUP133,0.375335418770763,0.00019333425913425906,0.005094382010974274,True
Ionocyte_n_Brush,neg,1,PEA15,-0.5619338206656899,3.79303832787059e-09,1.578964669219937e-06,True
Ionocyte_n_Brush,neg,2,LDHB,-0.5102052939760875,1.496745469786731e-07,2.3788122471195786e-05,True
Ionocyte_n_Brush,neg,3,YWHAH,-0.5100522186471026,1.5117726381852492e-07,2.3908697414269295e-05,True
Ionocyte_n_Brush,neg,4,GLO1,-0.4758939166780554,1.249104764511344e-06,0.0001159582261749155,True
Ionocyte_n_Brush,neg,5,PPP1R14B,-0.44046400553981724,8.88572788948494e-06,0.000513226590588924,True
MAIT,pos,1,MRI1,0.5023372387961448,2.4855475966312213e-07,3.437498924183801e-05,True
MAIT,pos,2,EPPK1,0.491842990367589,4.794606953684166e-07,5.677250506521479e-05,True
MAIT,pos,3,COLGALT1,0.4609450741057507,2.9361024656004986e-06,0.00022104628722732677,True
MAIT,pos,4,ENO1,0.45954341630514156,3.174561130414588e-06,0.0002336701243544018,True
MAIT,pos,5,ANPEP,0.4468994665886479,6.322872598829576e-06,0.00039741727414773496,True
MAIT,neg,1,IRF9,-0.39554427747205045,7.952867980787204e-05,0.002638611243297199,True
MAIT,neg,2,FRMD8,-0.39018896477670284,0.0001012049177957497,0.0031582375095755527,True
MAIT,neg,3,ARHGDIB,-0.36803284628478855,0.00026281997521637734,0.006365562035022072,True
MAIT,neg,4,C11orf98,-0.358045663583227,0.0003953614072667033,0.008583754892499644,True
MAIT,neg,5,PITPNM1,-0.35513881132779285,0.00044415538413078437,0.009362107041188996,True
Macro_CHIT1,pos,1,ACAT2,0.39103626723914464,9.744484823803745e-05,0.003074801523803221,True
Macro_CHIT1,pos,2,NAPRT,0.38005663292498343,0.00015790973270135567,0.004383401704290712,True
Macro_CHIT1,pos,3,RPL5,0.3753628787428037,0.0001931085145077116,0.005090529138860886,True
Macro_CHIT1,pos,4,MAP4,0.3618436299368005,0.00033902672205532447,0.007669272062559525,True
Macro_CHIT1,pos,5,CES1,0.3601471872545684,0.00036320845710857697,0.008054015291499895,True
Macro_CHIT1,neg,1,IRF9,-0.31778317952947266,0.0018016184490063925,0.025716068832976967,True
Macro_CHIT1,neg,2,FRMD8,-0.31536363561266173,0.001961075403704715,0.027286804482194137,True
Macro_CHIT1,neg,3,FABP7,-0.30703642128777514,0.0026119550478298503,0.0332670088291973,True
Macro_CHIT1,neg,4,TSC2,-0.3052238833308469,0.0027771093784798584,0.034699818300244475,True
Macro_CHIT1,neg,5,EPM2AIP1,-0.2975248896210379,0.0035881051883741577,0.0413999721101588,True
Macro_interstitial,pos,1,COLGALT1,0.47098359351865954,1.6613381719210452e-06,0.0001428832145530976,True
Macro_interstitial,pos,2,MRI1,0.4649507315239029,2.344363856154885e-06,0.00018621279533351912,True
Macro_interstitial,pos,3,EPPK1,0.449844025888654,5.39872289495591e-06,0.0003507697120214533,True
Macro_interstitial,pos,4,ISYNA1,0.44017256686709777,9.022244701561988e-06,0.0005193124932312842,True
Macro_interstitial,pos,5,ANPEP,0.4334672017986735,1.2764172275581132e-05,0.0006748193441524929,True
Macro_interstitial,neg,1,IRF9,-0.40238970397790175,5.808818264241289e-05,0.0020882936517828735,True
Macro_interstitial,neg,2,FRMD8,-0.3858314157954998,0.0001227617708057238,0.00364571788259999,True
Macro_interstitial,neg,3,C11orf98,-0.36976567387258713,0.0002445120124490163,0.006033619934548569,True
Macro_interstitial,neg,4,ACADS,-0.3512231301842763,0.0005186338125364731,0.010468748619902027,True
Macro_interstitial,neg,5,ROCK1,-0.3473025618926976,0.0006045193999915099,0.011698836258454385,True
Macro_AW_CX3CR1,pos,1,EPPK1,0.6085942772382897,7.662914747186278e-11,1.1720744464687122e-07,True
Macro_AW_CX3CR1,pos,2,UCHL3,0.5928121387622661,3.075588672629692e-10,2.8096555808264235e-07,True
Macro_AW_CX3CR1,pos,3,THEM6,0.5673821400031316,2.4807949028371468e-09,1.1902104351108174e-06,True
Macro_AW_CX3CR1,pos,4,VWA8,0.5436881534238314,1.4890092048247539e-08,4.336202875604943e-06,True
Macro_AW_CX3CR1,pos,5,MRI1,0.5371817957750005,2.3781865809979763e-08,6.0561133828847615e-06,True
Macro_AW_CX3CR1,neg,1,ARHGDIB,-0.5651954813473835,2.9444133797795757e-09,1.3357621732703425e-06,True
Macro_AW_CX3CR1,neg,2,LAP3,-0.5612805687413044,3.989085062272579e-09,1.6386549932402988e-06,True
Macro_AW_CX3CR1,neg,3,SERPINB9,-0.5460407131769813,1.2540136706817862e-08,3.860926300573728e-06,True
Macro_AW_CX3CR1,neg,4,IL16,-0.5346269696044202,2.8505246829624298e-08,6.9276891420334734e-06,True
Macro_AW_CX3CR1,neg,5,MYO1G,-0.5288286565450331,4.27653117363036e-08,9.326138355364991e-06,True
Macro_alveolar_metallothioneins,pos,1,UCHL3,0.5719137240684521,1.732416210487031e-09,9.240124964213093e-07,True
Macro_alveolar_metallothioneins,pos,2,GFUS,0.5603930170879126,4.271037523650989e-09,1.7178947549893676e-06,True
Macro_alveolar_metallothioneins,pos,3,GPI,0.5426220979224786,1.6088357757126914e-08,4.565646756640538e-06,True
Macro_alveolar_metallothioneins,pos,4,EIF2A,0.5170021829882394,9.557580904484553e-08,1.6817307529241844e-05,True
Macro_alveolar_metallothioneins,pos,5,CPQ,0.5045944064719846,2.1517675086180077e-07,3.081981778666617e-05,True
Macro_alveolar_metallothioneins,neg,1,PITPNM1,-0.504921199834468,2.1071274325379363e-07,3.039531378025259e-05,True
Macro_alveolar_metallothioneins,neg,2,IL16,-0.503720451970169,2.275607435819893e-07,3.2151633194906146e-05,True
Macro_alveolar_metallothioneins,neg,3,NFKB1,-0.4902428721817886,5.289672246888699e-07,6.096744949887894e-05,True
Macro_alveolar_metallothioneins,neg,4,ARHGAP4,-0.48733004655473,6.317725731452839e-07,6.954998369754061e-05,True
Macro_alveolar_metallothioneins,neg,5,MYO1G,-0.48638527934011133,6.689992948505363e-07,7.289906041665453e-05,True
Macro_alv,pos,1,NAPRT,0.43059257429246983,1.4778097669809753e-05,0.0007484217629133299,True
Macro_alv,pos,2,MVP,0.41257739382459796,3.592976463351327e-05,0.0014555243250393226,True
Macro_alv,pos,3,PARP4,0.4016329288570606,6.016137814568445e-05,0.0021432544125142127,True
Macro_alv,pos,4,AHNAK,0.3952543864976464,8.058164019164593e-05,0.002663211627069325,True
Macro_alv,pos,5,ACAT2,0.376297322661704,0.00018557022778109555,0.004943399916220221,True
Macro_alv,neg,1,FABP7,-0.4138803306779336,3.37505992762388e-05,0.001388158359771687,True
Macro_alv,neg,2,LDHB,-0.3926947265339584,9.045771601723374e-05,0.0029060815905950876,True
Macro_alv,neg,3,HEBP1,-0.3755139992635974,0.0001918705269408072,0.005067170218040514,True
Macro_alv,neg,4,FRMD8,-0.37317886442039877,0.0002118443001692949,0.005443693237395938,True
Macro_alv,neg,5,TRIP6,-0.3568067281547319,0.00041552196376315464,0.00890892770043636,True
Macro_dividing,pos,1,NAPRT,0.4071263770980307,4.655060745206718e-05,0.0017701626471277388,True
Macro_dividing,pos,2,ACAT2,0.3909682593391001,9.774179017241202e-05,0.003081019334003504,True
Macro_dividing,pos,3,MRI1,0.38715994339624377,0.00011577623300951245,0.00349551133055884,True
Macro_dividing,pos,4,COLGALT1,0.37864277974271066,0.0001678310982340392,0.004588897203374992,True
Macro_dividing,pos,5,ANPEP,0.37483610222279934,0.00019748184509760236,0.00517431607962789,True
Macro_dividing,neg,1,FRMD8,-0.38886781242678775,0.00010733740298163319,0.003303524822321465,True
Macro_dividing,neg,2,IRF9,-0.3545507316287254,0.0004546754099175043,0.009528437476141828,True
Macro_dividing,neg,3,FABP7,-0.3285810348120869,0.0012234324649020856,0.01950565750678739,True
Macro_dividing,neg,4,GET3,-0.3127045887901001,0.0021509217298227856,0.029094289951406012,True
Macro_dividing,neg,5,C11orf98,-0.3044181306397661,0.0028534940229314465,0.03536402330445127,True
Macro_int,pos,1,ISYNA1,0.5319305013699137,3.445573582006034e-08,7.934337397680194e-06,True
Macro_int,pos,2,GFUS,0.5257699514848442,5.2808072581456145e-08,1.0896752194692186e-05,True
Macro_int,pos,3,UCHL3,0.5102478746201244,1.492590713247921e-07,2.3737525107459068e-05,True
Macro_int,pos,4,GPI,0.5049423744939744,2.1042655373726404e-07,3.037429873513131e-05,True
Macro_int,pos,5,P4HA1,0.4994786705092444,2.979141717762701e-07,3.946623020940783e-05,True
Macro_int,neg,1,IL16,-0.5019807613511166,2.5425626115627153e-07,3.501826010737182e-05,True
Macro_int,neg,2,MYO1G,-0.49027660296324604,5.278753543169756e-07,6.094693841532284e-05,True
Macro_int,neg,3,PTPN6,-0.49018567436584404,5.308236226131413e-07,6.112337368617496e-05,True
Macro_int,neg,4,ARHGAP4,-0.4856121638059562,7.009993132633952e-07,7.542697344400858e-05,True
Macro_int,neg,5,PITPNM1,-0.48482004088591,7.352870201593475e-07,7.813068961183328e-05,True
Macro_CCL,pos,1,MRI1,0.488300812473481,5.955715010053098e-07,6.661769919329436e-05,True
Macro_CCL,pos,2,EPPK1,0.4809238695380062,9.283505739698938e-07,9.283214425335952e-05,True
Macro_CCL,pos,3,COLGALT1,0.47896186788714906,1.0428701839870769e-06,0.00010123279014516766,True
Macro_CCL,pos,4,ISYNA1,0.4702246325305799,1.7355268311369798e-06,0.0001474379787450483,True
Macro_CCL,pos,5,PLOD1,0.45232770672500167,4.719661315988333e-06,0.0003170912490838504,True
Macro_CCL,neg,1,IRF9,-0.4071065351017414,4.65941299638839e-05,0.0017709274700965973,True
Macro_CCL,neg,2,FRMD8,-0.3860398757918138,0.00012164042221840532,0.003621087628474197,True
Macro_CCL,neg,3,PITPNM1,-0.3853970722392841,0.00012512904689687687,0.0036975389398524127,True
Macro_CCL,neg,4,ARHGDIB,-0.37927331156841554,0.000163337327145463,0.004494775799569464,True
Macro_CCL,neg,5,C11orf98,-0.3723417262692865,0.00021946052548926787,0.0055932827042070995,True
Mast_cell,pos,1,ANPEP,0.49003777021154354,5.356526440181142e-07,6.154652571378359e-05,True
Mast_cell,pos,2,CNN3,0.47338271629865025,1.446046175024307e-06,0.00012875023674235113,True
Mast_cell,pos,3,MRI1,0.46968123779389326,1.7905553624242287e-06,0.00015126711997490475,True
Mast_cell,pos,4,PLS3,0.4473236244305715,6.1811406155687365e-06,0.00039079247759864227,True
Mast_cell,pos,5,SORBS3,0.4419315800241213,8.227283901929283e-06,0.00048437009092037586,True
Mast_cell,neg,1,C11orf98,-0.4205228814368102,2.4433884281638285e-05,0.00108905686069636,True
Mast_cell,neg,2,IRF9,-0.4176967683560003,2.8056941031584515e-05,0.0012065135952503921,True
Mast_cell,neg,3,CMTR1,-0.4015926689547524,6.0273578024405694e-05,0.0021461291239840627,True
Mast_cell,neg,4,FRMD8,-0.37576524099310527,0.0001898285644363895,0.005027638443869463,True
Mast_cell,neg,5,TRIM14,-0.3711297874739707,0.00023093537617602244,0.005792754971197843,True
Megakaryocyte,pos,1,DDX6,0.45505930885158624,4.0660501048339626e-06,0.0002826905227180643,True
Megakaryocyte,pos,2,SORBS3,0.43209786882428053,1.3689040095243854e-05,0.0007102812225263646,True
Megakaryocyte,pos,3,MRI1,0.39380572942086334,8.604050193405932e-05,0.0027989604843797794,True
Megakaryocyte,pos,4,EPPK1,0.3900155652169496,0.00010199082706630058,0.003176816569545751,True
Megakaryocyte,pos,5,NUP133,0.3850059793172054,0.0001272967330367969,0.0037443386259517954,True
Megakaryocyte,neg,1,LAP3,-0.4768206638413951,1.1830576129856496e-06,0.00011146615724044504,True
Megakaryocyte,neg,2,LDHB,-0.4169941926682243,2.903254146335854e-05,0.0012371387380884693,True
Megakaryocyte,neg,3,GBP1,-0.4070937516600515,4.662218995421519e-05,0.0017717920011777425,True
Megakaryocyte,neg,4,TRIM14,-0.3816754702003577,0.00014721784800597604,0.004168151417093712,True
Megakaryocyte,neg,5,FRMD8,-0.3720102417934749,0.00022254561673551443,0.005651607802306925,True
Mesothelia,pos,1,AHCY,0.6367868849236795,5.240918810045514e-12,1.9858317818427004e-08,True
Mesothelia,pos,2,NME2,0.6011377066812313,1.491586854029947e-10,1.7826334071962204e-07,True
Mesothelia,pos,3,USP5,0.6001307917763449,1.6298162819339268e-10,1.8421896306713508e-07,True
Mesothelia,pos,4,GFUS,0.5913214558794251,3.4934788395446503e-10,3.0547706158689715e-07,True
Mesothelia,pos,5,LDHB,0.5902319557990526,3.832831829697625e-10,3.2875477659229413e-07,True
Mesothelia,neg,1,HBA1,-0.6624016471665383,3.568256801145253e-13,3.5015880391309856e-09,True
Mesothelia,neg,2,HBB,-0.6363318041982495,5.484945830858123e-12,2.0321114864903695e-08,True
Mesothelia,neg,3,SH3BP1,-0.608429354516779,7.778089283760892e-11,1.1788754958078326e-07,True
Mesothelia,neg,4,LMNB1,-0.6039265235939136,1.165039176242999e-10,1.542361148146541e-07,True
Mesothelia,neg,5,CUTC,-0.6027911586009403,1.2887002576178475e-10,1.6276674768942995e-07,True
Macrophage_intermediate,pos,1,UCHL3,0.5655649730664922,2.860642833724114e-09,1.3140604094292595e-06,True
Macrophage_intermediate,pos,2,ISYNA1,0.5414038693338886,1.7570392252252987e-08,4.841877349248955e-06,True
Macrophage_intermediate,pos,3,EPPK1,0.5238128653049939,6.037301258920991e-08,1.2004041334374568e-05,True
Macrophage_intermediate,pos,4,CPQ,0.5234262227375323,6.198494006959265e-08,1.22003570036676e-05,True
Macrophage_intermediate,pos,5,GFUS,0.515367436867342,1.0655857418662151e-07,1.8428885361404088e-05,True
Macrophage_intermediate,neg,1,PITPNM1,-0.511390343312972,1.3851243552132075e-07,2.24638066635356e-05,True
Macrophage_intermediate,neg,2,IL16,-0.5031952389031862,2.3532569692896743e-07,3.292782223415648e-05,True
Macrophage_intermediate,neg,3,PTPN6,-0.4881098949962543,6.025319725377898e-07,6.717093310698783e-05,True
Macrophage_intermediate,neg,4,MYO1G,-0.4848455242464733,7.341596408583229e-07,7.803576367478456e-05,True
Macrophage_intermediate,neg,5,ARHGAP4,-0.4811114532060142,9.180484326076765e-07,9.200903798277837e-05,True
Monocyte_CD14,pos,1,COLGALT1,0.5072858666134767,1.8093676446007123e-07,2.7373663675846712e-05,True
Monocyte_CD14,pos,2,ISYNA1,0.4969043653665206,3.502087200235593e-07,4.445131161197397e-05,True
Monocyte_CD14,pos,3,PLOD1,0.4763079787943819,1.2191756730839387e-06,0.00011403139871896452,True
Monocyte_CD14,pos,4,P4HA1,0.4573608078839504,3.582557835501987e-06,0.0002566547187354981,True
Monocyte_CD14,pos,5,MRI1,0.45679340592697,3.696449107915001e-06,0.00026202040615288646,True
Monocyte_CD14,neg,1,IRF9,-0.40433818847616765,5.305246850673129e-05,0.0019518600615660718,True
Monocyte_CD14,neg,2,C11orf98,-0.38927074159081576,0.00010543149750619207,0.0032563059029700526,True
Monocyte_CD14,neg,3,PITPNM1,-0.3849375316037396,0.0001276796740725672,0.0037503092426670903,True
Monocyte_CD14,neg,4,SELENOH,-0.38417523439299445,0.00013201723251321518,0.003846500120177074,True
Monocyte_CD14,neg,5,ROCK1,-0.3764704670978955,0.0001842036829795557,0.004916029778509929,True
Monocyte_CD16,pos,1,ISYNA1,0.5391399048131031,2.0677594303464275e-08,5.498195410324663e-06,True
Monocyte_CD16,pos,2,UCHL3,0.5190854088589648,8.313562616102388e-08,1.5032940990852387e-05,True
Monocyte_CD16,pos,3,PLOD1,0.5184632680679958,8.667935835759977e-08,1.55419742701228e-05,True
Monocyte_CD16,pos,4,EPPK1,0.5121730426364965,1.3157927791773716e-07,2.1549014945427443e-05,True
Monocyte_CD16,pos,5,MRI1,0.5006091377062583,2.7737404173500124e-07,3.729235933550038e-05,True
Monocyte_CD16,neg,1,PITPNM1,-0.4790175618095261,1.0394426870341533e-06,0.00010101771191042496,True
Monocyte_CD16,neg,2,IRF9,-0.4475266515757661,6.114362326226086e-06,0.0003874295116253113,True
Monocyte_CD16,neg,3,IL16,-0.4462872787335533,6.53283509199909e-06,0.00040847712674088013,True
Monocyte_CD16,neg,4,PTPN6,-0.4368485049977641,1.072529285406354e-05,0.000592191033160945,True
Monocyte_CD16,neg,5,ARHGDIB,-0.43674045273434114,1.0785418272929448e-05,0.0005944280775083628,True
Muscle_airway,pos,1,ATP2A3,0.6255978432798482,1.5697221300570163e-11,4.187265176369692e-08,True
Muscle_airway,pos,2,OGN,0.6206478445782273,2.515165853367307e-11,5.9060345221605274e-08,True
Muscle_airway,pos,3,ADD3,0.6181604223353939,3.1776137277006455e-11,6.739603759771579e-08,True
Muscle_airway,pos,4,H1-3,0.6155298983217855,4.05984135198878e-11,8.135240941310749e-08,True
Muscle_airway,pos,5,IQGAP2,0.6119189136883209,5.6621818345092834e-11,9.731947994323584e-08,True
Muscle_airway,neg,1,NUDCD1,-0.6341620700451537,6.80611123016206e-12,2.3535100466425628e-08,True
Muscle_airway,neg,2,FASN,-0.6042490314491208,1.1320455683971886e-10,1.5344279444160918e-07,True
Muscle_airway,neg,3,FXR1,-0.6019372415381278,1.389919290772923e-10,1.7304776927520133e-07,True
Muscle_airway,neg,4,FKBP4,-0.5984745805634014,1.8843393512213424e-10,2.0073933331349663e-07,True
Muscle_airway,neg,5,CDK1,-0.5872019412328583,4.951170584632791e-10,3.940139187923527e-07,True
Muscle_pericyte_airway,pos,1,LDHB,0.5755347675048751,1.295199947293213e-09,7.510808181312155e-07,True
Muscle_pericyte_airway,pos,2,NME2,0.5133320407604632,1.219162535370799e-07,2.0325877789701964e-05,True
Muscle_pericyte_airway,pos,3,PEA15,0.47523388058062527,1.29825450900789e-06,0.00011892581963834914,True
Muscle_pericyte_airway,pos,4,PFN2,0.4382961637419048,9.949508587681066e-06,0.0005588888381867209,True
Muscle_pericyte_airway,pos,5,TPI1,0.4349706586067953,1.1816393761021615e-05,0.0006360578551423885,True
Muscle_pericyte_airway,neg,1,HBA1,-0.49467120597258185,4.025232245297161e-07,4.963659171123837e-05,True
Muscle_pericyte_airway,neg,2,HBB,-0.453408681755791,4.449987057508764e-06,0.0003026935300807267,True
Muscle_pericyte_airway,neg,3,LMNB1,-0.4355126777608415,1.1491212369652004e-05,0.0006231305663582313,True
Muscle_pericyte_airway,neg,4,H3-5,-0.4299577561388721,1.5261303523139702e-05,0.0007670679901651647,True
Muscle_pericyte_airway,neg,5,EML4,-0.4204291432592705,2.454668454654474e-05,0.0010932077594764094,True
Muscle_pericyte_parenchyma,pos,1,COLGALT1,0.5060261721537727,1.9626170377762264e-07,2.8892495588349002e-05,True
Muscle_pericyte_parenchyma,pos,2,MRI1,0.5030165899284127,2.3802380844095694e-07,3.323561921547432e-05,True
Muscle_pericyte_parenchyma,pos,3,ENO1,0.4784505477896852,1.0748415231187636e-06,0.00010361236122252689,True
Muscle_pericyte_parenchyma,pos,4,EPPK1,0.4714325205952138,1.618877056186463e-06,0.00014020736769215954,True
Muscle_pericyte_parenchyma,pos,5,PLOD1,0.47127237284146684,1.6339053057201625e-06,0.0001410692348884855,True
Muscle_pericyte_parenchyma,neg,1,IRF9,-0.37014058955674645,0.00024070901182549065,0.005965218350285515,True
Muscle_pericyte_parenchyma,neg,2,BAZ1B,-0.36930503654868246,0.000249260414575847,0.006118875544076476,True
Muscle_pericyte_parenchyma,neg,3,FRMD8,-0.36239405362330956,0.0003315049045184981,0.007548794329211775,True
Muscle_pericyte_parenchyma,neg,4,ROCK1,-0.36173424463273224,0.0003405401053730994,0.007694632563231434,True
Muscle_pericyte_parenchyma,neg,5,PITPNM1,-0.35965964198502764,0.0003704458981339531,0.008173193957108802,True
Muscle_perivascular_immune_recruiting,pos,1,NME2,0.5362373187463201,2.54336254279508e-08,6.3450447779898795e-06,True
Muscle_perivascular_immune_recruiting,pos,2,AHCY,0.5350972607183709,2.7573417327175775e-08,6.76159160045382e-06,True
Muscle_perivascular_immune_recruiting,pos,3,SLIRP,0.5269748993796457,4.860935898243213e-08,1.0258420670317828e-05,True
Muscle_perivascular_immune_recruiting,pos,4,PUS7,0.5068034361435849,1.866663110750011e-07,2.7873719106515165e-05,True
Muscle_perivascular_immune_recruiting,pos,5,GFUS,0.4992959319344851,3.0136713702333395e-07,3.978141653565339e-05,True
Muscle_perivascular_immune_recruiting,neg,1,HBA1,-0.5983301275314209,1.9082646574020146e-10,2.0088504571684768e-07,True
Muscle_perivascular_immune_recruiting,neg,2,HBB,-0.5576806939615768,5.255762935973962e-09,2.014296274882275e-06,True
Muscle_perivascular_immune_recruiting,neg,3,NFKB1,-0.5449612614382203,1.3570654378014524e-08,4.06193805727573e-06,True
Muscle_perivascular_immune_recruiting,neg,4,CA1,-0.5411023347305506,1.7956864439838682e-08,4.92396124902945e-06,True
Muscle_perivascular_immune_recruiting,neg,5,CELF2,-0.5378176349661844,2.27280843034805e-08,5.89762835031326e-06,True
Muscle_smooth_pulmonary,pos,1,OGN,0.6453946830486087,2.185140957067233e-12,1.19703254488111e-08,True
Muscle_smooth_pulmonary,pos,2,IQGAP2,0.6313937595895431,8.941958284935936e-12,2.7607468245639248e-08,True
Muscle_smooth_pulmonary,pos,3,ADD3,0.6296707419275233,1.0583312004541767e-11,3.179188788103069e-08,True
Muscle_smooth_pulmonary,pos,4,ATP2A3,0.6291544839081347,1.1129097643447494e-11,3.3105716555539913e-08,True
Muscle_smooth_pulmonary,pos,5,PTK2B,0.6139357781559455,4.704525657928116e-11,8.741814225585485e-08,True
Muscle_smooth_pulmonary,neg,1,NUDCD1,-0.6428233710259886,2.8461677459290513e-12,1.3180919072258096e-08,True
Muscle_smooth_pulmonary,neg,2,FKBP4,-0.6125679222655366,5.335221153757175e-11,9.462639050578683e-08,True
Muscle_smooth_pulmonary,neg,3,FXR1,-0.6060379613311815,9.647238563559313e-11,1.3925433881529078e-07,True
Muscle_smooth_pulmonary,neg,4,FASN,-0.6013395916977452,1.4652612456700354e-10,1.7702054701312195e-07,True
Muscle_smooth_pulmonary,neg,5,CDK1,-0.598863877263929,1.8212875652068305e-10,1.9590004056211792e-07,True
Muscle_smooth_syst_arterial,pos,1,ADD3,0.6546076866997413,8.304468224196171e-13,6.656418485190009e-09,True
Muscle_smooth_syst_arterial,pos,2,ATP2A3,0.6545158032612712,8.384404281969182e-13,6.656418485190009e-09,True
Muscle_smooth_syst_arterial,pos,3,H1-3,0.6500599818728425,1.3442580382161395e-12,9.165670671420081e-09,True
Muscle_smooth_syst_arterial,pos,4,OGN,0.6451228580994031,2.247313446446242e-12,1.19703254488111e-08,True
Muscle_smooth_syst_arterial,pos,5,IQGAP2,0.644948012347925,2.2883916983573727e-12,1.19703254488111e-08,True
Muscle_smooth_syst_arterial,neg,1,NUDCD1,-0.6649161264494768,2.7000623958883807e-13,3.2153885903036486e-09,True
Muscle_smooth_syst_arterial,neg,2,FKBP4,-0.6447582430282313,2.333466753157154e-12,1.19703254488111e-08,True
Muscle_smooth_syst_arterial,neg,3,FASN,-0.6381312718826697,4.579892021183696e-12,1.9088989944293644e-08,True
Muscle_smooth_syst_arterial,neg,4,FXR1,-0.6231895770190657,1.9764412328981962e-11,4.955071915019357e-08,True
Muscle_smooth_syst_arterial,neg,5,OPLAH,-0.6149224961903517,4.294764543999463e-11,8.288740799839564e-08,True
Myoepithelial,pos,1,SF3B3,0.4870660343305079,6.419728848516826e-07,7.041428905425824e-05,True
Myoepithelial,pos,2,PHB1,0.4732271268618485,1.4591672885533313e-06,0.0001295900208766805,True
Myoepithelial,pos,3,DSG2,0.4695138266364586,1.8078382937325443e-06,0.00015233904489820053,True
Myoepithelial,pos,4,DDX39B,0.4622443081971936,2.730250950877533e-06,0.00020908931489678563,True
Myoepithelial,pos,5,HSPA1L,0.4594925114768482,3.183555999486387e-06,0.00023417712606855083,True
Myoepithelial,neg,1,HBA1,-0.5227530051740088,6.48899165511807e-08,1.2623625306199355e-05,True
Myoepithelial,neg,2,VIM,-0.5073502472893554,1.801849178750814e-07,2.727229188210038e-05,True
Myoepithelial,neg,3,HBB,-0.506146507427275,1.9474608992098297e-07,2.8745522896526144e-05,True
Myoepithelial,neg,4,PPP1R9B,-0.5052797028859057,2.05916851792054e-07,2.9930651726914772e-05,True
Myoepithelial,neg,5,CA1,-0.5005476739715323,2.784553347900953e-07,3.736483736277418e-05,True
NAF_endoneurial,pos,1,H2AC25;H2AC4;H2AC6,0.5700086370368572,2.0160282332426505e-09,1.027866137756008e-06,True
NAF_endoneurial,pos,2,EHD2,0.5607903880254205,4.142522547212479e-09,1.6763139783283121e-06,True
NAF_endoneurial,pos,3,VWF,0.5571507274456939,5.4720110664874255e-09,2.0733947386472353e-06,True
NAF_endoneurial,pos,4,H3-5,0.5557630759283786,6.079293513039374e-09,2.252310698875388e-06,True
NAF_endoneurial,pos,5,H2BC26,0.5549657697649478,6.456842172042343e-09,2.3478401895810237e-06,True
NAF_endoneurial,neg,1,NUDCD1,-0.5400971438649028,1.9304685183740844e-08,5.212108686369674e-06,True
NAF_endoneurial,neg,2,FKBP4,-0.5367672581025695,2.4493818751025742e-08,6.177926569093815e-06,True
NAF_endoneurial,neg,3,PFN2,-0.5281151777817635,4.4930517528740666e-08,9.678056695596439e-06,True
NAF_endoneurial,neg,4,ASS1,-0.519029318963916,8.344936919257862e-08,1.5073324844839336e-05,True
NAF_endoneurial,neg,5,NAXE,-0.5127722471349652,1.2649597191938255e-07,2.0922032180951843e-05,True
NAF_perineurial,pos,1,ADD3,0.6511745022987255,1.1954881529163686e-12,8.858301549076309e-09,True
NAF_perineurial,pos,2,ATP2A3,0.6275154381358623,1.3047563029999765e-11,3.5955201791100173e-08,True
NAF_perineurial,pos,3,OGN,0.6237207105456926,1.878852629033645e-11,4.782325348282279e-08,True
NAF_perineurial,pos,4,H1-10,0.6161825298434029,3.821210015075849e-11,7.722086469253886e-08,True
NAF_perineurial,pos,5,PTK2B,0.6121686376454823,5.53415091530951e-11,9.66129466597279e-08,True
NAF_perineurial,neg,1,NUDCD1,-0.6232514174385988,1.964828300060617e-11,4.955071915019357e-08,True
NAF_perineurial,neg,2,FKBP4,-0.6194900589142043,2.805022880636443e-11,6.277227042412185e-08,True
NAF_perineurial,neg,3,FASN,-0.6149988933589595,4.264522068808674e-11,8.288740799839564e-08,True
NAF_perineurial,neg,4,FXR1,-0.5828977454419968,7.090841247503477e-10,4.988122585585568e-07,True
NAF_perineurial,neg,5,OPLAH,-0.5768969681720035,1.159897511371355e-09,6.964658876157262e-07,True
NK_CD16hi,pos,1,EPPK1,0.5374677950381995,2.3302232809996326e-08,5.988211705208149e-06,True
NK_CD16hi,pos,2,MRI1,0.521868655898836,6.890344828036632e-08,1.3193399361345182e-05,True
NK_CD16hi,pos,3,DDX6,0.47620170928213473,1.226791623398782e-06,0.0001145509378062419,True
NK_CD16hi,pos,4,UCHL3,0.47327037086569096,1.4555091985002377e-06,0.00012941999657277849,True
NK_CD16hi,pos,5,ENO1,0.4719144805342557,1.5744343553336648e-06,0.0001370703371912421,True
NK_CD16hi,neg,1,ARHGDIB,-0.42773321751239635,1.7074017798490715e-05,0.0008333080349427319,True
NK_CD16hi,neg,2,LAP3,-0.42104797684443895,2.381092358816339e-05,0.0010659451881232433,True
NK_CD16hi,neg,3,IRF9,-0.4058254904015902,4.948573020802094e-05,0.0018517026013424422,True
NK_CD16hi,neg,4,TRIM14,-0.3897209166224443,0.00010333928537908932,0.003206835860102703,True
NK_CD16hi,neg,5,PSME2,-0.38682945672205715,0.00011747865503264343,0.0035360247999715313,True
NKT,pos,1,EPPK1,0.5067469449709284,1.8734839279943571e-07,2.7923892972773623e-05,True
NKT,pos,2,MRI1,0.506597346875751,1.8916612209984862e-07,2.810853464927519e-05,True
NKT,pos,3,ISYNA1,0.4879463657282207,6.085551642609488e-07,6.758973126269634e-05,True
NKT,pos,4,ENO1,0.48372719683154825,7.852073251601865e-07,8.220393422336346e-05,True
NKT,pos,5,COLGALT1,0.4828959771724439,8.25308545504555e-07,8.554270482220666e-05,True
NKT,neg,1,IRF9,-0.42051833815139805,2.4439340263304743e-05,0.0010891544530067271,True
NKT,neg,2,PITPNM1,-0.4158035155513188,3.0758670436670243e-05,0.001294237628025864,True
NKT,neg,3,ARHGDIB,-0.39937970882807433,6.674930656425104e-05,0.002315049800372776,True
NKT,neg,4,ROCK1,-0.39073474362707966,9.876779379625056e-05,0.003103678556537724,True
NKT,neg,5,TAOK3,-0.3866161868239032,0.00011858955683186068,0.0035588607533089396,True
NK_CD11d,pos,1,EPPK1,0.5353270491138175,2.7128757018601846e-08,6.705569118074573e-06,True
NK_CD11d,pos,2,MRI1,0.5129690953898038,1.2486719458415507e-07,2.0729451329671286e-05,True
NK_CD11d,pos,3,DDX6,0.49892679854561667,3.084584043744343e-07,4.0493059194728885e-05,True
NK_CD11d,pos,4,SORBS3,0.46544757399449777,2.279369137880849e-06,0.0001820874090404864,True
NK_CD11d,pos,5,UCHL3,0.4544838601926691,4.196208882589758e-06,0.0002895662023614919,True
NK_CD11d,neg,1,LAP3,-0.4800732762903299,9.764542125978437e-07,9.621421177559841e-05,True
NK_CD11d,neg,2,ARHGDIB,-0.4310078926440683,1.4469772664948977e-05,0.000737737155565839,True
NK_CD11d,neg,3,PSME2,-0.41701833302161784,2.8998500475774236e-05,0.0012361654970965696,True
NK_CD11d,neg,4,TRIM14,-0.39601635189105283,7.784131808907802e-05,0.0025978790014635346,True
NK_CD11d,neg,5,FRMD8,-0.39533372597766453,8.02921775258092e-05,0.0026554873709785575,True
NK_CD56bright,pos,1,EPPK1,0.48803422805186075,6.053119172566568e-07,6.736822619828426e-05,True
NK_CD56bright,pos,2,MRI1,0.48306080833247145,8.172054135613394e-07,8.491112733890257e-05,True
NK_CD56bright,pos,3,DDX6,0.471016757051487,1.6581657857894783e-06,0.00014268356119061771,True
NK_CD56bright,pos,4,SORBS3,0.46031280666885177,3.041495716393783e-06,0.00022627316637089312,True
NK_CD56bright,pos,5,ACAT2,0.4301616111383173,1.5104543183985797e-05,0.0007611393198229143,True
NK_CD56bright,neg,1,LAP3,-0.4598317851680489,3.1240572819779544e-06,0.00023097243017798871,True
NK_CD56bright,neg,2,FRMD8,-0.4156398262022251,3.10033342989513e-05,0.0013011644793760003,True
NK_CD56bright,neg,3,LDHB,-0.3713678294946821,0.00022863876396161942,0.005754193482931721,True
NK_CD56bright,neg,4,ARHGDIB,-0.37049446123125956,0.00023716961268882564,0.0059011891392405065,True
NK_CD56bright,neg,5,PSME2,-0.3699856387796522,0.00024227410713906217,0.005993652539703571,True
Neuroendocrine,pos,1,DDX6,0.5003060140032989,2.8274564356500775e-07,3.783254710686845e-05,True
Neuroendocrine,pos,2,TMED1,0.4402360331243588,8.99234879914168e-06,0.0005180388361412927,True
Neuroendocrine,pos,3,THEM6,0.41663114549908564,2.9549010767571104e-05,0.0012536004703601448,True
Neuroendocrine,pos,4,EPPK1,0.41407066852596053,3.3442794875382376e-05,0.0013787296641008283,True
Neuroendocrine,pos,5,SEPTIN10,0.41008082211393865,4.047695705189369e-05,0.0015932554715404471,True
Neuroendocrine,neg,1,LAP3,-0.5641549280186354,3.193135533763325e-09,1.4073471162729956e-06,True
Neuroendocrine,neg,2,GBP1,-0.5096942556001214,1.5474753478628145e-07,2.427966660903561e-05,True
Neuroendocrine,neg,3,PSME2,-0.4397073223996227,9.244267662911199e-06,0.000527809693411149,True
Neuroendocrine,neg,4,WARS1,-0.43141072978972195,1.4176485559014296e-05,0.0007272318991996502,True
Neuroendocrine,neg,5,STAT1,-0.42500197284145497,1.957563696919351e-05,0.00091959712468412,True
SMG_Basal,pos,1,CCAR2,0.40540959248819586,5.04599073891665e-05,0.001879038661611192,True
SMG_Basal,pos,2,DAZAP1,0.3754210069137733,0.000192631454286607,0.005083177597129332,True
SMG_Basal,pos,3,XPO7,0.3676020805721505,0.0002675632489941293,0.006450458372106317,True
SMG_Basal,pos,4,NUP160,0.34806039444103254,0.0005869663516091528,0.011448178537702147,True
SMG_Basal,pos,5,H2AC25;H2AC4;H2AC6,0.3358311472366731,0.0009359732981950586,0.016105425562501826,True
SMG_Basal,neg,1,YWHAH,-0.4536290356021408,4.39682645247963e-06,0.00029987273722945545,True
SMG_Basal,neg,2,GBP1,-0.383926146656604,0.00013346390921897822,0.0038744737846052664,True
SMG_Basal,neg,3,SLC27A3,-0.37575979272390064,0.00018987263124636833,0.005027638443869463,True
SMG_Basal,neg,4,LAP3,-0.37530663636135636,0.00019357113710882778,0.005097887999176016,True
SMG_Basal,neg,5,WARS1,-0.37265276275365516,0.00021660169815773678,0.005538200309310309,True
SMG_Duct,pos,1,AHCY,0.6036472527881807,1.1943535049852017e-10,1.5617460105971203e-07,True
SMG_Duct,pos,2,SPR,0.6031757105324997,1.2454659525928946e-10,1.5938296273955231e-07,True
SMG_Duct,pos,3,DSG2,0.590265227154137,3.8220160369917267e-10,3.2875477659229413e-07,True
SMG_Duct,pos,4,PAFAH1B3,0.5829966396135615,7.032976423460013e-10,4.978929211546723e-07,True
SMG_Duct,pos,5,GFUS,0.5765462160479337,1.1933800614372103e-09,7.093059673540524e-07,True
SMG_Duct,neg,1,HBA1,-0.6644127854044937,2.857714065385153e-13,3.2857799240069843e-09,True
SMG_Duct,neg,2,SH3BP1,-0.6636732061258928,3.099742684753437e-13,3.4452606693472867e-09,True
SMG_Duct,neg,3,PPP1R18,-0.645967635166437,2.0594637106796654e-12,1.1839785856707374e-08,True
SMG_Duct,neg,4,NFKB1,-0.6422886425704128,3.005817816870149e-12,1.3729587573386061e-08,True
SMG_Duct,neg,5,HBB,-0.6384569886290653,4.43223235890855e-12,1.870738680701857e-08,True
SMG_Mucous,pos,1,DDX6,0.4661432376217873,2.191219496516794e-06,0.00017708197501661654,True
SMG_Mucous,pos,2,UCHL3,0.45545591443566813,3.97856843958877e-06,0.0002779995516547526,True
SMG_Mucous,pos,3,PHB2,0.44140289831245483,8.459010546024714e-06,0.00049431694294891,True
SMG_Mucous,pos,4,DSG2,0.43844761606963895,9.871465977084881e-06,0.0005553469909565013,True
SMG_Mucous,pos,5,TJP1,0.431763497958079,1.3924239548268602e-05,0.0007177150154544261,True
SMG_Mucous,neg,1,LAP3,-0.5655628925390661,2.861108017171432e-09,1.3140604094292595e-06,True
SMG_Mucous,neg,2,STOM,-0.4681533373682406,1.9542531104477234e-06,0.0001624597749059309,True
SMG_Mucous,neg,3,PSME2,-0.4570610415371305,3.6423093734416767e-06,0.00025967321733598306,True
SMG_Mucous,neg,4,GBP1,-0.44944536882984987,5.515935120437021e-06,0.00035678630583094477,True
SMG_Mucous,neg,5,VIM,-0.44458810229557094,7.150498448016407e-06,0.0004356012187243211,True
SMG_Serous,pos,1,AHCY,0.6133550045192523,4.963007782521345e-11,8.973152464907774e-08,True
SMG_Serous,pos,2,SLC25A13,0.578639125042822,1.0065055455754646e-09,6.344219454001568e-07,True
SMG_Serous,pos,3,SPR,0.5755883618489193,1.289601980758448e-09,7.492846035769084e-07,True
SMG_Serous,pos,4,DSG2,0.5662210662128617,2.7174866801260578e-09,1.2654311172391724e-06,True
SMG_Serous,pos,5,TARS2,0.5650658905340468,2.9743463247910995e-09,1.3438564207836641e-06,True
SMG_Serous,neg,1,HBA1,-0.680662108068408,4.463096558993129e-14,8.678963720538175e-10,True
SMG_Serous,neg,2,TLN1,-0.6477466201308142,1.7121859485769164e-12,1.0380205139881582e-08,True
SMG_Serous,neg,3,HBB,-0.6473825699648202,1.7783552408445757e-12,1.046281657803966e-08,True
SMG_Serous,neg,4,PPP1R18,-0.6372905970096274,4.983125023727553e-12,1.9547920093079003e-08,True
SMG_Serous,neg,5,SH3BP1,-0.6343193003400719,6.700862087427595e-12,2.3535100466425628e-08,True
Schwann_Myelinating,pos,1,DDX6,0.4715468146190499,1.6082317171317584e-06,0.00013957542523696344,True
Schwann_Myelinating,pos,2,UCHL3,0.4290015364146332,1.601718971033783e-05,0.0007944030547397064,True
Schwann_Myelinating,pos,3,HSPA1L,0.4258480962748855,1.876614507345664e-05,0.000893401401098427,True
Schwann_Myelinating,pos,4,EPPK1,0.42314849371846996,2.1464529870396376e-05,0.0009865103845602989,True
Schwann_Myelinating,pos,5,YAP1,0.41894664515678265,2.6396712600185168e-05,0.0011520575719117464,True
Schwann_Myelinating,neg,1,LAP3,-0.5181186134887709,8.87039519614774e-08,1.5825278620671495e-05,True
Schwann_Myelinating,neg,2,PSME2,-0.48320622674617003,8.101192316978256e-07,8.42564431120783e-05,True
Schwann_Myelinating,neg,3,GBP1,-0.45892588489143876,3.2853153160150583e-06,0.0002399157991616428,True
Schwann_Myelinating,neg,4,TRIM14,-0.42474294030550985,1.9829920213654262e-05,0.0009274917374163104,True
Schwann_Myelinating,neg,5,STAT1,-0.4164792808427237,2.9767589813101125e-05,0.001261207769667146,True
Schwann_nonmyelinating,pos,1,MYH11,0.499843120995301,2.9113949384651505e-07,3.8753514103066656e-05,True
Schwann_nonmyelinating,pos,2,TNS1,0.45247655591485225,4.681634540038004e-06,0.00031504424238754233,True
Schwann_nonmyelinating,pos,3,MYL12A;MYL12B,0.4473777063855448,6.163285605431668e-06,0.00038988540168376684,True
Schwann_nonmyelinating,pos,4,SUN2,0.44590310419643603,6.667927041403843e-06,0.000414340960247055,True
Schwann_nonmyelinating,pos,5,MYH9,0.4368731380346396,1.0711629985005189e-05,0.0005915345979132378,True
Schwann_nonmyelinating,neg,1,PPAT,-0.46504072972033794,2.332462393228596e-06,0.00018567953440599248,True
Schwann_nonmyelinating,neg,2,LDHB,-0.42096437701581796,2.390909947158626e-05,0.0010690961684062924,True
Schwann_nonmyelinating,neg,3,NELFCD,-0.41728255831754374,2.8628340168479482e-05,0.0012246098455135086,True
Schwann_nonmyelinating,neg,4,PMVK,-0.40066454529627876,6.291481158293699e-05,0.0022159411401937792,True
Schwann_nonmyelinating,neg,5,FABP7,-0.3983921756732735,6.984315237401617e-05,0.002397416175374918,True
Secretory_Club,pos,1,NUP98,0.41013013295734213,4.038216657664684e-05,0.001590483064412606,True
Secretory_Club,pos,2,DDX6,0.3866250471620699,0.00011854321092452658,0.0035577901215728303,True
Secretory_Club,pos,3,EPPK1,0.3854891914674358,0.00012462346734221086,0.0036871738199278433,True
Secretory_Club,pos,4,PDK3,0.38538738574965714,0.0001251823197574442,0.0036985538949541284,True
Secretory_Club,pos,5,SORBS3,0.3765140454203381,0.00018386120906810355,0.004908854315931495,True
Secretory_Club,neg,1,LAP3,-0.5569394254075279,5.560582660990576e-09,2.0996047980106227e-06,True
Secretory_Club,neg,2,GSTK1,-0.43624822761048543,1.1063342438388801e-05,0.0006051445050289308,True
Secretory_Club,neg,3,GLO1,-0.43369534873925963,1.2615897594603354e-05,0.000669102098607371,True
Secretory_Club,neg,4,NIBAN1,-0.4080564067398763,4.455264698233208e-05,0.0017118730824831536,True
Secretory_Club,neg,5,PSME1,-0.4054028615702389,5.047581952588587e-05,0.001879038661611192,True
Secretory_Goblet,pos,1,CCAR2,0.43295616696377065,1.3102252502950051e-05,0.0006877853889153424,True
Secretory_Goblet,pos,2,NUP98,0.3795093606232724,0.00016168385325543433,0.004462163882593281,True
Secretory_Goblet,pos,3,NUP133,0.3783088658843483,0.0001702569504005158,0.004639247980840728,True
Secretory_Goblet,pos,4,PURA,0.36895616900950995,0.00025291310283748203,0.006179931482495237,True
Secretory_Goblet,pos,5,RBM10,0.36231591017907716,0.00033256333666376037,0.007566695256033044,True
Secretory_Goblet,neg,1,PEA15,-0.5136846201116552,1.1911321418089926e-07,2.0069282534855507e-05,True
Secretory_Goblet,neg,2,LDHB,-0.4833563330530475,8.028656743874762e-07,8.358024678980957e-05,True
Secretory_Goblet,neg,3,LAP3,-0.4812727897300879,9.092744659433549e-07,9.140442506003988e-05,True
Secretory_Goblet,neg,4,GLO1,-0.4582430561468683,3.41201934972446e-06,0.00024721941155413384,True
Secretory_Goblet,neg,5,YWHAH,-0.4505163657764684,5.206339249053116e-06,0.0003418943911094258,True
Suprabasal,pos,1,CCAR2,0.4897133025321476,5.463927272852942e-07,6.243632316175754e-05,True
Suprabasal,pos,2,DLST,0.4697489437721818,1.7836100776325026e-06,0.00015083107894643208,True
Suprabasal,pos,3,H3-5,0.46569311047219086,2.247880951600223e-06,0.00018026296885559844,True
Suprabasal,pos,4,PDCD4,0.43190326709865573,1.382546734296497e-05,0.0007148049821266518,True
Suprabasal,pos,5,CUTC,0.41846989714324306,2.7018836202374885e-05,0.0011735262137970407,True
Suprabasal,neg,1,PEA15,-0.5415698904980448,1.7361009296834595e-08,4.804028995797948e-06,True
Suprabasal,neg,2,YWHAH,-0.5245858491242178,5.726935659033927e-08,1.1544128906771249e-05,True
Suprabasal,neg,3,ELOB,-0.5098522081694233,1.531623656791936e-07,2.4078481476695104e-05,True
Suprabasal,neg,4,CLIC4,-0.45224076726916473,4.742006295632706e-06,0.000318207804229376,True
Suprabasal,neg,5,LDHB,-0.4491377064196007,5.608026755421491e-06,0.00036169060760691337,True
T_reg,pos,1,MRI1,0.4943253425107948,4.1126054672879775e-07,5.0508551271178756e-05,True
T_reg,pos,2,EPPK1,0.4839017457206371,7.770242440585662e-07,8.144953283209314e-05,True
T_reg,pos,3,SORBS3,0.46320591399791194,2.586747726907035e-06,0.00020086752726126728,True
T_reg,pos,4,ANPEP,0.4416980802926746,8.328883659203257e-06,0.0004887494877156827,True
T_reg,pos,5,MTHFD1L,0.4358853942870546,1.1272498149139665e-05,0.0006140666202988286,True
T_reg,neg,1,FRMD8,-0.4016511941065158,6.011053908472341e-05,0.0021424865438367186,True
T_reg,neg,2,IRF9,-0.3775474837041253,0.0001759101152893905,0.004750969451003917,True
T_reg,neg,3,LAP3,-0.36982954828593906,0.00024386020231803585,0.006022720232643943,True
T_reg,neg,4,TRIM14,-0.3625094972154304,0.00032994692378363055,0.007524296064744251,True
T_reg,neg,5,ARHGDIB,-0.3509749270868878,0.0005237202606611646,0.010539788710425747,True
gdT,pos,1,EPPK1,0.5133891135745217,1.2145830141641056e-07,2.0274757948333365e-05,True
gdT,pos,2,MRI1,0.5121836587985217,1.3148754929304118e-07,2.1545624571664482e-05,True
gdT,pos,3,ENO1,0.4742714046922557,1.3732144594769125e-06,0.00012375260253188696,True
gdT,pos,4,UCHL3,0.4605474400880865,3.001974727023793e-06,0.00022446059937200472,True
gdT,pos,5,ANPEP,0.45465677637398877,4.1566906194834274e-06,0.0002874340357031427,True
gdT,neg,1,IRF9,-0.40320769879606594,5.592222625572241e-05,0.0020311426457692273,True
gdT,neg,2,ARHGDIB,-0.394946402001408,8.17145095555194e-05,0.002691848060283777,True
gdT,neg,3,TRIM14,-0.38783635578729614,0.00011236296841121707,0.0034235308967011367,True
gdT,neg,4,FRMD8,-0.3852163460178985,0.0001261264584377919,0.0037177869785623525,True
gdT,neg,5,PITPNM1,-0.37140695685421216,0.00022826328967662235,0.005748875962654264,True
