tube_id,section,H2C_canon1,P_canon1,H2C_canon2,P_canon2,H2C_canon3,P_canon3
a2,a,0.9361962460055503,1.1032638509833266,2.469518921941015,1.7382032314678861,-0.9400633549778099,-1.2117156037112538
a3,a,0.9798923831902859,0.7067479574497562,-0.07107634043996801,-0.40231362766115614,-2.4587974939264723,-1.252700074442698
a4,a,1.2810868299081604,1.2423586680701164,1.1103732716869126,1.5158475429739762,-0.7988261161459496,-0.8843487171099609
a6,a,0.915048857578056,1.1308900723336732,1.9724787896309703,2.865430746877181,-1.1102800053018238,-1.483705075784246
a7,a,0.8614459140616201,0.8846369499291113,1.6752416624600177,1.5021131780641055,0.654285719784193,-1.1710620449784248
a8,a,0.976868774890471,1.1822384967882116,1.2201805097740286,1.842777331558032,-0.5073786679110693,-0.8521508878020136
a9,a,0.9471440103747032,0.07282680311951073,-0.1683542226001648,1.0779874042526345,-0.49171145771515656,0.6177654922776555
a10,a,0.1765432282922116,0.6417769318799599,0.6215306266507373,-0.17026166114218377,-2.0938772529730185,-0.42834002487139833
b1,b,0.10313279604841273,0.12123444946493539,-1.1202866244149574,-1.4717487027371285,0.7778362769676805,0.3311704340715089
b2,b,0.3999500461087193,0.7604989080147755,-0.6573171323099412,-0.8349796312006802,0.09069257911000458,-0.6476189881203884
b3,b,0.34852540519597935,0.5942123603757793,-1.0301871982383068,-0.30878955748704406,0.03778746310242126,-0.46441582234721723
b4,b,0.7279095142355383,0.5283078232143478,-0.8028250353332269,-0.6930677687852717,1.8086029021501215,0.8679883905593956
b5,b,0.5623077819253401,0.2480473954763998,-0.39357239669709976,-0.5266531034238443,0.5080158770716287,1.6040378406838032
b6,b,0.42597700949476425,0.43916676384468284,-0.21021659613883678,-0.14278612917813185,1.0068163617817734,-0.29946599282051417
b7,b,0.8637437171160939,0.7719935855714787,-0.576189560064058,-0.45510188921736766,0.14851394811587965,-0.1603383798709863
b8,b,0.8305096893175746,0.569619300509924,-0.09416355593993943,-0.9498368658645685,0.32937650667590646,0.5627137489664336
b9,b,0.3776936005776305,0.5079356292374846,-0.7176439187219523,-1.178061534824286,-0.6793473735751253,-0.5013460687064042
b10,b,0.18989332059581032,0.26413118264102986,-1.1949557085242715,-1.112814189222943,-0.1600339158778845,-1.242296354895886
b11,b,0.5480844163306403,0.552998059431105,-0.9985495828651835,-0.8153066434862488,-1.0096906834021158,-0.34070978817191433
b12,b,0.4348705674348843,0.541289563231559,-0.588793555867515,-1.1420298682409062,-0.7079385904474542,-0.7507989004002379
b13,b,-0.18359116633253766,0.5124539392193479,-1.4771285886006111,-0.4989535051192139,-0.20705510300113006,-0.45803964708771494
b14,b,0.9440688314939106,0.9490387420470118,0.3275247904270488,0.4044702840572888,1.1410105825131651,2.693626066494207
b15,b,-0.14432051033825613,-0.23188034736208216,-0.7281433157882505,-0.828593754212257,0.35004973557571756,-0.3422002064618175
b16,b,0.9099373441445757,0.7364381954029448,-0.41467623032006357,-0.2439660997736278,0.8022632511984569,0.8607186767081929
b17,b,-0.19460106105455446,-0.2277365792672824,-1.4335705472473463,-1.362102983542208,-0.7721150320427161,-0.7868143850972431
b18,b,0.830856555513926,1.0814742379550082,0.15688956523484604,-0.11914602631772363,1.5637396418932314,1.671935104887019
b19,b,0.885504663744826,0.47886033438547293,0.060046298981344275,-0.46085968657389287,2.362451488510968,1.6476744050670813
b20,b,0.6114363723369381,0.7675484165522134,-0.18675365736478874,0.1867126751803848,0.8808262500049202,1.5024441704408094
b21,b,-0.6429500070686646,-0.49687315454069714,-1.1602572563673228,-0.9906926989799372,-0.7723791928914437,0.06956818825263164
c1,c,-1.2333246401121531,-1.7940383910459228,-0.5997726561156538,-0.4585046540200982,-0.6160170179679483,-0.7581504453470125
c2,c,-2.1941075249290725,-1.0945104632129592,-0.08769899690197591,-0.2650429470572288,0.46812752292781684,-0.07910018935900869
c3,c,-1.4902581343132653,-1.77633876657708,1.5991641116089526,1.3486942261356158,1.1169492552660778,0.40505186405757587
c4,c,-2.477183866813392,-1.9367752377817011,2.102048042519259,1.5368371917244463,1.2278226960421543,1.4820811321419485
c5,c,-1.2343278183360584,-1.1487486171069161,-0.7462385431758363,-0.46433524757396666,-0.8709137681599327,-1.228730481350025
d1,d,-1.2179992928958272,-1.3528732904506018,0.3692649096405264,0.4209386493824912,-0.1477217582621053,0.3519255144866551
d2,d,-1.1268518279266817,-1.7690368432727737,-0.14292382750109242,0.6224171233815489,0.5773092039319738,0.0753426795112103
d3,d,-1.1888234564098306,-1.2024825464512938,0.18073131525402428,0.9700498512953124,0.6564400447177995,0.653700948931657
d4,d,0.8302513445261477,0.23119991681856533,0.2886939001450034,-0.4702777029133494,0.6405218321839347,-0.286827369285116
d5,d,-0.8694234648566623,-1.0869379117924731,-0.5666649051073173,-0.6455444075062078,-0.5279287733050112,-0.7443591628553571
d6,d,-1.5730628083220037,-1.6954784648268713,1.4071408398773806,0.9461365317659101,0.3233944466030433,0.152634384185146
d7,d,-1.1188950971968183,-1.1397374983426594,-0.6005748733808088,-0.42302002521369914,-0.9297435722111181,-0.3086934656042623
d8,d,-1.2650131124087713,-1.0870922326018593,-0.43730855504934174,-0.010567315637586087,-0.16440406653984196,0.5399727522842778
d9,d,-1.5172318026274882,-1.7214712011790518,0.41906947865348937,-0.0453588417930511,-1.3222729542428158,-0.55418289891296
t1,t,0.7627884799726689,0.42624041026751547,1.868457743648659,1.2101161645449467,-1.2136688429444316,-0.5087893938261956
t2,t,0.5903307108111114,1.2015165694185777,0.1728649231279066,0.4133531375145071,1.2735816648620588,2.3499704559051233
t3,t,0.41996718071548605,0.5130660321783995,-0.8153763201862904,-1.111368201470462,-0.2442502571685527,-0.6934218806920789
