res,cluster,cluster_rank,grid_index,grid_row,grid_col,slide,spot_id,x,y,dist_to_centroid
224,Ciliated,1,0,0,0,4390-BS1,TCGA-05-4390-01A-01-BS1_x12880y16688,12880,16688,8.898059844970703
224,Ciliated,1,1,0,1,4390-BS1,TCGA-05-4390-01A-01-BS1_x18256y4144,18256,4144,8.966822624206543
224,Ciliated,1,2,0,2,4390-BS1,TCGA-05-4390-01A-01-BS1_x13328y3248,13328,3248,9.013801574707031
224,Ciliated,1,3,0,3,4390-BS1,TCGA-05-4390-01A-01-BS1_x10416y10192,10416,10192,9.032727241516113
224,Ciliated,1,4,0,4,4390-BS1,TCGA-05-4390-01A-01-BS1_x13776y15120,13776,15120,9.133533477783203
224,Ciliated,1,5,0,5,4390-BS1,TCGA-05-4390-01A-01-BS1_x8176y12432,8176,12432,9.138951301574707
224,Ciliated,1,6,0,6,4390-BS1,TCGA-05-4390-01A-01-BS1_x21840y3920,21840,3920,9.166278839111328
224,Ciliated,1,7,0,7,4390-BS1,TCGA-05-4390-01A-01-BS1_x9296y3024,9296,3024,9.308124542236328
224,Ciliated,1,8,0,8,4390-BS1,TCGA-05-4390-01A-01-BS1_x9744y2800,9744,2800,9.31797981262207
224,Ciliated,1,9,0,9,4390-BS1,TCGA-05-4390-01A-01-BS1_x32592y15344,32592,15344,9.335880279541016
224,Ciliated,1,10,1,0,4390-BS1,TCGA-05-4390-01A-01-BS1_x6160y8624,6160,8624,9.409955978393555
224,Ciliated,1,11,1,1,4390-BS1,TCGA-05-4390-01A-01-BS1_x16464y12656,16464,12656,9.42437744140625
224,Ciliated,1,12,1,2,4390-BS1,TCGA-05-4390-01A-01-BS1_x25872y7728,25872,7728,9.448968887329102
224,Ciliated,1,13,1,3,4390-BS1,TCGA-05-4390-01A-01-BS1_x16464y16240,16464,16240,9.45156192779541
224,Ciliated,1,14,1,4,4390-BS1,TCGA-05-4390-01A-01-BS1_x8400y16688,8400,16688,9.461830139160156
224,Ciliated,1,15,1,5,4390-BS1,TCGA-05-4390-01A-01-BS1_x7728y8848,7728,8848,9.483602523803711
224,Ciliated,1,16,1,6,4390-BS1,TCGA-05-4390-01A-01-BS1_x9072y13776,9072,13776,9.508376121520996
224,Ciliated,1,17,1,7,4390-BS1,TCGA-05-4390-01A-01-BS1_x16688y14448,16688,14448,9.508955955505371
224,Ciliated,1,18,1,8,4390-BS1,TCGA-05-4390-01A-01-BS1_x7728y9744,7728,9744,9.510808944702148
224,Ciliated,1,19,1,9,4390-BS1,TCGA-05-4390-01A-01-BS1_x23408y6384,23408,6384,9.523016929626465
224,Ciliated,1,20,2,0,4390-BS1,TCGA-05-4390-01A-01-BS1_x5488y14896,5488,14896,9.525686264038086
224,Ciliated,1,21,2,1,4390-BS1,TCGA-05-4390-01A-01-BS1_x5488y13776,5488,13776,9.540265083312988
224,Ciliated,1,22,2,2,4390-BS1,TCGA-05-4390-01A-01-BS1_x12656y2576,12656,2576,9.551219940185547
224,Ciliated,1,23,2,3,4390-BS1,TCGA-05-4390-01A-01-BS1_x5040y6384,5040,6384,9.557308197021484
224,Ciliated,1,24,2,4,4390-BS1,TCGA-05-4390-01A-01-BS1_x25200y11984,25200,11984,9.574971199035645
224,Ciliated,1,25,2,5,4390-BS1,TCGA-05-4390-01A-01-BS1_x27216y12432,27216,12432,9.576725006103516
224,Ciliated,1,26,2,6,4390-BS1,TCGA-05-4390-01A-01-BS1_x7728y9072,7728,9072,9.579551696777344
224,Ciliated,1,27,2,7,4390-BS1,TCGA-05-4390-01A-01-BS1_x7728y15344,7728,15344,9.592000007629395
224,Ciliated,1,28,2,8,4390-BS1,TCGA-05-4390-01A-01-BS1_x11088y12432,11088,12432,9.606217384338379
224,Ciliated,1,29,2,9,4390-BS1,TCGA-05-4390-01A-01-BS1_x28112y5936,28112,5936,9.620833396911621
224,Ciliated,1,30,3,0,4390-BS1,TCGA-05-4390-01A-01-BS1_x5264y6384,5264,6384,9.624359130859375
224,Ciliated,1,31,3,1,4390-BS1,TCGA-05-4390-01A-01-BS1_x4592y15568,4592,15568,9.629220008850098
224,Ciliated,1,32,3,2,4390-BS1,TCGA-05-4390-01A-01-BS1_x8176y16240,8176,16240,9.645488739013672
224,Ciliated,1,33,3,3,4390-BS1,TCGA-05-4390-01A-01-BS1_x9520y11312,9520,11312,9.660130500793457
224,Ciliated,1,34,3,4,4390-BS1,TCGA-05-4390-01A-01-BS1_x10864y16240,10864,16240,9.672015190124512
224,Ciliated,1,35,3,5,4390-BS1,TCGA-05-4390-01A-01-BS1_x18704y4144,18704,4144,9.682204246520996
224,Ciliated,1,36,3,6,4390-BS1,TCGA-05-4390-01A-01-BS1_x14224y3248,14224,3248,9.707558631896973
224,Ciliated,1,37,3,7,4390-BS1,TCGA-05-4390-01A-01-BS1_x16016y16688,16016,16688,9.71081829071045
224,Ciliated,1,38,3,8,4390-BS1,TCGA-05-4390-01A-01-BS1_x3920y15344,3920,15344,9.732254981994629
224,Ciliated,1,39,3,9,4390-BS1,TCGA-05-4390-01A-01-BS1_x21616y6832,21616,6832,9.733956336975098
224,Ciliated,1,40,4,0,4390-BS1,TCGA-05-4390-01A-01-BS1_x10192y4592,10192,4592,9.734715461730957
224,Ciliated,1,41,4,1,4390-BS1,TCGA-05-4390-01A-01-BS1_x15120y18032,15120,18032,9.761104583740234
224,Ciliated,1,42,4,2,4390-BS1,TCGA-05-4390-01A-01-BS1_x17136y17136,17136,17136,9.772356033325195
224,Ciliated,1,43,4,3,4390-BS1,TCGA-05-4390-01A-01-BS1_x5264y9520,5264,9520,9.793947219848633
224,Ciliated,1,44,4,4,4390-BS1,TCGA-05-4390-01A-01-BS1_x31696y6384,31696,6384,9.812317848205566
224,Ciliated,1,45,4,5,4390-BS1,TCGA-05-4390-01A-01-BS1_x15568y13552,15568,13552,9.818414688110352
224,Ciliated,1,46,4,6,4390-BS1,TCGA-05-4390-01A-01-BS1_x17808y11760,17808,11760,9.821269035339355
224,Ciliated,1,47,4,7,4390-BS1,TCGA-05-4390-01A-01-BS1_x24080y7728,24080,7728,9.834413528442383
224,Ciliated,1,48,4,8,4390-BS1,TCGA-05-4390-01A-01-BS1_x15792y14896,15792,14896,9.837581634521484
224,Ciliated,1,49,4,9,4390-BS1,TCGA-05-4390-01A-01-BS1_x9520y14448,9520,14448,9.841571807861328
224,Ciliated,1,50,5,0,4390-BS1,TCGA-05-4390-01A-01-BS1_x9744y8176,9744,8176,9.846837043762207
224,Ciliated,1,51,5,1,4390-BS1,TCGA-05-4390-01A-01-BS1_x3248y14224,3248,14224,9.849257469177246
224,Ciliated,1,52,5,2,4390-BS1,TCGA-05-4390-01A-01-BS1_x20720y5488,20720,5488,9.853296279907227
224,Ciliated,1,53,5,3,4390-BS1,TCGA-05-4390-01A-01-BS1_x3920y16016,3920,16016,9.855070114135742
224,Ciliated,1,54,5,4,4390-BS1,TCGA-05-4390-01A-01-BS1_x30800y6832,30800,6832,9.861408233642578
224,Ciliated,1,55,5,5,4390-BS1,TCGA-05-4390-01A-01-BS1_x15792y11088,15792,11088,9.865464210510254
224,Ciliated,1,56,5,6,4390-BS1,TCGA-05-4390-01A-01-BS1_x14448y2800,14448,2800,9.871180534362793
224,Ciliated,1,57,5,7,4390-BS1,TCGA-05-4390-01A-01-BS1_x16912y15792,16912,15792,9.88097095489502
224,Ciliated,1,58,5,8,4390-BS1,TCGA-05-4390-01A-01-BS1_x8848y5264,8848,5264,9.8915376663208
224,Ciliated,1,59,5,9,4390-BS1,TCGA-05-4390-01A-01-BS1_x9296y13104,9296,13104,9.8949613571167
224,Ciliated,1,60,6,0,4390-BS1,TCGA-05-4390-01A-01-BS1_x20496y15344,20496,15344,9.89673137664795
224,Ciliated,1,61,6,1,4390-BS1,TCGA-05-4390-01A-01-BS1_x21392y9072,21392,9072,9.897290229797363
224,Ciliated,1,62,6,2,4390-BS1,TCGA-05-4390-01A-01-BS1_x20272y13776,20272,13776,9.902961730957031
224,Ciliated,1,63,6,3,4390-BS1,TCGA-05-4390-01A-01-BS1_x22288y10640,22288,10640,9.90903377532959
224,Ciliated,1,64,6,4,4390-BS1,TCGA-05-4390-01A-01-BS1_x21392y4144,21392,4144,9.91552448272705
224,Ciliated,1,65,6,5,4390-BS1,TCGA-05-4390-01A-01-BS1_x25648y15344,25648,15344,9.919480323791504
224,Ciliated,1,66,6,6,4390-BS1,TCGA-05-4390-01A-01-BS1_x11536y5264,11536,5264,9.92530632019043
224,Ciliated,1,67,6,7,4390-BS1,TCGA-05-4390-01A-01-BS1_x8400y3920,8400,3920,9.950241088867188
224,Ciliated,1,68,6,8,4390-BS1,TCGA-05-4390-01A-01-BS1_x3696y9072,3696,9072,9.95077896118164
224,Ciliated,1,69,6,9,4390-BS1,TCGA-05-4390-01A-01-BS1_x13552y14448,13552,14448,9.950820922851562
224,Ciliated,1,70,7,0,4245-TS1,TCGA-05-4245-01A-01-TS1_x3696y6160,3696,6160,9.953091621398926
224,Ciliated,1,71,7,1,4390-BS1,TCGA-05-4390-01A-01-BS1_x12208y16688,12208,16688,9.959461212158203
224,Ciliated,1,72,7,2,4390-BS1,TCGA-05-4390-01A-01-BS1_x13776y12880,13776,12880,9.96670150756836
224,Ciliated,1,73,7,3,4390-BS1,TCGA-05-4390-01A-01-BS1_x9744y14000,9744,14000,9.970635414123535
224,Ciliated,1,74,7,4,4390-BS1,TCGA-05-4390-01A-01-BS1_x23184y5936,23184,5936,9.985827445983887
224,Ciliated,1,75,7,5,4390-BS1,TCGA-05-4390-01A-01-BS1_x3920y17136,3920,17136,9.989311218261719
224,Ciliated,1,76,7,6,4390-BS1,TCGA-05-4390-01A-01-BS1_x20720y6832,20720,6832,9.991247177124023
224,Ciliated,1,77,7,7,4390-BS1,TCGA-05-4390-01A-01-BS1_x19600y14000,19600,14000,10.001843452453613
224,Ciliated,1,78,7,8,4390-BS1,TCGA-05-4390-01A-01-BS1_x15120y9520,15120,9520,10.006660461425781
224,Ciliated,1,79,7,9,4390-BS1,TCGA-05-4390-01A-01-BS1_x29680y3248,29680,3248,10.021525382995605
224,Ciliated,1,80,8,0,4390-BS1,TCGA-05-4390-01A-01-BS1_x14000y13776,14000,13776,10.027929306030273
224,Ciliated,1,81,8,1,4390-BS1,TCGA-05-4390-01A-01-BS1_x27216y11984,27216,11984,10.031196594238281
224,Ciliated,1,82,8,2,4390-BS1,TCGA-05-4390-01A-01-BS1_x8848y18928,8848,18928,10.032888412475586
224,Ciliated,1,83,8,3,4390-BS1,TCGA-05-4390-01A-01-BS1_x5712y14000,5712,14000,10.033875465393066
224,Ciliated,1,84,8,4,4390-BS1,TCGA-05-4390-01A-01-BS1_x18256y2352,18256,2352,10.036213874816895
224,Ciliated,1,85,8,5,4390-BS1,TCGA-05-4390-01A-01-BS1_x26992y6608,26992,6608,10.043340682983398
224,Ciliated,1,86,8,6,4245-BS1,TCGA-05-4245-01A-01-BS1_x10192y4592,10192,4592,10.049893379211426
224,Ciliated,1,87,8,7,4390-BS1,TCGA-05-4390-01A-01-BS1_x13328y15344,13328,15344,10.058231353759766
224,Ciliated,1,88,8,8,4390-BS1,TCGA-05-4390-01A-01-BS1_x30352y10416,30352,10416,10.072835922241211
224,Ciliated,1,89,8,9,4390-BS1,TCGA-05-4390-01A-01-BS1_x4368y3024,4368,3024,10.082571029663086
224,Ciliated,1,90,9,0,4390-BS1,TCGA-05-4390-01A-01-BS1_x24080y9296,24080,9296,10.089432716369629
224,Ciliated,1,91,9,1,4390-BS1,TCGA-05-4390-01A-01-BS1_x16016y9968,16016,9968,10.093221664428711
224,Ciliated,1,92,9,2,4245-BS1,TCGA-05-4245-01A-01-BS1_x14224y6384,14224,6384,10.097214698791504
224,Ciliated,1,93,9,3,4390-BS1,TCGA-05-4390-01A-01-BS1_x32144y4592,32144,4592,10.129232406616211
224,Ciliated,1,94,9,4,4390-BS1,TCGA-05-4390-01A-01-BS1_x15120y16240,15120,16240,10.135887145996094
224,Ciliated,1,95,9,5,4390-BS1,TCGA-05-4390-01A-01-BS1_x7280y13104,7280,13104,10.135979652404785
224,Ciliated,1,96,9,6,4390-BS1,TCGA-05-4390-01A-01-BS1_x17584y12208,17584,12208,10.152713775634766
224,Ciliated,1,97,9,7,4390-BS1,TCGA-05-4390-01A-01-BS1_x9296y9968,9296,9968,10.153196334838867
224,Ciliated,1,98,9,8,4390-BS1,TCGA-05-4390-01A-01-BS1_x33488y14224,33488,14224,10.160959243774414
224,Ciliated,1,99,9,9,4390-BS1,TCGA-05-4390-01A-01-BS1_x25872y10864,25872,10864,10.165828704833984
224,SMG_Duct,2,0,0,0,4390-BS1,TCGA-05-4390-01A-01-BS1_x9296y1680,9296,1680,8.85462760925293
224,SMG_Duct,2,1,0,1,4390-BS1,TCGA-05-4390-01A-01-BS1_x24528y11088,24528,11088,8.93606948852539
224,SMG_Duct,2,2,0,2,4390-BS1,TCGA-05-4390-01A-01-BS1_x26320y1232,26320,1232,9.250895500183105
224,SMG_Duct,2,3,0,3,4245-TS1,TCGA-05-4245-01A-01-TS1_x4368y6384,4368,6384,9.309179306030273
224,SMG_Duct,2,4,0,4,4390-BS1,TCGA-05-4390-01A-01-BS1_x7280y1008,7280,1008,9.382362365722656
224,SMG_Duct,2,5,0,5,4245-TS1,TCGA-05-4245-01A-01-TS1_x6384y3920,6384,3920,9.382694244384766
224,SMG_Duct,2,6,0,6,4390-BS1,TCGA-05-4390-01A-01-BS1_x4368y11984,4368,11984,9.45067310333252
224,SMG_Duct,2,7,0,7,4390-BS1,TCGA-05-4390-01A-01-BS1_x18480y9744,18480,9744,9.498702049255371
224,SMG_Duct,2,8,0,8,4390-BS1,TCGA-05-4390-01A-01-BS1_x11984y16688,11984,16688,9.500748634338379
224,SMG_Duct,2,9,0,9,4390-BS1,TCGA-05-4390-01A-01-BS1_x14896y1680,14896,1680,9.54854679107666
224,SMG_Duct,2,10,1,0,4390-BS1,TCGA-05-4390-01A-01-BS1_x30128y15344,30128,15344,9.560795783996582
224,SMG_Duct,2,11,1,1,4390-BS1,TCGA-05-4390-01A-01-BS1_x30352y1456,30352,1456,9.63310718536377
224,SMG_Duct,2,12,1,2,4390-BS1,TCGA-05-4390-01A-01-BS1_x4144y5712,4144,5712,9.669477462768555
224,SMG_Duct,2,13,1,3,4390-BS1,TCGA-05-4390-01A-01-BS1_x30800y9744,30800,9744,9.730789184570312
224,SMG_Duct,2,14,1,4,4390-BS1,TCGA-05-4390-01A-01-BS1_x8624y17584,8624,17584,9.807723045349121
224,SMG_Duct,2,15,1,5,4390-BS1,TCGA-05-4390-01A-01-BS1_x32144y7280,32144,7280,9.843091011047363
224,SMG_Duct,2,16,1,6,4390-BS1,TCGA-05-4390-01A-01-BS1_x23856y10864,23856,10864,9.861529350280762
224,SMG_Duct,2,17,1,7,4245-TS1,TCGA-05-4245-01A-01-TS1_x4144y4592,4144,4592,9.90449333190918
224,SMG_Duct,2,18,1,8,4390-BS1,TCGA-05-4390-01A-01-BS1_x29232y15120,29232,15120,9.910011291503906
224,SMG_Duct,2,19,1,9,4390-BS1,TCGA-05-4390-01A-01-BS1_x7952y2352,7952,2352,9.922796249389648
224,SMG_Duct,2,20,2,0,4390-BS1,TCGA-05-4390-01A-01-BS1_x30576y10864,30576,10864,9.963167190551758
224,SMG_Duct,2,21,2,1,4390-BS1,TCGA-05-4390-01A-01-BS1_x3248y9072,3248,9072,9.965270042419434
224,SMG_Duct,2,22,2,2,4390-BS1,TCGA-05-4390-01A-01-BS1_x22736y3248,22736,3248,9.980362892150879
224,SMG_Duct,2,23,2,3,4390-BS1,TCGA-05-4390-01A-01-BS1_x21392y1456,21392,1456,10.013113975524902
224,SMG_Duct,2,24,2,4,4390-BS1,TCGA-05-4390-01A-01-BS1_x21392y13776,21392,13776,10.025026321411133
224,SMG_Duct,2,25,2,5,4390-BS1,TCGA-05-4390-01A-01-BS1_x7952y5712,7952,5712,10.036993026733398
224,SMG_Duct,2,26,2,6,4390-BS1,TCGA-05-4390-01A-01-BS1_x30576y14448,30576,14448,10.0432710647583
224,SMG_Duct,2,27,2,7,4390-BS1,TCGA-05-4390-01A-01-BS1_x31248y8624,31248,8624,10.045721054077148
224,SMG_Duct,2,28,2,8,4390-BS1,TCGA-05-4390-01A-01-BS1_x23856y12656,23856,12656,10.072192192077637
224,SMG_Duct,2,29,2,9,4390-BS1,TCGA-05-4390-01A-01-BS1_x26096y15792,26096,15792,10.08392333984375
224,SMG_Duct,2,30,3,0,4390-BS1,TCGA-05-4390-01A-01-BS1_x19376y12432,19376,12432,10.091524124145508
224,SMG_Duct,2,31,3,1,4390-BS1,TCGA-05-4390-01A-01-BS1_x7504y2576,7504,2576,10.099064826965332
224,SMG_Duct,2,32,3,2,4390-BS1,TCGA-05-4390-01A-01-BS1_x32592y14448,32592,14448,10.110884666442871
224,SMG_Duct,2,33,3,3,4390-BS1,TCGA-05-4390-01A-01-BS1_x22736y15568,22736,15568,10.118803977966309
224,SMG_Duct,2,34,3,4,4390-BS1,TCGA-05-4390-01A-01-BS1_x21840y17136,21840,17136,10.120491027832031
224,SMG_Duct,2,35,3,5,4390-BS1,TCGA-05-4390-01A-01-BS1_x14448y17584,14448,17584,10.120561599731445
224,SMG_Duct,2,36,3,6,4390-BS1,TCGA-05-4390-01A-01-BS1_x15568y14896,15568,14896,10.133283615112305
224,SMG_Duct,2,37,3,7,4390-BS1,TCGA-05-4390-01A-01-BS1_x13776y13776,13776,13776,10.143088340759277
224,SMG_Duct,2,38,3,8,4390-BS1,TCGA-05-4390-01A-01-BS1_x11760y3696,11760,3696,10.191123008728027
224,SMG_Duct,2,39,3,9,4390-BS1,TCGA-05-4390-01A-01-BS1_x25424y14448,25424,14448,10.197874069213867
224,SMG_Duct,2,40,4,0,4390-BS1,TCGA-05-4390-01A-01-BS1_x19824y16016,19824,16016,10.201627731323242
224,SMG_Duct,2,41,4,1,4390-BS1,TCGA-05-4390-01A-01-BS1_x20496y2800,20496,2800,10.208181381225586
224,SMG_Duct,2,42,4,2,4245-BS1,TCGA-05-4245-01A-01-BS1_x10640y6160,10640,6160,10.208209991455078
224,SMG_Duct,2,43,4,3,4390-BS1,TCGA-05-4390-01A-01-BS1_x17584y15344,17584,15344,10.209139823913574
224,SMG_Duct,2,44,4,4,4390-BS1,TCGA-05-4390-01A-01-BS1_x31920y7280,31920,7280,10.21558952331543
224,SMG_Duct,2,45,4,5,4390-BS1,TCGA-05-4390-01A-01-BS1_x15344y7280,15344,7280,10.216187477111816
224,SMG_Duct,2,46,4,6,4390-BS1,TCGA-05-4390-01A-01-BS1_x16912y13328,16912,13328,10.219493865966797
224,SMG_Duct,2,47,4,7,4390-BS1,TCGA-05-4390-01A-01-BS1_x4368y18256,4368,18256,10.251242637634277
224,SMG_Duct,2,48,4,8,4390-BS1,TCGA-05-4390-01A-01-BS1_x14448y5264,14448,5264,10.256649017333984
224,SMG_Duct,2,49,4,9,4390-BS1,TCGA-05-4390-01A-01-BS1_x18480y17360,18480,17360,10.259119987487793
224,SMG_Duct,2,50,5,0,4390-BS1,TCGA-05-4390-01A-01-BS1_x29232y2800,29232,2800,10.262371063232422
224,SMG_Duct,2,51,5,1,4390-BS1,TCGA-05-4390-01A-01-BS1_x14000y1680,14000,1680,10.27030086517334
224,SMG_Duct,2,52,5,2,4390-BS1,TCGA-05-4390-01A-01-BS1_x6608y2352,6608,2352,10.280569076538086
224,SMG_Duct,2,53,5,3,4390-BS1,TCGA-05-4390-01A-01-BS1_x7952y1008,7952,1008,10.28321361541748
224,SMG_Duct,2,54,5,4,4390-BS1,TCGA-05-4390-01A-01-BS1_x14672y14896,14672,14896,10.296951293945312
224,SMG_Duct,2,55,5,5,4390-BS1,TCGA-05-4390-01A-01-BS1_x23856y9968,23856,9968,10.298584938049316
224,SMG_Duct,2,56,5,6,4390-BS1,TCGA-05-4390-01A-01-BS1_x8176y15568,8176,15568,10.318790435791016
224,SMG_Duct,2,57,5,7,4390-BS1,TCGA-05-4390-01A-01-BS1_x22960y5712,22960,5712,10.324847221374512
224,SMG_Duct,2,58,5,8,4390-BS1,TCGA-05-4390-01A-01-BS1_x28784y14448,28784,14448,10.338432312011719
224,SMG_Duct,2,59,5,9,4390-BS1,TCGA-05-4390-01A-01-BS1_x14672y12208,14672,12208,10.34890079498291
224,SMG_Duct,2,60,6,0,4390-BS1,TCGA-05-4390-01A-01-BS1_x10192y13104,10192,13104,10.356892585754395
224,SMG_Duct,2,61,6,1,4390-BS1,TCGA-05-4390-01A-01-BS1_x32144y14448,32144,14448,10.359138488769531
224,SMG_Duct,2,62,6,2,4390-BS1,TCGA-05-4390-01A-01-BS1_x11312y6384,11312,6384,10.361587524414062
224,SMG_Duct,2,63,6,3,4390-BS1,TCGA-05-4390-01A-01-BS1_x18256y12880,18256,12880,10.364350318908691
224,SMG_Duct,2,64,6,4,4390-BS1,TCGA-05-4390-01A-01-BS1_x25200y14224,25200,14224,10.419303894042969
224,SMG_Duct,2,65,6,5,4390-BS1,TCGA-05-4390-01A-01-BS1_x18256y15792,18256,15792,10.46217155456543
224,SMG_Duct,2,66,6,6,4390-BS1,TCGA-05-4390-01A-01-BS1_x26096y6608,26096,6608,10.463159561157227
224,SMG_Duct,2,67,6,7,4390-BS1,TCGA-05-4390-01A-01-BS1_x9968y18256,9968,18256,10.463760375976562
224,SMG_Duct,2,68,6,8,4390-BS1,TCGA-05-4390-01A-01-BS1_x21392y15344,21392,15344,10.46705436706543
224,SMG_Duct,2,69,6,9,4390-BS1,TCGA-05-4390-01A-01-BS1_x7504y13104,7504,13104,10.470855712890625
224,SMG_Duct,2,70,7,0,4390-BS1,TCGA-05-4390-01A-01-BS1_x28560y16912,28560,16912,10.478915214538574
224,SMG_Duct,2,71,7,1,4390-BS1,TCGA-05-4390-01A-01-BS1_x28784y15568,28784,15568,10.483470916748047
224,SMG_Duct,2,72,7,2,4390-BS1,TCGA-05-4390-01A-01-BS1_x22512y2128,22512,2128,10.488263130187988
224,SMG_Duct,2,73,7,3,4390-BS1,TCGA-05-4390-01A-01-BS1_x4816y18256,4816,18256,10.49864387512207
224,SMG_Duct,2,74,7,4,4390-BS1,TCGA-05-4390-01A-01-BS1_x4592y18704,4592,18704,10.504918098449707
224,SMG_Duct,2,75,7,5,4390-BS1,TCGA-05-4390-01A-01-BS1_x28112y10640,28112,10640,10.517240524291992
224,SMG_Duct,2,76,7,6,4390-BS1,TCGA-05-4390-01A-01-BS1_x15568y3696,15568,3696,10.522610664367676
224,SMG_Duct,2,77,7,7,4390-BS1,TCGA-05-4390-01A-01-BS1_x4368y7504,4368,7504,10.53136920928955
224,SMG_Duct,2,78,7,8,4390-BS1,TCGA-05-4390-01A-01-BS1_x10864y7280,10864,7280,10.554139137268066
224,SMG_Duct,2,79,7,9,4245-TS1,TCGA-05-4245-01A-01-TS1_x5712y5936,5712,5936,10.555334091186523
224,SMG_Duct,2,80,8,0,4390-BS1,TCGA-05-4390-01A-01-BS1_x26096y1232,26096,1232,10.601053237915039
224,SMG_Duct,2,81,8,1,4245-TS1,TCGA-05-4245-01A-01-TS1_x2352y7056,2352,7056,10.60888957977295
224,SMG_Duct,2,82,8,2,4390-BS1,TCGA-05-4390-01A-01-BS1_x4144y7728,4144,7728,10.617914199829102
224,SMG_Duct,2,83,8,3,4390-BS1,TCGA-05-4390-01A-01-BS1_x30352y13776,30352,13776,10.631854057312012
224,SMG_Duct,2,84,8,4,4390-BS1,TCGA-05-4390-01A-01-BS1_x26992y1232,26992,1232,10.63326358795166
224,SMG_Duct,2,85,8,5,4390-BS1,TCGA-05-4390-01A-01-BS1_x17584y13104,17584,13104,10.636061668395996
224,SMG_Duct,2,86,8,6,4390-BS1,TCGA-05-4390-01A-01-BS1_x14000y2800,14000,2800,10.637531280517578
224,SMG_Duct,2,87,8,7,4245-TS1,TCGA-05-4245-01A-01-TS1_x2128y7056,2128,7056,10.643193244934082
224,SMG_Duct,2,88,8,8,4245-BS1,TCGA-05-4245-01A-01-BS1_x10416y6160,10416,6160,10.644221305847168
224,SMG_Duct,2,89,8,9,4390-BS1,TCGA-05-4390-01A-01-BS1_x31696y5488,31696,5488,10.653281211853027
224,SMG_Duct,2,90,9,0,4390-BS1,TCGA-05-4390-01A-01-BS1_x23184y2576,23184,2576,10.663338661193848
224,SMG_Duct,2,91,9,1,4390-BS1,TCGA-05-4390-01A-01-BS1_x11984y5040,11984,5040,10.671549797058105
224,SMG_Duct,2,92,9,2,4390-BS1,TCGA-05-4390-01A-01-BS1_x10416y12880,10416,12880,10.672767639160156
224,SMG_Duct,2,93,9,3,4390-BS1,TCGA-05-4390-01A-01-BS1_x7952y1904,7952,1904,10.679118156433105
224,SMG_Duct,2,94,9,4,4390-BS1,TCGA-05-4390-01A-01-BS1_x8176y1904,8176,1904,10.700514793395996
224,SMG_Duct,2,95,9,5,4390-BS1,TCGA-05-4390-01A-01-BS1_x8400y17808,8400,17808,10.716192245483398
224,SMG_Duct,2,96,9,6,4390-BS1,TCGA-05-4390-01A-01-BS1_x22736y11312,22736,11312,10.719327926635742
224,SMG_Duct,2,97,9,7,4390-BS1,TCGA-05-4390-01A-01-BS1_x30128y1232,30128,1232,10.728171348571777
224,SMG_Duct,2,98,9,8,4390-BS1,TCGA-05-4390-01A-01-BS1_x24752y11088,24752,11088,10.73938274383545
224,SMG_Duct,2,99,9,9,4390-BS1,TCGA-05-4390-01A-01-BS1_x32144y14224,32144,14224,10.75955581665039
224,Fibro_adventitial,3,0,0,0,4245-TS1,TCGA-05-4245-01A-01-TS1_x9072y8624,9072,8624,10.323290824890137
224,Fibro_adventitial,3,1,0,1,4390-BS1,TCGA-05-4390-01A-01-BS1_x23856y2352,23856,2352,10.829009056091309
224,Fibro_adventitial,3,2,0,2,4390-BS1,TCGA-05-4390-01A-01-BS1_x12432y5936,12432,5936,10.899662971496582
224,Fibro_adventitial,3,3,0,3,4390-BS1,TCGA-05-4390-01A-01-BS1_x7280y5936,7280,5936,10.92332935333252
224,Fibro_adventitial,3,4,0,4,4245-BS1,TCGA-05-4245-01A-01-BS1_x11760y8176,11760,8176,10.96312141418457
224,Fibro_adventitial,3,5,0,5,4390-BS1,TCGA-05-4390-01A-01-BS1_x6160y8400,6160,8400,11.078669548034668
224,Fibro_adventitial,3,6,0,6,4245-TS1,TCGA-05-4245-01A-01-TS1_x4368y5936,4368,5936,11.1137056350708
224,Fibro_adventitial,3,7,0,7,4390-BS1,TCGA-05-4390-01A-01-BS1_x14000y5264,14000,5264,11.124096870422363
224,Fibro_adventitial,3,8,0,8,4245-BS1,TCGA-05-4245-01A-01-BS1_x3696y11536,3696,11536,11.159477233886719
224,Fibro_adventitial,3,9,0,9,4245-TS1,TCGA-05-4245-01A-01-TS1_x4592y6384,4592,6384,11.231645584106445
224,Fibro_adventitial,3,10,1,0,4390-BS1,TCGA-05-4390-01A-01-BS1_x22288y3696,22288,3696,11.337130546569824
224,Fibro_adventitial,3,11,1,1,4245-BS1,TCGA-05-4245-01A-01-BS1_x6384y4144,6384,4144,11.34765338897705
224,Fibro_adventitial,3,12,1,2,4390-BS1,TCGA-05-4390-01A-01-BS1_x30128y7056,30128,7056,11.3574800491333
224,Fibro_adventitial,3,13,1,3,4245-TS1,TCGA-05-4245-01A-01-TS1_x10416y7728,10416,7728,11.385871887207031
224,Fibro_adventitial,3,14,1,4,4245-BS1,TCGA-05-4245-01A-01-BS1_x12208y11536,12208,11536,11.413858413696289
224,Fibro_adventitial,3,15,1,5,4390-BS1,TCGA-05-4390-01A-01-BS1_x32592y5712,32592,5712,11.42931842803955
224,Fibro_adventitial,3,16,1,6,4245-TS1,TCGA-05-4245-01A-01-TS1_x4368y5712,4368,5712,11.555041313171387
224,Fibro_adventitial,3,17,1,7,4245-BS1,TCGA-05-4245-01A-01-BS1_x5488y11312,5488,11312,11.565866470336914
224,Fibro_adventitial,3,18,1,8,4245-TS1,TCGA-05-4245-01A-01-TS1_x7280y3024,7280,3024,11.575675010681152
224,Fibro_adventitial,3,19,1,9,4245-TS1,TCGA-05-4245-01A-01-TS1_x5040y6160,5040,6160,11.581009864807129
224,Fibro_adventitial,3,20,2,0,4390-BS1,TCGA-05-4390-01A-01-BS1_x17136y2576,17136,2576,11.58203411102295
224,Fibro_adventitial,3,21,2,1,4390-BS1,TCGA-05-4390-01A-01-BS1_x21616y9296,21616,9296,11.611406326293945
224,Fibro_adventitial,3,22,2,2,4390-BS1,TCGA-05-4390-01A-01-BS1_x4144y11984,4144,11984,11.682598114013672
224,Fibro_adventitial,3,23,2,3,4390-BS1,TCGA-05-4390-01A-01-BS1_x29232y10192,29232,10192,11.7086763381958
224,Fibro_adventitial,3,24,2,4,4245-BS1,TCGA-05-4245-01A-01-BS1_x6832y9744,6832,9744,11.710187911987305
224,Fibro_adventitial,3,25,2,5,4245-BS1,TCGA-05-4245-01A-01-BS1_x5264y6832,5264,6832,11.722447395324707
224,Fibro_adventitial,3,26,2,6,4245-BS1,TCGA-05-4245-01A-01-BS1_x4592y11088,4592,11088,11.731277465820312
224,Fibro_adventitial,3,27,2,7,4390-BS1,TCGA-05-4390-01A-01-BS1_x26768y16464,26768,16464,11.75906753540039
224,Fibro_adventitial,3,28,2,8,4390-BS1,TCGA-05-4390-01A-01-BS1_x17584y5040,17584,5040,11.768394470214844
224,Fibro_adventitial,3,29,2,9,4245-BS1,TCGA-05-4245-01A-01-BS1_x7280y7728,7280,7728,11.798723220825195
224,Fibro_adventitial,3,30,3,0,4390-BS1,TCGA-05-4390-01A-01-BS1_x7056y8400,7056,8400,11.812028884887695
224,Fibro_adventitial,3,31,3,1,4245-TS1,TCGA-05-4245-01A-01-TS1_x7280y4592,7280,4592,11.82055377960205
224,Fibro_adventitial,3,32,3,2,4245-BS1,TCGA-05-4245-01A-01-BS1_x5488y9520,5488,9520,11.869096755981445
224,Fibro_adventitial,3,33,3,3,4390-BS1,TCGA-05-4390-01A-01-BS1_x32592y14000,32592,14000,11.891565322875977
224,Fibro_adventitial,3,34,3,4,4390-BS1,TCGA-05-4390-01A-01-BS1_x19824y9744,19824,9744,11.920854568481445
224,Fibro_adventitial,3,35,3,5,4245-BS1,TCGA-05-4245-01A-01-BS1_x9520y10864,9520,10864,11.93192195892334
224,Fibro_adventitial,3,36,3,6,4390-BS1,TCGA-05-4390-01A-01-BS1_x29904y4592,29904,4592,11.943031311035156
224,Fibro_adventitial,3,37,3,7,4390-BS1,TCGA-05-4390-01A-01-BS1_x16464y14224,16464,14224,11.94926929473877
224,Fibro_adventitial,3,38,3,8,4245-TS1,TCGA-05-4245-01A-01-TS1_x5488y10640,5488,10640,11.95954418182373
224,Fibro_adventitial,3,39,3,9,4245-BS1,TCGA-05-4245-01A-01-BS1_x11088y11088,11088,11088,11.9725341796875
224,Fibro_adventitial,3,40,4,0,4245-TS1,TCGA-05-4245-01A-01-TS1_x3472y9520,3472,9520,12.009936332702637
224,Fibro_adventitial,3,41,4,1,4245-TS1,TCGA-05-4245-01A-01-TS1_x7504y5040,7504,5040,12.020733833312988
224,Fibro_adventitial,3,42,4,2,4245-BS1,TCGA-05-4245-01A-01-BS1_x6832y5712,6832,5712,12.023409843444824
224,Fibro_adventitial,3,43,4,3,4390-BS1,TCGA-05-4390-01A-01-BS1_x17360y4816,17360,4816,12.042262077331543
224,Fibro_adventitial,3,44,4,4,4390-BS1,TCGA-05-4390-01A-01-BS1_x18928y8400,18928,8400,12.05968952178955
224,Fibro_adventitial,3,45,4,5,4390-BS1,TCGA-05-4390-01A-01-BS1_x7728y19376,7728,19376,12.070515632629395
224,Fibro_adventitial,3,46,4,6,4390-BS1,TCGA-05-4390-01A-01-BS1_x11312y1680,11312,1680,12.07426643371582
224,Fibro_adventitial,3,47,4,7,4390-BS1,TCGA-05-4390-01A-01-BS1_x6608y17584,6608,17584,12.107908248901367
224,Fibro_adventitial,3,48,4,8,4245-BS1,TCGA-05-4245-01A-01-BS1_x6384y7056,6384,7056,12.125249862670898
224,Fibro_adventitial,3,49,4,9,4390-BS1,TCGA-05-4390-01A-01-BS1_x6384y9296,6384,9296,12.134437561035156
224,Fibro_adventitial,3,50,5,0,4245-BS1,TCGA-05-4245-01A-01-BS1_x6832y7728,6832,7728,12.15499496459961
224,Fibro_adventitial,3,51,5,1,4245-BS1,TCGA-05-4245-01A-01-BS1_x10640y7952,10640,7952,12.159672737121582
224,Fibro_adventitial,3,52,5,2,4390-BS1,TCGA-05-4390-01A-01-BS1_x5040y4592,5040,4592,12.161215782165527
224,Fibro_adventitial,3,53,5,3,4245-BS1,TCGA-05-4245-01A-01-BS1_x9744y6384,9744,6384,12.164746284484863
224,Fibro_adventitial,3,54,5,4,4390-BS1,TCGA-05-4390-01A-01-BS1_x27664y3920,27664,3920,12.169218063354492
224,Fibro_adventitial,3,55,5,5,4390-BS1,TCGA-05-4390-01A-01-BS1_x18928y5712,18928,5712,12.17103385925293
224,Fibro_adventitial,3,56,5,6,4245-BS1,TCGA-05-4245-01A-01-BS1_x6384y4816,6384,4816,12.17634105682373
224,Fibro_adventitial,3,57,5,7,4390-BS1,TCGA-05-4390-01A-01-BS1_x31024y5936,31024,5936,12.178701400756836
224,Fibro_adventitial,3,58,5,8,4390-BS1,TCGA-05-4390-01A-01-BS1_x22512y17584,22512,17584,12.179465293884277
224,Fibro_adventitial,3,59,5,9,4245-BS1,TCGA-05-4245-01A-01-BS1_x8848y11984,8848,11984,12.181209564208984
224,Fibro_adventitial,3,60,6,0,4390-BS1,TCGA-05-4390-01A-01-BS1_x16464y1680,16464,1680,12.182979583740234
224,Fibro_adventitial,3,61,6,1,4390-BS1,TCGA-05-4390-01A-01-BS1_x5264y10864,5264,10864,12.187148094177246
224,Fibro_adventitial,3,62,6,2,4390-BS1,TCGA-05-4390-01A-01-BS1_x4816y8400,4816,8400,12.189497947692871
224,Fibro_adventitial,3,63,6,3,4245-BS1,TCGA-05-4245-01A-01-BS1_x6160y8848,6160,8848,12.194226264953613
224,Fibro_adventitial,3,64,6,4,4390-BS1,TCGA-05-4390-01A-01-BS1_x22736y8848,22736,8848,12.217503547668457
224,Fibro_adventitial,3,65,6,5,4245-TS1,TCGA-05-4245-01A-01-TS1_x6608y4144,6608,4144,12.217528343200684
224,Fibro_adventitial,3,66,6,6,4390-BS1,TCGA-05-4390-01A-01-BS1_x13552y1232,13552,1232,12.243670463562012
224,Fibro_adventitial,3,67,6,7,4390-BS1,TCGA-05-4390-01A-01-BS1_x3920y18480,3920,18480,12.253350257873535
224,Fibro_adventitial,3,68,6,8,4390-BS1,TCGA-05-4390-01A-01-BS1_x28112y4816,28112,4816,12.254663467407227
224,Fibro_adventitial,3,69,6,9,4390-BS1,TCGA-05-4390-01A-01-BS1_x6160y1904,6160,1904,12.278061866760254
224,Fibro_adventitial,3,70,7,0,4245-BS1,TCGA-05-4245-01A-01-BS1_x8400y11312,8400,11312,12.286993026733398
224,Fibro_adventitial,3,71,7,1,4390-BS1,TCGA-05-4390-01A-01-BS1_x21168y5936,21168,5936,12.306706428527832
224,Fibro_adventitial,3,72,7,2,4245-TS1,TCGA-05-4245-01A-01-TS1_x11536y7056,11536,7056,12.319594383239746
224,Fibro_adventitial,3,73,7,3,4390-BS1,TCGA-05-4390-01A-01-BS1_x27888y4144,27888,4144,12.325565338134766
224,Fibro_adventitial,3,74,7,4,4390-BS1,TCGA-05-4390-01A-01-BS1_x6832y2128,6832,2128,12.341846466064453
224,Fibro_adventitial,3,75,7,5,4390-BS1,TCGA-05-4390-01A-01-BS1_x15568y4816,15568,4816,12.34588623046875
224,Fibro_adventitial,3,76,7,6,4390-BS1,TCGA-05-4390-01A-01-BS1_x25648y5488,25648,5488,12.376814842224121
224,Fibro_adventitial,3,77,7,7,4390-BS1,TCGA-05-4390-01A-01-BS1_x21168y1232,21168,1232,12.380677223205566
224,Fibro_adventitial,3,78,7,8,4245-BS1,TCGA-05-4245-01A-01-BS1_x5040y9744,5040,9744,12.382095336914062
224,Fibro_adventitial,3,79,7,9,4390-BS1,TCGA-05-4390-01A-01-BS1_x7056y7728,7056,7728,12.387772560119629
224,Fibro_adventitial,3,80,8,0,4390-BS1,TCGA-05-4390-01A-01-BS1_x26768y16912,26768,16912,12.388863563537598
224,Fibro_adventitial,3,81,8,1,4390-BS1,TCGA-05-4390-01A-01-BS1_x14896y17360,14896,17360,12.39432144165039
224,Fibro_adventitial,3,82,8,2,4390-BS1,TCGA-05-4390-01A-01-BS1_x20496y2352,20496,2352,12.395746231079102
224,Fibro_adventitial,3,83,8,3,4390-BS1,TCGA-05-4390-01A-01-BS1_x22736y16912,22736,16912,12.402917861938477
224,Fibro_adventitial,3,84,8,4,4390-BS1,TCGA-05-4390-01A-01-BS1_x6384y9072,6384,9072,12.41162109375
224,Fibro_adventitial,3,85,8,5,4245-TS1,TCGA-05-4245-01A-01-TS1_x6608y4368,6608,4368,12.418182373046875
224,Fibro_adventitial,3,86,8,6,4390-BS1,TCGA-05-4390-01A-01-BS1_x11536y13104,11536,13104,12.418747901916504
224,Fibro_adventitial,3,87,8,7,4390-BS1,TCGA-05-4390-01A-01-BS1_x31024y6160,31024,6160,12.419599533081055
224,Fibro_adventitial,3,88,8,8,4390-BS1,TCGA-05-4390-01A-01-BS1_x18928y14000,18928,14000,12.426794052124023
224,Fibro_adventitial,3,89,8,9,4245-TS1,TCGA-05-4245-01A-01-TS1_x8400y4816,8400,4816,12.442477226257324
224,Fibro_adventitial,3,90,9,0,4245-BS1,TCGA-05-4245-01A-01-BS1_x12432y12208,12432,12208,12.462230682373047
224,Fibro_adventitial,3,91,9,1,4245-BS1,TCGA-05-4245-01A-01-BS1_x5712y6832,5712,6832,12.462422370910645
224,Fibro_adventitial,3,92,9,2,4390-BS1,TCGA-05-4390-01A-01-BS1_x18704y9744,18704,9744,12.47253131866455
224,Fibro_adventitial,3,93,9,3,4390-BS1,TCGA-05-4390-01A-01-BS1_x9072y16240,9072,16240,12.486905097961426
224,Fibro_adventitial,3,94,9,4,4245-TS1,TCGA-05-4245-01A-01-TS1_x6384y4368,6384,4368,12.49687385559082
224,Fibro_adventitial,3,95,9,5,4390-BS1,TCGA-05-4390-01A-01-BS1_x13104y15792,13104,15792,12.50131607055664
224,Fibro_adventitial,3,96,9,6,4245-BS1,TCGA-05-4245-01A-01-BS1_x5488y12656,5488,12656,12.506166458129883
224,Fibro_adventitial,3,97,9,7,4390-BS1,TCGA-05-4390-01A-01-BS1_x14224y5712,14224,5712,12.524757385253906
224,Fibro_adventitial,3,98,9,8,4245-BS1,TCGA-05-4245-01A-01-BS1_x9296y11760,9296,11760,12.543987274169922
224,Fibro_adventitial,3,99,9,9,4245-TS1,TCGA-05-4245-01A-01-TS1_x11088y2128,11088,2128,12.550273895263672
224,Muscle_smooth_syst_arterial,4,0,0,0,4390-BS1,TCGA-05-4390-01A-01-BS1_x17808y14896,17808,14896,11.179091453552246
224,Muscle_smooth_syst_arterial,4,1,0,1,4390-BS1,TCGA-05-4390-01A-01-BS1_x24304y15120,24304,15120,11.280001640319824
224,Muscle_smooth_syst_arterial,4,2,0,2,4390-BS1,TCGA-05-4390-01A-01-BS1_x18032y13552,18032,13552,11.405146598815918
224,Muscle_smooth_syst_arterial,4,3,0,3,4245-BS1,TCGA-05-4245-01A-01-BS1_x9296y12656,9296,12656,11.427163124084473
224,Muscle_smooth_syst_arterial,4,4,0,4,4245-BS1,TCGA-05-4245-01A-01-BS1_x10864y3920,10864,3920,11.718972206115723
224,Muscle_smooth_syst_arterial,4,5,0,5,4390-BS1,TCGA-05-4390-01A-01-BS1_x29232y1232,29232,1232,11.735098838806152
224,Muscle_smooth_syst_arterial,4,6,0,6,4390-BS1,TCGA-05-4390-01A-01-BS1_x3920y17584,3920,17584,11.746955871582031
224,Muscle_smooth_syst_arterial,4,7,0,7,4245-BS1,TCGA-05-4245-01A-01-BS1_x10864y4144,10864,4144,11.86051082611084
224,Muscle_smooth_syst_arterial,4,8,0,8,4245-TS1,TCGA-05-4245-01A-01-TS1_x2128y8624,2128,8624,11.8990478515625
224,Muscle_smooth_syst_arterial,4,9,0,9,4390-BS1,TCGA-05-4390-01A-01-BS1_x18032y6160,18032,6160,12.009554862976074
224,Muscle_smooth_syst_arterial,4,10,1,0,4245-BS1,TCGA-05-4245-01A-01-BS1_x12656y5712,12656,5712,12.018187522888184
224,Muscle_smooth_syst_arterial,4,11,1,1,4390-BS1,TCGA-05-4390-01A-01-BS1_x16464y16016,16464,16016,12.040461540222168
224,Muscle_smooth_syst_arterial,4,12,1,2,4245-TS1,TCGA-05-4245-01A-01-TS1_x2128y8176,2128,8176,12.043294906616211
224,Muscle_smooth_syst_arterial,4,13,1,3,4390-BS1,TCGA-05-4390-01A-01-BS1_x33040y14672,33040,14672,12.190282821655273
224,Muscle_smooth_syst_arterial,4,14,1,4,4390-BS1,TCGA-05-4390-01A-01-BS1_x19824y14896,19824,14896,12.248281478881836
224,Muscle_smooth_syst_arterial,4,15,1,5,4245-BS1,TCGA-05-4245-01A-01-BS1_x14448y3920,14448,3920,12.261160850524902
224,Muscle_smooth_syst_arterial,4,16,1,6,4245-TS1,TCGA-05-4245-01A-01-TS1_x4144y6384,4144,6384,12.355680465698242
224,Muscle_smooth_syst_arterial,4,17,1,7,4390-BS1,TCGA-05-4390-01A-01-BS1_x9968y14224,9968,14224,12.37096881866455
224,Muscle_smooth_syst_arterial,4,18,1,8,4390-BS1,TCGA-05-4390-01A-01-BS1_x6832y18032,6832,18032,12.385136604309082
224,Muscle_smooth_syst_arterial,4,19,1,9,4245-TS1,TCGA-05-4245-01A-01-TS1_x3920y6832,3920,6832,12.435571670532227
224,Muscle_smooth_syst_arterial,4,20,2,0,4245-TS1,TCGA-05-4245-01A-01-TS1_x5264y7728,5264,7728,12.441215515136719
224,Muscle_smooth_syst_arterial,4,21,2,1,4390-BS1,TCGA-05-4390-01A-01-BS1_x6160y17136,6160,17136,12.512248039245605
224,Muscle_smooth_syst_arterial,4,22,2,2,4245-BS1,TCGA-05-4245-01A-01-BS1_x11760y4592,11760,4592,12.536818504333496
224,Muscle_smooth_syst_arterial,4,23,2,3,4390-BS1,TCGA-05-4390-01A-01-BS1_x29904y14896,29904,14896,12.540329933166504
224,Muscle_smooth_syst_arterial,4,24,2,4,4390-BS1,TCGA-05-4390-01A-01-BS1_x7728y11760,7728,11760,12.550360679626465
224,Muscle_smooth_syst_arterial,4,25,2,5,4390-BS1,TCGA-05-4390-01A-01-BS1_x16240y16912,16240,16912,12.604463577270508
224,Muscle_smooth_syst_arterial,4,26,2,6,4245-BS1,TCGA-05-4245-01A-01-BS1_x7504y11088,7504,11088,12.607000350952148
224,Muscle_smooth_syst_arterial,4,27,2,7,4390-BS1,TCGA-05-4390-01A-01-BS1_x16240y16016,16240,16016,12.698918342590332
224,Muscle_smooth_syst_arterial,4,28,2,8,4245-BS1,TCGA-05-4245-01A-01-BS1_x9072y11984,9072,11984,12.710304260253906
224,Muscle_smooth_syst_arterial,4,29,2,9,4390-BS1,TCGA-05-4390-01A-01-BS1_x30352y7280,30352,7280,12.798185348510742
224,Muscle_smooth_syst_arterial,4,30,3,0,4390-BS1,TCGA-05-4390-01A-01-BS1_x25872y2800,25872,2800,12.82198429107666
224,Muscle_smooth_syst_arterial,4,31,3,1,4390-BS1,TCGA-05-4390-01A-01-BS1_x17584y17584,17584,17584,12.84468936920166
224,Muscle_smooth_syst_arterial,4,32,3,2,4245-BS1,TCGA-05-4245-01A-01-BS1_x13552y9744,13552,9744,12.844720840454102
224,Muscle_smooth_syst_arterial,4,33,3,3,4390-BS1,TCGA-05-4390-01A-01-BS1_x18256y17136,18256,17136,12.890920639038086
224,Muscle_smooth_syst_arterial,4,34,3,4,4390-BS1,TCGA-05-4390-01A-01-BS1_x5040y8400,5040,8400,12.903180122375488
224,Muscle_smooth_syst_arterial,4,35,3,5,4245-BS1,TCGA-05-4245-01A-01-BS1_x12208y3024,12208,3024,12.90494441986084
224,Muscle_smooth_syst_arterial,4,36,3,6,4390-BS1,TCGA-05-4390-01A-01-BS1_x18032y13328,18032,13328,12.941289901733398
224,Muscle_smooth_syst_arterial,4,37,3,7,4390-BS1,TCGA-05-4390-01A-01-BS1_x19824y16240,19824,16240,12.991793632507324
224,Muscle_smooth_syst_arterial,4,38,3,8,4390-BS1,TCGA-05-4390-01A-01-BS1_x29904y6384,29904,6384,12.999777793884277
224,Muscle_smooth_syst_arterial,4,39,3,9,4390-BS1,TCGA-05-4390-01A-01-BS1_x19824y17360,19824,17360,13.01912784576416
224,Muscle_smooth_syst_arterial,4,40,4,0,4245-TS1,TCGA-05-4245-01A-01-TS1_x2128y9296,2128,9296,13.034525871276855
224,Muscle_smooth_syst_arterial,4,41,4,1,4390-BS1,TCGA-05-4390-01A-01-BS1_x16016y15568,16016,15568,13.037018775939941
224,Muscle_smooth_syst_arterial,4,42,4,2,4390-BS1,TCGA-05-4390-01A-01-BS1_x10864y17136,10864,17136,13.03903865814209
224,Muscle_smooth_syst_arterial,4,43,4,3,4390-BS1,TCGA-05-4390-01A-01-BS1_x11312y17584,11312,17584,13.061481475830078
224,Muscle_smooth_syst_arterial,4,44,4,4,4245-BS1,TCGA-05-4245-01A-01-BS1_x9744y6160,9744,6160,13.087543487548828
224,Muscle_smooth_syst_arterial,4,45,4,5,4245-BS1,TCGA-05-4245-01A-01-BS1_x10864y5936,10864,5936,13.097542762756348
224,Muscle_smooth_syst_arterial,4,46,4,6,4390-BS1,TCGA-05-4390-01A-01-BS1_x29904y3472,29904,3472,13.108397483825684
224,Muscle_smooth_syst_arterial,4,47,4,7,4390-BS1,TCGA-05-4390-01A-01-BS1_x15344y14000,15344,14000,13.124391555786133
224,Muscle_smooth_syst_arterial,4,48,4,8,4390-BS1,TCGA-05-4390-01A-01-BS1_x9968y6160,9968,6160,13.134563446044922
224,Muscle_smooth_syst_arterial,4,49,4,9,4390-BS1,TCGA-05-4390-01A-01-BS1_x26096y2576,26096,2576,13.156501770019531
224,Muscle_smooth_syst_arterial,4,50,5,0,4245-BS1,TCGA-05-4245-01A-01-BS1_x6832y3248,6832,3248,13.15845775604248
224,Muscle_smooth_syst_arterial,4,51,5,1,4390-BS1,TCGA-05-4390-01A-01-BS1_x24304y13776,24304,13776,13.15849494934082
224,Muscle_smooth_syst_arterial,4,52,5,2,4390-BS1,TCGA-05-4390-01A-01-BS1_x5488y3248,5488,3248,13.172819137573242
224,Muscle_smooth_syst_arterial,4,53,5,3,4390-BS1,TCGA-05-4390-01A-01-BS1_x5264y3248,5264,3248,13.174079895019531
224,Muscle_smooth_syst_arterial,4,54,5,4,4245-TS1,TCGA-05-4245-01A-01-TS1_x4144y8848,4144,8848,13.19206714630127
224,Muscle_smooth_syst_arterial,4,55,5,5,4245-BS1,TCGA-05-4245-01A-01-BS1_x11760y7952,11760,7952,13.19469165802002
224,Muscle_smooth_syst_arterial,4,56,5,6,4390-BS1,TCGA-05-4390-01A-01-BS1_x10640y14224,10640,14224,13.202422142028809
224,Muscle_smooth_syst_arterial,4,57,5,7,4245-BS1,TCGA-05-4245-01A-01-BS1_x9520y12656,9520,12656,13.232378959655762
224,Muscle_smooth_syst_arterial,4,58,5,8,4390-BS1,TCGA-05-4390-01A-01-BS1_x26096y2800,26096,2800,13.262802124023438
224,Muscle_smooth_syst_arterial,4,59,5,9,4245-BS1,TCGA-05-4245-01A-01-BS1_x13328y4592,13328,4592,13.281886100769043
224,Muscle_smooth_syst_arterial,4,60,6,0,4390-BS1,TCGA-05-4390-01A-01-BS1_x3920y17360,3920,17360,13.301900863647461
224,Muscle_smooth_syst_arterial,4,61,6,1,4390-BS1,TCGA-05-4390-01A-01-BS1_x25872y4144,25872,4144,13.339205741882324
224,Muscle_smooth_syst_arterial,4,62,6,2,4245-BS1,TCGA-05-4245-01A-01-BS1_x7504y11984,7504,11984,13.348175048828125
224,Muscle_smooth_syst_arterial,4,63,6,3,4245-BS1,TCGA-05-4245-01A-01-BS1_x14448y3024,14448,3024,13.355831146240234
224,Muscle_smooth_syst_arterial,4,64,6,4,4245-BS1,TCGA-05-4245-01A-01-BS1_x7504y11312,7504,11312,13.35787296295166
224,Muscle_smooth_syst_arterial,4,65,6,5,4245-BS1,TCGA-05-4245-01A-01-BS1_x11088y4368,11088,4368,13.366826057434082
224,Muscle_smooth_syst_arterial,4,66,6,6,4245-BS1,TCGA-05-4245-01A-01-BS1_x13328y4816,13328,4816,13.369430541992188
224,Muscle_smooth_syst_arterial,4,67,6,7,4390-BS1,TCGA-05-4390-01A-01-BS1_x18256y12432,18256,12432,13.408926963806152
224,Muscle_smooth_syst_arterial,4,68,6,8,4390-BS1,TCGA-05-4390-01A-01-BS1_x10864y18032,10864,18032,13.415509223937988
224,Muscle_smooth_syst_arterial,4,69,6,9,4245-BS1,TCGA-05-4245-01A-01-BS1_x9520y8848,9520,8848,13.425263404846191
224,Muscle_smooth_syst_arterial,4,70,7,0,4390-BS1,TCGA-05-4390-01A-01-BS1_x7056y18704,7056,18704,13.450531959533691
224,Muscle_smooth_syst_arterial,4,71,7,1,4390-BS1,TCGA-05-4390-01A-01-BS1_x20496y3920,20496,3920,13.456461906433105
224,Muscle_smooth_syst_arterial,4,72,7,2,4390-BS1,TCGA-05-4390-01A-01-BS1_x17808y13776,17808,13776,13.456977844238281
224,Muscle_smooth_syst_arterial,4,73,7,3,4390-BS1,TCGA-05-4390-01A-01-BS1_x6608y17360,6608,17360,13.487008094787598
224,Muscle_smooth_syst_arterial,4,74,7,4,4390-BS1,TCGA-05-4390-01A-01-BS1_x19376y16240,19376,16240,13.500811576843262
224,Muscle_smooth_syst_arterial,4,75,7,5,4390-BS1,TCGA-05-4390-01A-01-BS1_x10192y2576,10192,2576,13.509629249572754
224,Muscle_smooth_syst_arterial,4,76,7,6,4390-BS1,TCGA-05-4390-01A-01-BS1_x24752y2576,24752,2576,13.521049499511719
224,Muscle_smooth_syst_arterial,4,77,7,7,4245-BS1,TCGA-05-4245-01A-01-BS1_x9520y5488,9520,5488,13.536263465881348
224,Muscle_smooth_syst_arterial,4,78,7,8,4390-BS1,TCGA-05-4390-01A-01-BS1_x23408y17584,23408,17584,13.577373504638672
224,Muscle_smooth_syst_arterial,4,79,7,9,4390-BS1,TCGA-05-4390-01A-01-BS1_x4368y7280,4368,7280,13.596709251403809
224,Muscle_smooth_syst_arterial,4,80,8,0,4245-BS1,TCGA-05-4245-01A-01-BS1_x13104y4592,13104,4592,13.598797798156738
224,Muscle_smooth_syst_arterial,4,81,8,1,4390-BS1,TCGA-05-4390-01A-01-BS1_x16912y12432,16912,12432,13.613471031188965
224,Muscle_smooth_syst_arterial,4,82,8,2,4390-BS1,TCGA-05-4390-01A-01-BS1_x17584y17360,17584,17360,13.644426345825195
224,Muscle_smooth_syst_arterial,4,83,8,3,4390-BS1,TCGA-05-4390-01A-01-BS1_x11760y8400,11760,8400,13.672440528869629
224,Muscle_smooth_syst_arterial,4,84,8,4,4390-BS1,TCGA-05-4390-01A-01-BS1_x28784y2128,28784,2128,13.682750701904297
224,Muscle_smooth_syst_arterial,4,85,8,5,4245-TS1,TCGA-05-4245-01A-01-TS1_x6160y7952,6160,7952,13.685375213623047
224,Muscle_smooth_syst_arterial,4,86,8,6,4245-BS1,TCGA-05-4245-01A-01-BS1_x7728y2576,7728,2576,13.71377944946289
224,Muscle_smooth_syst_arterial,4,87,8,7,4390-BS1,TCGA-05-4390-01A-01-BS1_x15120y13552,15120,13552,13.72917366027832
224,Muscle_smooth_syst_arterial,4,88,8,8,4390-BS1,TCGA-05-4390-01A-01-BS1_x18032y14448,18032,14448,13.729391098022461
224,Muscle_smooth_syst_arterial,4,89,8,9,4390-BS1,TCGA-05-4390-01A-01-BS1_x22512y4368,22512,4368,13.730870246887207
224,Muscle_smooth_syst_arterial,4,90,9,0,4390-BS1,TCGA-05-4390-01A-01-BS1_x9968y14448,9968,14448,13.731039047241211
224,Muscle_smooth_syst_arterial,4,91,9,1,4390-BS1,TCGA-05-4390-01A-01-BS1_x20944y6608,20944,6608,13.7392578125
224,Muscle_smooth_syst_arterial,4,92,9,2,4390-BS1,TCGA-05-4390-01A-01-BS1_x7280y18704,7280,18704,13.742512702941895
224,Muscle_smooth_syst_arterial,4,93,9,3,4390-BS1,TCGA-05-4390-01A-01-BS1_x22288y15344,22288,15344,13.745399475097656
224,Muscle_smooth_syst_arterial,4,94,9,4,4245-BS1,TCGA-05-4245-01A-01-BS1_x7504y9072,7504,9072,13.769694328308105
224,Muscle_smooth_syst_arterial,4,95,9,5,4390-BS1,TCGA-05-4390-01A-01-BS1_x28784y5488,28784,5488,13.816125869750977
224,Muscle_smooth_syst_arterial,4,96,9,6,4390-BS1,TCGA-05-4390-01A-01-BS1_x5488y6384,5488,6384,13.846322059631348
224,Muscle_smooth_syst_arterial,4,97,9,7,4390-BS1,TCGA-05-4390-01A-01-BS1_x24304y14672,24304,14672,13.853047370910645
224,Muscle_smooth_syst_arterial,4,98,9,8,4245-BS1,TCGA-05-4245-01A-01-BS1_x5488y11088,5488,11088,13.875378608703613
224,Muscle_smooth_syst_arterial,4,99,9,9,4390-BS1,TCGA-05-4390-01A-01-BS1_x4816y19376,4816,19376,13.893083572387695
224,SMG_Serous,5,0,0,0,4245-TS1,TCGA-05-4245-01A-01-TS1_x4592y5040,4592,5040,9.512358665466309
224,SMG_Serous,5,1,0,1,4245-BS1,TCGA-05-4245-01A-01-BS1_x10640y4592,10640,4592,10.07020378112793
224,SMG_Serous,5,2,0,2,4390-BS1,TCGA-05-4390-01A-01-BS1_x30576y1456,30576,1456,10.554856300354004
224,SMG_Serous,5,3,0,3,4245-BS1,TCGA-05-4245-01A-01-BS1_x2800y8400,2800,8400,10.649796485900879
224,SMG_Serous,5,4,0,4,4245-BS1,TCGA-05-4245-01A-01-BS1_x4144y10640,4144,10640,10.714943885803223
224,SMG_Serous,5,5,0,5,4390-BS1,TCGA-05-4390-01A-01-BS1_x25872y16688,25872,16688,10.788063049316406
224,SMG_Serous,5,6,0,6,4245-BS1,TCGA-05-4245-01A-01-BS1_x5040y5712,5040,5712,10.89529037475586
224,SMG_Serous,5,7,0,7,4245-TS1,TCGA-05-4245-01A-01-TS1_x4368y11088,4368,11088,11.034433364868164
224,SMG_Serous,5,8,0,8,4390-BS1,TCGA-05-4390-01A-01-BS1_x5264y5712,5264,5712,11.08040714263916
224,SMG_Serous,5,9,0,9,4245-BS1,TCGA-05-4245-01A-01-BS1_x15120y4144,15120,4144,11.099336624145508
224,SMG_Serous,5,10,1,0,4390-BS1,TCGA-05-4390-01A-01-BS1_x8624y17808,8624,17808,11.127579689025879
224,SMG_Serous,5,11,1,1,4245-TS1,TCGA-05-4245-01A-01-TS1_x7056y4816,7056,4816,11.196008682250977
224,SMG_Serous,5,12,1,2,4245-BS1,TCGA-05-4245-01A-01-BS1_x10640y5936,10640,5936,11.203927993774414
224,SMG_Serous,5,13,1,3,4245-BS1,TCGA-05-4245-01A-01-BS1_x11536y11536,11536,11536,11.275379180908203
224,SMG_Serous,5,14,1,4,4390-BS1,TCGA-05-4390-01A-01-BS1_x26544y14448,26544,14448,11.281964302062988
224,SMG_Serous,5,15,1,5,4390-BS1,TCGA-05-4390-01A-01-BS1_x3696y6384,3696,6384,11.350347518920898
224,SMG_Serous,5,16,1,6,4245-BS1,TCGA-05-4245-01A-01-BS1_x10640y4816,10640,4816,11.363080024719238
224,SMG_Serous,5,17,1,7,4390-BS1,TCGA-05-4390-01A-01-BS1_x31920y9072,31920,9072,11.39334774017334
224,SMG_Serous,5,18,1,8,4245-BS1,TCGA-05-4245-01A-01-BS1_x13552y5264,13552,5264,11.452028274536133
224,SMG_Serous,5,19,1,9,4390-BS1,TCGA-05-4390-01A-01-BS1_x28112y2128,28112,2128,11.461148262023926
224,SMG_Serous,5,20,2,0,4390-BS1,TCGA-05-4390-01A-01-BS1_x22288y16688,22288,16688,11.487627029418945
224,SMG_Serous,5,21,2,1,4245-BS1,TCGA-05-4245-01A-01-BS1_x14448y4144,14448,4144,11.564350128173828
224,SMG_Serous,5,22,2,2,4245-TS1,TCGA-05-4245-01A-01-TS1_x4144y10640,4144,10640,11.564708709716797
224,SMG_Serous,5,23,2,3,4390-BS1,TCGA-05-4390-01A-01-BS1_x32816y16016,32816,16016,11.576546669006348
224,SMG_Serous,5,24,2,4,4245-TS1,TCGA-05-4245-01A-01-TS1_x4368y8624,4368,8624,11.598357200622559
224,SMG_Serous,5,25,2,5,4390-BS1,TCGA-05-4390-01A-01-BS1_x6608y14672,6608,14672,11.60659408569336
224,SMG_Serous,5,26,2,6,4390-BS1,TCGA-05-4390-01A-01-BS1_x29904y2576,29904,2576,11.609320640563965
224,SMG_Serous,5,27,2,7,4390-BS1,TCGA-05-4390-01A-01-BS1_x24752y15120,24752,15120,11.623016357421875
224,SMG_Serous,5,28,2,8,4245-BS1,TCGA-05-4245-01A-01-BS1_x10864y4816,10864,4816,11.680379867553711
224,SMG_Serous,5,29,2,9,4245-BS1,TCGA-05-4245-01A-01-BS1_x14224y4144,14224,4144,11.686910629272461
224,SMG_Serous,5,30,3,0,4245-TS1,TCGA-05-4245-01A-01-TS1_x3920y6608,3920,6608,11.692255020141602
224,SMG_Serous,5,31,3,1,4245-TS1,TCGA-05-4245-01A-01-TS1_x4368y7728,4368,7728,11.701197624206543
224,SMG_Serous,5,32,3,2,4245-BS1,TCGA-05-4245-01A-01-BS1_x14672y4816,14672,4816,11.710338592529297
224,SMG_Serous,5,33,3,3,4245-BS1,TCGA-05-4245-01A-01-BS1_x9072y6608,9072,6608,11.732746124267578
224,SMG_Serous,5,34,3,4,4390-BS1,TCGA-05-4390-01A-01-BS1_x30800y2576,30800,2576,11.738175392150879
224,SMG_Serous,5,35,3,5,4245-BS1,TCGA-05-4245-01A-01-BS1_x15344y7952,15344,7952,11.804462432861328
224,SMG_Serous,5,36,3,6,4390-BS1,TCGA-05-4390-01A-01-BS1_x30352y14448,30352,14448,11.820876121520996
224,SMG_Serous,5,37,3,7,4390-BS1,TCGA-05-4390-01A-01-BS1_x6832y2352,6832,2352,11.828619956970215
224,SMG_Serous,5,38,3,8,4390-BS1,TCGA-05-4390-01A-01-BS1_x30576y14000,30576,14000,11.832810401916504
224,SMG_Serous,5,39,3,9,4390-BS1,TCGA-05-4390-01A-01-BS1_x13328y15120,13328,15120,11.833282470703125
224,SMG_Serous,5,40,4,0,4390-BS1,TCGA-05-4390-01A-01-BS1_x14000y11312,14000,11312,11.845222473144531
224,SMG_Serous,5,41,4,1,4245-TS1,TCGA-05-4245-01A-01-TS1_x5936y9968,5936,9968,11.846504211425781
224,SMG_Serous,5,42,4,2,4245-BS1,TCGA-05-4245-01A-01-BS1_x9072y7952,9072,7952,11.861741065979004
224,SMG_Serous,5,43,4,3,4245-BS1,TCGA-05-4245-01A-01-BS1_x15568y5040,15568,5040,11.870277404785156
224,SMG_Serous,5,44,4,4,4245-BS1,TCGA-05-4245-01A-01-BS1_x11536y6384,11536,6384,11.883243560791016
224,SMG_Serous,5,45,4,5,4390-BS1,TCGA-05-4390-01A-01-BS1_x31696y9520,31696,9520,11.884891510009766
224,SMG_Serous,5,46,4,6,4390-BS1,TCGA-05-4390-01A-01-BS1_x8176y4816,8176,4816,11.89218521118164
224,SMG_Serous,5,47,4,7,4390-BS1,TCGA-05-4390-01A-01-BS1_x5264y3920,5264,3920,11.892809867858887
224,SMG_Serous,5,48,4,8,4390-BS1,TCGA-05-4390-01A-01-BS1_x31920y13104,31920,13104,11.894777297973633
224,SMG_Serous,5,49,4,9,4390-BS1,TCGA-05-4390-01A-01-BS1_x24976y15344,24976,15344,11.90333366394043
224,SMG_Serous,5,50,5,0,4390-BS1,TCGA-05-4390-01A-01-BS1_x31920y13776,31920,13776,11.92050552368164
224,SMG_Serous,5,51,5,1,4390-BS1,TCGA-05-4390-01A-01-BS1_x6608y1680,6608,1680,11.920560836791992
224,SMG_Serous,5,52,5,2,4390-BS1,TCGA-05-4390-01A-01-BS1_x13104y9520,13104,9520,11.94415283203125
224,SMG_Serous,5,53,5,3,4390-BS1,TCGA-05-4390-01A-01-BS1_x21840y16240,21840,16240,11.994147300720215
224,SMG_Serous,5,54,5,4,4245-BS1,TCGA-05-4245-01A-01-BS1_x11760y11536,11760,11536,11.995710372924805
224,SMG_Serous,5,55,5,5,4245-BS1,TCGA-05-4245-01A-01-BS1_x14672y4368,14672,4368,12.016725540161133
224,SMG_Serous,5,56,5,6,4390-BS1,TCGA-05-4390-01A-01-BS1_x25872y4368,25872,4368,12.020012855529785
224,SMG_Serous,5,57,5,7,4245-BS1,TCGA-05-4245-01A-01-BS1_x12880y8176,12880,8176,12.032230377197266
224,SMG_Serous,5,58,5,8,4390-BS1,TCGA-05-4390-01A-01-BS1_x8624y17360,8624,17360,12.041206359863281
224,SMG_Serous,5,59,5,9,4390-BS1,TCGA-05-4390-01A-01-BS1_x29680y11536,29680,11536,12.049689292907715
224,SMG_Serous,5,60,6,0,4390-BS1,TCGA-05-4390-01A-01-BS1_x5264y7280,5264,7280,12.061267852783203
224,SMG_Serous,5,61,6,1,4390-BS1,TCGA-05-4390-01A-01-BS1_x4592y7504,4592,7504,12.101587295532227
224,SMG_Serous,5,62,6,2,4390-BS1,TCGA-05-4390-01A-01-BS1_x12208y16016,12208,16016,12.101797103881836
224,SMG_Serous,5,63,6,3,4245-BS1,TCGA-05-4245-01A-01-BS1_x13328y10416,13328,10416,12.104721069335938
224,SMG_Serous,5,64,6,4,4390-BS1,TCGA-05-4390-01A-01-BS1_x23408y15568,23408,15568,12.116365432739258
224,SMG_Serous,5,65,6,5,4245-BS1,TCGA-05-4245-01A-01-BS1_x13328y5040,13328,5040,12.163776397705078
224,SMG_Serous,5,66,6,6,4245-BS1,TCGA-05-4245-01A-01-BS1_x14896y6832,14896,6832,12.164453506469727
224,SMG_Serous,5,67,6,7,4390-BS1,TCGA-05-4390-01A-01-BS1_x31248y9520,31248,9520,12.178400993347168
224,SMG_Serous,5,68,6,8,4390-BS1,TCGA-05-4390-01A-01-BS1_x22064y17136,22064,17136,12.189619064331055
224,SMG_Serous,5,69,6,9,4245-BS1,TCGA-05-4245-01A-01-BS1_x11312y5936,11312,5936,12.193707466125488
224,SMG_Serous,5,70,7,0,4245-TS1,TCGA-05-4245-01A-01-TS1_x6160y3920,6160,3920,12.210922241210938
224,SMG_Serous,5,71,7,1,4245-BS1,TCGA-05-4245-01A-01-BS1_x15344y5264,15344,5264,12.220125198364258
224,SMG_Serous,5,72,7,2,4390-BS1,TCGA-05-4390-01A-01-BS1_x33040y9072,33040,9072,12.25281810760498
224,SMG_Serous,5,73,7,3,4390-BS1,TCGA-05-4390-01A-01-BS1_x25648y15568,25648,15568,12.25662899017334
224,SMG_Serous,5,74,7,4,4390-BS1,TCGA-05-4390-01A-01-BS1_x3696y10864,3696,10864,12.274614334106445
224,SMG_Serous,5,75,7,5,4245-BS1,TCGA-05-4245-01A-01-BS1_x13552y10192,13552,10192,12.280426025390625
224,SMG_Serous,5,76,7,6,4245-TS1,TCGA-05-4245-01A-01-TS1_x9520y5488,9520,5488,12.293035507202148
224,SMG_Serous,5,77,7,7,4245-BS1,TCGA-05-4245-01A-01-BS1_x14224y6160,14224,6160,12.301037788391113
224,SMG_Serous,5,78,7,8,4245-BS1,TCGA-05-4245-01A-01-BS1_x14896y4816,14896,4816,12.34096622467041
224,SMG_Serous,5,79,7,9,4390-BS1,TCGA-05-4390-01A-01-BS1_x13776y8400,13776,8400,12.34548282623291
224,SMG_Serous,5,80,8,0,4245-TS1,TCGA-05-4245-01A-01-TS1_x4592y4368,4592,4368,12.359261512756348
224,SMG_Serous,5,81,8,1,4390-BS1,TCGA-05-4390-01A-01-BS1_x15344y18032,15344,18032,12.384294509887695
224,SMG_Serous,5,82,8,2,4390-BS1,TCGA-05-4390-01A-01-BS1_x20720y1232,20720,1232,12.388352394104004
224,SMG_Serous,5,83,8,3,4245-BS1,TCGA-05-4245-01A-01-BS1_x4368y11312,4368,11312,12.406250953674316
224,SMG_Serous,5,84,8,4,4245-BS1,TCGA-05-4245-01A-01-BS1_x11312y4368,11312,4368,12.418120384216309
224,SMG_Serous,5,85,8,5,4245-BS1,TCGA-05-4245-01A-01-BS1_x2576y10192,2576,10192,12.420173645019531
224,SMG_Serous,5,86,8,6,4245-TS1,TCGA-05-4245-01A-01-TS1_x7056y11088,7056,11088,12.431251525878906
224,SMG_Serous,5,87,8,7,4245-BS1,TCGA-05-4245-01A-01-BS1_x11312y14000,11312,14000,12.445382118225098
224,SMG_Serous,5,88,8,8,4390-BS1,TCGA-05-4390-01A-01-BS1_x33040y5488,33040,5488,12.45224380493164
224,SMG_Serous,5,89,8,9,4245-BS1,TCGA-05-4245-01A-01-BS1_x15120y5264,15120,5264,12.45271110534668
224,SMG_Serous,5,90,9,0,4245-BS1,TCGA-05-4245-01A-01-BS1_x13328y10640,13328,10640,12.460625648498535
224,SMG_Serous,5,91,9,1,4245-BS1,TCGA-05-4245-01A-01-BS1_x8624y5040,8624,5040,12.468072891235352
224,SMG_Serous,5,92,9,2,4390-BS1,TCGA-05-4390-01A-01-BS1_x23856y9744,23856,9744,12.47643756866455
224,SMG_Serous,5,93,9,3,4245-TS1,TCGA-05-4245-01A-01-TS1_x3248y4816,3248,4816,12.486659049987793
224,SMG_Serous,5,94,9,4,4390-BS1,TCGA-05-4390-01A-01-BS1_x10416y14896,10416,14896,12.495668411254883
224,SMG_Serous,5,95,9,5,4390-BS1,TCGA-05-4390-01A-01-BS1_x14896y2800,14896,2800,12.500519752502441
224,SMG_Serous,5,96,9,6,4245-TS1,TCGA-05-4245-01A-01-TS1_x3472y10416,3472,10416,12.51421070098877
224,SMG_Serous,5,97,9,7,4390-BS1,TCGA-05-4390-01A-01-BS1_x29008y2128,29008,2128,12.520172119140625
224,SMG_Serous,5,98,9,8,4390-BS1,TCGA-05-4390-01A-01-BS1_x25424y14000,25424,14000,12.532526969909668
224,SMG_Serous,5,99,9,9,4245-TS1,TCGA-05-4245-01A-01-TS1_x6832y10640,6832,10640,12.533740997314453
224,AT2,6,0,0,0,4390-BS1,TCGA-05-4390-01A-01-BS1_x11984y15568,11984,15568,9.91777229309082
224,AT2,6,1,0,1,4390-BS1,TCGA-05-4390-01A-01-BS1_x18256y13328,18256,13328,10.279366493225098
224,AT2,6,2,0,2,4390-BS1,TCGA-05-4390-01A-01-BS1_x30352y14672,30352,14672,10.298828125
224,AT2,6,3,0,3,4390-BS1,TCGA-05-4390-01A-01-BS1_x28336y16240,28336,16240,10.300516128540039
224,AT2,6,4,0,4,4390-BS1,TCGA-05-4390-01A-01-BS1_x14000y13104,14000,13104,10.364800453186035
224,AT2,6,5,0,5,4390-BS1,TCGA-05-4390-01A-01-BS1_x9520y16240,9520,16240,10.54774284362793
224,AT2,6,6,0,6,4245-TS1,TCGA-05-4245-01A-01-TS1_x2576y7504,2576,7504,10.62433910369873
224,AT2,6,7,0,7,4390-BS1,TCGA-05-4390-01A-01-BS1_x10192y18480,10192,18480,10.66362190246582
224,AT2,6,8,0,8,4390-BS1,TCGA-05-4390-01A-01-BS1_x28784y1456,28784,1456,10.673590660095215
224,AT2,6,9,0,9,4390-BS1,TCGA-05-4390-01A-01-BS1_x11088y17136,11088,17136,10.687871932983398
224,AT2,6,10,1,0,4390-BS1,TCGA-05-4390-01A-01-BS1_x24752y2352,24752,2352,10.694660186767578
224,AT2,6,11,1,1,4390-BS1,TCGA-05-4390-01A-01-BS1_x5712y15792,5712,15792,10.71696662902832
224,AT2,6,12,1,2,4245-TS1,TCGA-05-4245-01A-01-TS1_x3248y7056,3248,7056,10.775355339050293
224,AT2,6,13,1,3,4390-BS1,TCGA-05-4390-01A-01-BS1_x29232y3472,29232,3472,10.87210750579834
224,AT2,6,14,1,4,4390-BS1,TCGA-05-4390-01A-01-BS1_x24976y2352,24976,2352,10.911650657653809
224,AT2,6,15,1,5,4390-BS1,TCGA-05-4390-01A-01-BS1_x16240y7280,16240,7280,11.008291244506836
224,AT2,6,16,1,6,4390-BS1,TCGA-05-4390-01A-01-BS1_x10864y17808,10864,17808,11.00886344909668
224,AT2,6,17,1,7,4245-BS1,TCGA-05-4245-01A-01-BS1_x11088y4144,11088,4144,11.020533561706543
224,AT2,6,18,1,8,4390-BS1,TCGA-05-4390-01A-01-BS1_x20720y5936,20720,5936,11.056375503540039
224,AT2,6,19,1,9,4390-BS1,TCGA-05-4390-01A-01-BS1_x28560y2576,28560,2576,11.075591087341309
224,AT2,6,20,2,0,4390-BS1,TCGA-05-4390-01A-01-BS1_x22960y3024,22960,3024,11.129115104675293
224,AT2,6,21,2,1,4390-BS1,TCGA-05-4390-01A-01-BS1_x17136y12432,17136,12432,11.174333572387695
224,AT2,6,22,2,2,4390-BS1,TCGA-05-4390-01A-01-BS1_x29232y4144,29232,4144,11.176918983459473
224,AT2,6,23,2,3,4390-BS1,TCGA-05-4390-01A-01-BS1_x30128y5712,30128,5712,11.181967735290527
224,AT2,6,24,2,4,4390-BS1,TCGA-05-4390-01A-01-BS1_x26768y2128,26768,2128,11.182230949401855
224,AT2,6,25,2,5,4245-TS1,TCGA-05-4245-01A-01-TS1_x1232y9072,1232,9072,11.188288688659668
224,AT2,6,26,2,6,4390-BS1,TCGA-05-4390-01A-01-BS1_x29232y1456,29232,1456,11.19144344329834
224,AT2,6,27,2,7,4390-BS1,TCGA-05-4390-01A-01-BS1_x15344y14224,15344,14224,11.243206977844238
224,AT2,6,28,2,8,4390-BS1,TCGA-05-4390-01A-01-BS1_x29008y8624,29008,8624,11.25279712677002
224,AT2,6,29,2,9,4390-BS1,TCGA-05-4390-01A-01-BS1_x29232y2576,29232,2576,11.25480842590332
224,AT2,6,30,3,0,4245-TS1,TCGA-05-4245-01A-01-TS1_x8848y11312,8848,11312,11.257989883422852
224,AT2,6,31,3,1,4390-BS1,TCGA-05-4390-01A-01-BS1_x22288y3920,22288,3920,11.264904975891113
224,AT2,6,32,3,2,4390-BS1,TCGA-05-4390-01A-01-BS1_x13776y18480,13776,18480,11.271931648254395
224,AT2,6,33,3,3,4245-TS1,TCGA-05-4245-01A-01-TS1_x5040y11312,5040,11312,11.290395736694336
224,AT2,6,34,3,4,4390-BS1,TCGA-05-4390-01A-01-BS1_x23632y16016,23632,16016,11.349403381347656
224,AT2,6,35,3,5,4390-BS1,TCGA-05-4390-01A-01-BS1_x14672y12432,14672,12432,11.387918472290039
224,AT2,6,36,3,6,4390-BS1,TCGA-05-4390-01A-01-BS1_x27664y5264,27664,5264,11.411219596862793
224,AT2,6,37,3,7,4245-TS1,TCGA-05-4245-01A-01-TS1_x4144y10864,4144,10864,11.444571495056152
224,AT2,6,38,3,8,4390-BS1,TCGA-05-4390-01A-01-BS1_x21392y1232,21392,1232,11.519757270812988
224,AT2,6,39,3,9,4245-TS1,TCGA-05-4245-01A-01-TS1_x3472y6608,3472,6608,11.571727752685547
224,AT2,6,40,4,0,4245-BS1,TCGA-05-4245-01A-01-BS1_x12432y6384,12432,6384,11.572600364685059
224,AT2,6,41,4,1,4390-BS1,TCGA-05-4390-01A-01-BS1_x9968y18928,9968,18928,11.640543937683105
224,AT2,6,42,4,2,4390-BS1,TCGA-05-4390-01A-01-BS1_x26320y3920,26320,3920,11.682271003723145
224,AT2,6,43,4,3,4390-BS1,TCGA-05-4390-01A-01-BS1_x14224y13552,14224,13552,11.705760955810547
224,AT2,6,44,4,4,4245-TS1,TCGA-05-4245-01A-01-TS1_x6832y6384,6832,6384,11.719356536865234
224,AT2,6,45,4,5,4390-BS1,TCGA-05-4390-01A-01-BS1_x30352y9520,30352,9520,11.740755081176758
224,AT2,6,46,4,6,4245-BS1,TCGA-05-4245-01A-01-BS1_x10416y4816,10416,4816,11.767181396484375
224,AT2,6,47,4,7,4390-BS1,TCGA-05-4390-01A-01-BS1_x16688y12432,16688,12432,11.818340301513672
224,AT2,6,48,4,8,4245-BS1,TCGA-05-4245-01A-01-BS1_x12880y6384,12880,6384,11.90771484375
224,AT2,6,49,4,9,4245-TS1,TCGA-05-4245-01A-01-TS1_x3024y11312,3024,11312,11.93128776550293
224,AT2,6,50,5,0,4245-TS1,TCGA-05-4245-01A-01-TS1_x1232y8848,1232,8848,11.992155075073242
224,AT2,6,51,5,1,4390-BS1,TCGA-05-4390-01A-01-BS1_x25872y10192,25872,10192,11.996447563171387
224,AT2,6,52,5,2,4390-BS1,TCGA-05-4390-01A-01-BS1_x7728y19152,7728,19152,12.005575180053711
224,AT2,6,53,5,3,4390-BS1,TCGA-05-4390-01A-01-BS1_x25872y14896,25872,14896,12.015689849853516
224,AT2,6,54,5,4,4390-BS1,TCGA-05-4390-01A-01-BS1_x28560y5712,28560,5712,12.027556419372559
224,AT2,6,55,5,5,4390-BS1,TCGA-05-4390-01A-01-BS1_x14224y15344,14224,15344,12.060385704040527
224,AT2,6,56,5,6,4390-BS1,TCGA-05-4390-01A-01-BS1_x28112y2352,28112,2352,12.06460952758789
224,AT2,6,57,5,7,4390-BS1,TCGA-05-4390-01A-01-BS1_x24528y14896,24528,14896,12.078489303588867
224,AT2,6,58,5,8,4390-BS1,TCGA-05-4390-01A-01-BS1_x14672y14448,14672,14448,12.103891372680664
224,AT2,6,59,5,9,4390-BS1,TCGA-05-4390-01A-01-BS1_x15120y15344,15120,15344,12.112022399902344
224,AT2,6,60,6,0,4390-BS1,TCGA-05-4390-01A-01-BS1_x32592y9072,32592,9072,12.115372657775879
224,AT2,6,61,6,1,4245-BS1,TCGA-05-4245-01A-01-BS1_x8624y9520,8624,9520,12.118802070617676
224,AT2,6,62,6,2,4245-TS1,TCGA-05-4245-01A-01-TS1_x1904y8176,1904,8176,12.158493041992188
224,AT2,6,63,6,3,4390-BS1,TCGA-05-4390-01A-01-BS1_x18480y13104,18480,13104,12.213255882263184
224,AT2,6,64,6,4,4390-BS1,TCGA-05-4390-01A-01-BS1_x27216y1456,27216,1456,12.21619701385498
224,AT2,6,65,6,5,4390-BS1,TCGA-05-4390-01A-01-BS1_x29904y10640,29904,10640,12.225531578063965
224,AT2,6,66,6,6,4390-BS1,TCGA-05-4390-01A-01-BS1_x16016y16016,16016,16016,12.243762016296387
224,AT2,6,67,6,7,4390-BS1,TCGA-05-4390-01A-01-BS1_x7728y3472,7728,3472,12.24399185180664
224,AT2,6,68,6,8,4245-TS1,TCGA-05-4245-01A-01-TS1_x3024y10416,3024,10416,12.249874114990234
224,AT2,6,69,6,9,4390-BS1,TCGA-05-4390-01A-01-BS1_x27440y1232,27440,1232,12.265082359313965
224,AT2,6,70,7,0,4390-BS1,TCGA-05-4390-01A-01-BS1_x3920y9072,3920,9072,12.285720825195312
224,AT2,6,71,7,1,4390-BS1,TCGA-05-4390-01A-01-BS1_x19824y5040,19824,5040,12.290753364562988
224,AT2,6,72,7,2,4390-BS1,TCGA-05-4390-01A-01-BS1_x29008y1680,29008,1680,12.29270076751709
224,AT2,6,73,7,3,4245-TS1,TCGA-05-4245-01A-01-TS1_x5264y11312,5264,11312,12.294905662536621
224,AT2,6,74,7,4,4245-BS1,TCGA-05-4245-01A-01-BS1_x10192y3920,10192,3920,12.297768592834473
224,AT2,6,75,7,5,4390-BS1,TCGA-05-4390-01A-01-BS1_x23184y5712,23184,5712,12.31476879119873
224,AT2,6,76,7,6,4390-BS1,TCGA-05-4390-01A-01-BS1_x24976y15568,24976,15568,12.318432807922363
224,AT2,6,77,7,7,4390-BS1,TCGA-05-4390-01A-01-BS1_x20944y3248,20944,3248,12.354331970214844
224,AT2,6,78,7,8,4390-BS1,TCGA-05-4390-01A-01-BS1_x29680y4368,29680,4368,12.35459041595459
224,AT2,6,79,7,9,4390-BS1,TCGA-05-4390-01A-01-BS1_x13776y2576,13776,2576,12.356451034545898
224,AT2,6,80,8,0,4245-TS1,TCGA-05-4245-01A-01-TS1_x5040y5936,5040,5936,12.383651733398438
224,AT2,6,81,8,1,4390-BS1,TCGA-05-4390-01A-01-BS1_x28784y4144,28784,4144,12.3894681930542
224,AT2,6,82,8,2,4245-BS1,TCGA-05-4245-01A-01-BS1_x10416y4144,10416,4144,12.411130905151367
224,AT2,6,83,8,3,4390-BS1,TCGA-05-4390-01A-01-BS1_x23632y15792,23632,15792,12.434852600097656
224,AT2,6,84,8,4,4390-BS1,TCGA-05-4390-01A-01-BS1_x28112y1456,28112,1456,12.438079833984375
224,AT2,6,85,8,5,4390-BS1,TCGA-05-4390-01A-01-BS1_x26992y4144,26992,4144,12.462485313415527
224,AT2,6,86,8,6,4390-BS1,TCGA-05-4390-01A-01-BS1_x12880y5264,12880,5264,12.46492862701416
224,AT2,6,87,8,7,4390-BS1,TCGA-05-4390-01A-01-BS1_x15344y14448,15344,14448,12.47184944152832
224,AT2,6,88,8,8,4390-BS1,TCGA-05-4390-01A-01-BS1_x28784y5264,28784,5264,12.472225189208984
224,AT2,6,89,8,9,4245-TS1,TCGA-05-4245-01A-01-TS1_x4592y4144,4592,4144,12.475452423095703
224,AT2,6,90,9,0,4390-BS1,TCGA-05-4390-01A-01-BS1_x32816y14672,32816,14672,12.519231796264648
224,AT2,6,91,9,1,4245-BS1,TCGA-05-4245-01A-01-BS1_x14672y5040,14672,5040,12.519964218139648
224,AT2,6,92,9,2,4390-BS1,TCGA-05-4390-01A-01-BS1_x29008y3920,29008,3920,12.524422645568848
224,AT2,6,93,9,3,4390-BS1,TCGA-05-4390-01A-01-BS1_x9520y14672,9520,14672,12.568574905395508
224,AT2,6,94,9,4,4390-BS1,TCGA-05-4390-01A-01-BS1_x32368y15568,32368,15568,12.593124389648438
224,AT2,6,95,9,5,4390-BS1,TCGA-05-4390-01A-01-BS1_x24304y3024,24304,3024,12.601775169372559
224,AT2,6,96,9,6,4390-BS1,TCGA-05-4390-01A-01-BS1_x14896y18032,14896,18032,12.611886024475098
224,AT2,6,97,9,7,4390-BS1,TCGA-05-4390-01A-01-BS1_x30352y8400,30352,8400,12.619050979614258
224,AT2,6,98,9,8,4390-BS1,TCGA-05-4390-01A-01-BS1_x25648y11088,25648,11088,12.625210762023926
224,AT2,6,99,9,9,4390-BS1,TCGA-05-4390-01A-01-BS1_x32592y16016,32592,16016,12.647608757019043
224,Fibro_alveolar,7,0,0,0,4390-BS1,TCGA-05-4390-01A-01-BS1_x26096y4592,26096,4592,10.982686996459961
224,Fibro_alveolar,7,1,0,1,4390-BS1,TCGA-05-4390-01A-01-BS1_x28784y12656,28784,12656,12.009342193603516
224,Fibro_alveolar,7,2,0,2,4390-BS1,TCGA-05-4390-01A-01-BS1_x30800y6384,30800,6384,12.063051223754883
224,Fibro_alveolar,7,3,0,3,4245-TS1,TCGA-05-4245-01A-01-TS1_x3472y6160,3472,6160,12.671445846557617
224,Fibro_alveolar,7,4,0,4,4390-BS1,TCGA-05-4390-01A-01-BS1_x6832y12208,6832,12208,12.757055282592773
224,Fibro_alveolar,7,5,0,5,4390-BS1,TCGA-05-4390-01A-01-BS1_x31248y2128,31248,2128,12.785822868347168
224,Fibro_alveolar,7,6,0,6,4390-BS1,TCGA-05-4390-01A-01-BS1_x28560y9072,28560,9072,12.798529624938965
224,Fibro_alveolar,7,7,0,7,4390-BS1,TCGA-05-4390-01A-01-BS1_x30128y8624,30128,8624,12.866802215576172
224,Fibro_alveolar,7,8,0,8,4390-BS1,TCGA-05-4390-01A-01-BS1_x21168y2128,21168,2128,13.154439926147461
224,Fibro_alveolar,7,9,1,0,4390-BS1,TCGA-05-4390-01A-01-BS1_x26992y9744,26992,9744,13.276313781738281
224,Fibro_alveolar,7,10,1,1,4390-BS1,TCGA-05-4390-01A-01-BS1_x24976y2576,24976,2576,13.332315444946289
224,Fibro_alveolar,7,11,1,2,4390-BS1,TCGA-05-4390-01A-01-BS1_x21392y2128,21392,2128,13.337796211242676
224,Fibro_alveolar,7,12,1,3,4390-BS1,TCGA-05-4390-01A-01-BS1_x30128y9520,30128,9520,13.533215522766113
224,Fibro_alveolar,7,13,1,4,4390-BS1,TCGA-05-4390-01A-01-BS1_x18256y15120,18256,15120,13.579795837402344
224,Fibro_alveolar,7,14,1,5,4390-BS1,TCGA-05-4390-01A-01-BS1_x9744y19376,9744,19376,13.710357666015625
224,Fibro_alveolar,7,15,1,6,4390-BS1,TCGA-05-4390-01A-01-BS1_x33040y8176,33040,8176,13.79859733581543
224,Fibro_alveolar,7,16,1,7,4245-TS1,TCGA-05-4245-01A-01-TS1_x3248y7952,3248,7952,13.84719181060791
224,Fibro_alveolar,7,17,1,8,4390-BS1,TCGA-05-4390-01A-01-BS1_x23632y4144,23632,4144,13.85621166229248
224,Fibro_alveolar,7,18,2,0,4390-BS1,TCGA-05-4390-01A-01-BS1_x13328y18480,13328,18480,13.994668006896973
224,Fibro_alveolar,7,19,2,1,4390-BS1,TCGA-05-4390-01A-01-BS1_x27440y7280,27440,7280,14.060084342956543
224,Fibro_alveolar,7,20,2,2,4245-TS1,TCGA-05-4245-01A-01-TS1_x3696y6384,3696,6384,14.088666915893555
224,Fibro_alveolar,7,21,2,3,4390-BS1,TCGA-05-4390-01A-01-BS1_x23408y7728,23408,7728,14.142184257507324
224,Fibro_alveolar,7,22,2,4,4390-BS1,TCGA-05-4390-01A-01-BS1_x34384y13776,34384,13776,14.31613540649414
224,Fibro_alveolar,7,23,2,5,4390-BS1,TCGA-05-4390-01A-01-BS1_x20048y4816,20048,4816,14.471160888671875
224,Fibro_alveolar,7,24,2,6,4390-BS1,TCGA-05-4390-01A-01-BS1_x32368y14896,32368,14896,14.530765533447266
224,Fibro_alveolar,7,25,2,7,4390-BS1,TCGA-05-4390-01A-01-BS1_x26768y2576,26768,2576,14.591268539428711
224,Fibro_alveolar,7,26,2,8,4390-BS1,TCGA-05-4390-01A-01-BS1_x25648y3248,25648,3248,14.634465217590332
224,Fibro_alveolar,7,27,3,0,4390-BS1,TCGA-05-4390-01A-01-BS1_x14224y12208,14224,12208,14.756599426269531
224,Fibro_alveolar,7,28,3,1,4390-BS1,TCGA-05-4390-01A-01-BS1_x13104y2800,13104,2800,14.797770500183105
224,Fibro_alveolar,7,29,3,2,4390-BS1,TCGA-05-4390-01A-01-BS1_x26544y11760,26544,11760,14.895171165466309
224,Fibro_alveolar,7,30,3,3,4390-BS1,TCGA-05-4390-01A-01-BS1_x25424y6384,25424,6384,15.08753776550293
224,Fibro_alveolar,7,31,3,4,4390-BS1,TCGA-05-4390-01A-01-BS1_x31248y1680,31248,1680,15.136149406433105
224,Fibro_alveolar,7,32,3,5,4390-BS1,TCGA-05-4390-01A-01-BS1_x20048y14896,20048,14896,15.231586456298828
224,Fibro_alveolar,7,33,3,6,4390-BS1,TCGA-05-4390-01A-01-BS1_x13552y9968,13552,9968,15.256160736083984
224,Fibro_alveolar,7,34,3,7,4390-BS1,TCGA-05-4390-01A-01-BS1_x29008y1456,29008,1456,15.287623405456543
224,Fibro_alveolar,7,35,3,8,4390-BS1,TCGA-05-4390-01A-01-BS1_x15120y11984,15120,11984,15.348557472229004
224,Fibro_alveolar,7,36,4,0,4390-BS1,TCGA-05-4390-01A-01-BS1_x28112y8848,28112,8848,15.54565143585205
224,Fibro_alveolar,7,37,4,1,4390-BS1,TCGA-05-4390-01A-01-BS1_x27664y8848,27664,8848,15.713957786560059
224,Fibro_alveolar,7,38,4,2,4390-BS1,TCGA-05-4390-01A-01-BS1_x15120y3472,15120,3472,15.724550247192383
224,Fibro_alveolar,7,39,4,3,4390-BS1,TCGA-05-4390-01A-01-BS1_x15792y14224,15792,14224,15.801912307739258
224,Fibro_alveolar,7,40,4,4,4390-BS1,TCGA-05-4390-01A-01-BS1_x22064y2576,22064,2576,16.170146942138672
224,Fibro_alveolar,7,41,4,5,4390-BS1,TCGA-05-4390-01A-01-BS1_x12656y5488,12656,5488,16.372140884399414
224,Fibro_alveolar,7,42,4,6,4390-BS1,TCGA-05-4390-01A-01-BS1_x26768y17584,26768,17584,16.52133560180664
224,Fibro_alveolar,7,43,4,7,4390-BS1,TCGA-05-4390-01A-01-BS1_x3696y16688,3696,16688,17.063241958618164
224,Fibro_alveolar,7,44,4,8,4245-BS1,TCGA-05-4245-01A-01-BS1_x5040y6608,5040,6608,17.221242904663086
224,Fibro_alveolar,7,45,5,0,4390-BS1,TCGA-05-4390-01A-01-BS1_x14448y10416,14448,10416,17.296669006347656
224,Fibro_alveolar,7,46,5,1,4390-BS1,TCGA-05-4390-01A-01-BS1_x27216y1904,27216,1904,17.46186637878418
224,Fibro_alveolar,7,47,5,2,4390-BS1,TCGA-05-4390-01A-01-BS1_x23408y16464,23408,16464,17.46495246887207
224,Fibro_alveolar,7,48,5,3,4245-TS1,TCGA-05-4245-01A-01-TS1_x1456y6832,1456,6832,17.473512649536133
224,Fibro_alveolar,7,49,5,4,4390-BS1,TCGA-05-4390-01A-01-BS1_x28336y5712,28336,5712,17.5386962890625
224,Fibro_alveolar,7,50,5,5,4245-BS1,TCGA-05-4245-01A-01-BS1_x3472y7280,3472,7280,17.649520874023438
224,Fibro_alveolar,7,51,5,6,4390-BS1,TCGA-05-4390-01A-01-BS1_x29232y15568,29232,15568,18.101964950561523
224,Fibro_alveolar,7,52,5,7,4390-BS1,TCGA-05-4390-01A-01-BS1_x34384y13328,34384,13328,18.108901977539062
224,Fibro_alveolar,7,53,5,8,4390-BS1,TCGA-05-4390-01A-01-BS1_x26768y11760,26768,11760,18.121395111083984
224,Fibro_alveolar,7,54,6,0,4390-BS1,TCGA-05-4390-01A-01-BS1_x31248y7056,31248,7056,18.36097526550293
224,Fibro_alveolar,7,55,6,1,4245-TS1,TCGA-05-4245-01A-01-TS1_x3248y10864,3248,10864,18.468765258789062
224,Fibro_alveolar,7,56,6,2,4390-BS1,TCGA-05-4390-01A-01-BS1_x20496y2576,20496,2576,18.758920669555664
224,Fibro_alveolar,7,57,6,3,4390-BS1,TCGA-05-4390-01A-01-BS1_x29680y1232,29680,1232,19.231901168823242
224,Fibro_alveolar,7,58,6,4,4390-BS1,TCGA-05-4390-01A-01-BS1_x28784y1904,28784,1904,19.369287490844727
224,Fibro_alveolar,7,59,6,5,4245-BS1,TCGA-05-4245-01A-01-BS1_x4368y6160,4368,6160,19.467924118041992
224,Fibro_alveolar,7,60,6,6,4390-BS1,TCGA-05-4390-01A-01-BS1_x29456y11984,29456,11984,20.1259708404541
224,Fibro_alveolar,7,61,6,7,4390-BS1,TCGA-05-4390-01A-01-BS1_x28112y4144,28112,4144,20.230039596557617
224,Fibro_alveolar,7,62,6,8,4390-BS1,TCGA-05-4390-01A-01-BS1_x25200y13552,25200,13552,20.475980758666992
224,Fibro_alveolar,7,63,7,0,4390-BS1,TCGA-05-4390-01A-01-BS1_x6608y3920,6608,3920,21.634658813476562
224,Fibro_alveolar,7,64,7,1,4245-BS1,TCGA-05-4245-01A-01-BS1_x8176y2128,8176,2128,21.64409828186035
224,Fibro_alveolar,7,65,7,2,4245-BS1,TCGA-05-4245-01A-01-BS1_x10192y1904,10192,1904,21.664798736572266
224,Fibro_alveolar,7,66,7,3,4390-BS1,TCGA-05-4390-01A-01-BS1_x28336y2576,28336,2576,21.763263702392578
224,Fibro_alveolar,7,67,7,4,4390-BS1,TCGA-05-4390-01A-01-BS1_x23408y12880,23408,12880,21.829492568969727
224,Fibro_alveolar,7,68,7,5,4245-BS1,TCGA-05-4245-01A-01-BS1_x8624y17808,8624,17808,21.843690872192383
224,Fibro_alveolar,7,69,7,6,4390-BS1,TCGA-05-4390-01A-01-BS1_x17136y1232,17136,1232,22.520503997802734
224,Fibro_alveolar,7,70,7,7,4390-BS1,TCGA-05-4390-01A-01-BS1_x34608y13328,34608,13328,24.127195358276367
224,Fibro_alveolar,7,71,7,8,4390-BS1,TCGA-05-4390-01A-01-BS1_x15120y14896,15120,14896,24.659893035888672
224,Fibro_alveolar,7,72,8,0,4390-BS1,TCGA-05-4390-01A-01-BS1_x28560y11312,28560,11312,24.80426597595215
224,Fibro_alveolar,7,73,8,1,4390-BS1,TCGA-05-4390-01A-01-BS1_x33712y7504,33712,7504,26.142642974853516
224,Fibro_alveolar,7,74,8,2,4390-BS1,TCGA-05-4390-01A-01-BS1_x29456y15344,29456,15344,26.508562088012695
224,Fibro_alveolar,7,75,8,3,4390-BS1,TCGA-05-4390-01A-01-BS1_x22064y1680,22064,1680,29.958091735839844
224,Fibro_alveolar,7,76,8,4,4390-BS1,TCGA-05-4390-01A-01-BS1_x34160y16912,34160,16912,31.506046295166016
224,Fibro_alveolar,7,77,8,5,4390-BS1,TCGA-05-4390-01A-01-BS1_x33936y11536,33936,11536,32.37385177612305
224,Fibro_alveolar,7,78,8,6,4245-BS1,TCGA-05-4245-01A-01-BS1_x12656y3248,12656,3248,32.46943664550781
224,Fibro_alveolar,7,79,8,7,4245-BS1,TCGA-05-4245-01A-01-BS1_x13104y3696,13104,3696,48.057533264160156
224,Muscle_airway,8,0,0,0,4245-BS1,TCGA-05-4245-01A-01-BS1_x3920y8624,3920,8624,11.68571949005127
224,Muscle_airway,8,1,0,1,4245-BS1,TCGA-05-4245-01A-01-BS1_x11760y11984,11760,11984,11.808917045593262
224,Muscle_airway,8,2,0,2,4245-BS1,TCGA-05-4245-01A-01-BS1_x11536y10192,11536,10192,12.164176940917969
224,Muscle_airway,8,3,0,3,4245-BS1,TCGA-05-4245-01A-01-BS1_x9520y7056,9520,7056,12.38528823852539
224,Muscle_airway,8,4,0,4,4390-BS1,TCGA-05-4390-01A-01-BS1_x15568y16912,15568,16912,13.498039245605469
224,Muscle_airway,8,5,0,5,4245-BS1,TCGA-05-4245-01A-01-BS1_x7504y7504,7504,7504,13.611570358276367
224,Muscle_airway,8,6,0,6,4390-BS1,TCGA-05-4390-01A-01-BS1_x15568y7952,15568,7952,14.071008682250977
224,Muscle_airway,8,7,1,0,4245-BS1,TCGA-05-4245-01A-01-BS1_x11088y8176,11088,8176,14.084489822387695
224,Muscle_airway,8,8,1,1,4245-BS1,TCGA-05-4245-01A-01-BS1_x7504y7728,7504,7728,14.512081146240234
224,Muscle_airway,8,9,1,2,4245-BS1,TCGA-05-4245-01A-01-BS1_x9744y7952,9744,7952,14.695298194885254
224,Muscle_airway,8,10,1,3,4245-BS1,TCGA-05-4245-01A-01-BS1_x11760y10192,11760,10192,14.733967781066895
224,Muscle_airway,8,11,1,4,4390-BS1,TCGA-05-4390-01A-01-BS1_x5264y11088,5264,11088,15.278206825256348
224,Muscle_airway,8,12,1,5,4245-BS1,TCGA-05-4245-01A-01-BS1_x9744y7728,9744,7728,15.901262283325195
224,Muscle_airway,8,13,1,6,4245-BS1,TCGA-05-4245-01A-01-BS1_x10640y8848,10640,8848,16.023269653320312
224,Muscle_airway,8,14,2,0,4390-BS1,TCGA-05-4390-01A-01-BS1_x6608y10640,6608,10640,16.04383659362793
224,Muscle_airway,8,15,2,1,4390-BS1,TCGA-05-4390-01A-01-BS1_x5712y10864,5712,10864,16.078468322753906
224,Muscle_airway,8,16,2,2,4390-BS1,TCGA-05-4390-01A-01-BS1_x5488y10864,5488,10864,16.091493606567383
224,Muscle_airway,8,17,2,3,4390-BS1,TCGA-05-4390-01A-01-BS1_x16016y6160,16016,6160,16.14498519897461
224,Muscle_airway,8,18,2,4,4390-BS1,TCGA-05-4390-01A-01-BS1_x7280y16464,7280,16464,16.9930362701416
224,Muscle_airway,8,19,2,5,4245-BS1,TCGA-05-4245-01A-01-BS1_x5936y4592,5936,4592,17.01395606994629
224,Muscle_airway,8,20,2,6,4245-BS1,TCGA-05-4245-01A-01-BS1_x3696y8400,3696,8400,17.077463150024414
224,Muscle_airway,8,21,3,0,4245-BS1,TCGA-05-4245-01A-01-BS1_x8624y8848,8624,8848,17.193300247192383
224,Muscle_airway,8,22,3,1,4390-BS1,TCGA-05-4390-01A-01-BS1_x18928y9744,18928,9744,17.832971572875977
224,Muscle_airway,8,23,3,2,4245-BS1,TCGA-05-4245-01A-01-BS1_x7056y6832,7056,6832,18.087177276611328
224,Muscle_airway,8,24,3,3,4390-BS1,TCGA-05-4390-01A-01-BS1_x7056y16464,7056,16464,18.21687889099121
224,Muscle_airway,8,25,3,4,4245-BS1,TCGA-05-4245-01A-01-BS1_x9744y8400,9744,8400,18.359207153320312
224,Muscle_airway,8,26,3,5,4245-BS1,TCGA-05-4245-01A-01-BS1_x6384y4592,6384,4592,18.548046112060547
224,Muscle_airway,8,27,3,6,4245-BS1,TCGA-05-4245-01A-01-BS1_x11536y10640,11536,10640,18.577739715576172
224,Muscle_airway,8,28,4,0,4245-BS1,TCGA-05-4245-01A-01-BS1_x5936y7504,5936,7504,18.700658798217773
224,Muscle_airway,8,29,4,1,4245-BS1,TCGA-05-4245-01A-01-BS1_x7952y6832,7952,6832,18.872657775878906
224,Muscle_airway,8,30,4,2,4245-BS1,TCGA-05-4245-01A-01-BS1_x10192y8848,10192,8848,18.98066520690918
224,Muscle_airway,8,31,4,3,4245-BS1,TCGA-05-4245-01A-01-BS1_x8400y10416,8400,10416,19.488035202026367
224,Muscle_airway,8,32,4,4,4245-BS1,TCGA-05-4245-01A-01-BS1_x7504y6608,7504,6608,19.70819664001465
224,Muscle_airway,8,33,4,5,4245-BS1,TCGA-05-4245-01A-01-BS1_x11088y10864,11088,10864,20.41534996032715
224,Muscle_airway,8,34,4,6,4245-BS1,TCGA-05-4245-01A-01-BS1_x9744y7056,9744,7056,20.582338333129883
224,Muscle_airway,8,35,5,0,4245-BS1,TCGA-05-4245-01A-01-BS1_x10864y10864,10864,10864,23.054128646850586
224,Muscle_airway,8,36,5,1,4245-BS1,TCGA-05-4245-01A-01-BS1_x7728y14448,7728,14448,23.277240753173828
224,Muscle_airway,8,37,5,2,4245-BS1,TCGA-05-4245-01A-01-BS1_x9744y3248,9744,3248,26.180782318115234
224,Muscle_airway,8,38,5,3,4245-BS1,TCGA-05-4245-01A-01-BS1_x7280y12880,7280,12880,35.8757438659668
