cell_type,gene,r,p,rank,direction,p_bh
AT1,BAZ1B,-0.6144541923736109,3.389980755885702e-06,1,neg,1.450259146902974e-05
AT1,NCOR1,-0.5252879215838984,0.00012634647746634364,2,neg,0.00021145853969262534
AT1,NR2C2,-0.4777824112631762,0.0005942682916393327,3,neg,0.0007314071281714864
AT1,EPM2AIP1,-0.4510072577313598,0.001294727815024821,4,neg,0.0013921804462632482
AT1,FEN1,-0.4464837823254806,0.0014677891066217086,5,neg,0.0015573359221450489
AT2,BAZ1B,-0.5548237278455471,4.27068830477495e-05,1,neg,0.00010168305487559405
AT2,NCOR1,-0.5222065791939066,0.0001406803407368873,2,neg,0.00022874852152339397
AT2,NR2C2,-0.47845907268512916,0.0005822042024030694,3,neg,0.0007232350340410799
AT2,EPM2AIP1,-0.4451683810398614,0.0015218396843028614,4,neg,0.001606163255200909
AT2,ITGB7,-0.42993944774320764,0.0022895164564040726,5,neg,0.0023243821892427134
B_memory,NCOR1,-0.5385828389102922,7.851521526069938e-05,1,neg,0.0001565166478835991
B_memory,BAZ1B,-0.5062091011507908,0.00024181393021338593,2,neg,0.00034554187529448456
B_memory,ZFYVE19,-0.46844487073114843,0.0007853217830036119,3,neg,0.0009185050093609496
B_memory,EPM2AIP1,-0.4573452322223237,0.0010828735148642465,4,neg,0.0012048662195986053
B_memory,ITGB7,-0.4557394925687907,0.0011333877821686489,5,neg,0.0012403696658480426
B_naive,BAZ1B,-0.5980222554942496,7.170199079808981e-06,1,neg,2.5370226434211163e-05
B_naive,LAP3,-0.492724092981815,0.000374078112971965,2,neg,0.000501277203312516
B_naive,ITGB7,-0.48911211298502894,0.0004191789633798404,3,neg,0.0005524599187872691
B_naive,ZFYVE19,-0.4669295414857724,0.0008210573050573267,4,neg,0.0009575012303875529
B_naive,ERC1,-0.45659623187338844,0.001106179958943354,5,neg,0.0012222982971749768
B_plasma_IgA,CCDC88B,-0.7844277571961388,4.2195802407718475e-11,1,neg,2.8704372212473572e-08
B_plasma_IgA,SH3BP1,-0.7417266366551601,1.626332402082653e-09,2,neg,7.038276463702089e-08
B_plasma_IgA,BTN3A3,-0.7096374170047406,1.6333260965950558e-08,3,neg,2.010247503501607e-07
B_plasma_IgA,ICAM3,-0.7088103459242402,1.7263118268218136e-08,4,neg,2.0612678529215685e-07
B_plasma_IgA,LCP1,-0.7082108045674023,1.796796111896981e-08,5,neg,2.1045620611305692e-07
B_plasma_IgG,NPTN,-0.5995690050127621,6.693839437854621e-06,1,neg,2.412194392019683e-05
B_plasma_IgG,IGKV3D-7,-0.5704026485854075,2.3097174391306652e-05,2,neg,6.670664084131885e-05
B_plasma_IgG,CIRBP,-0.5582978060382653,3.733593225874188e-05,3,neg,9.482141526029683e-05
B_plasma_IgG,TRAPPC6B,-0.5439284746754903,6.447787699426222e-05,4,neg,0.00013903585335689966
B_plasma_IgG,IGHV3-30;IGHV3-30-5,-0.5420702645787817,6.907339319028871e-05,5,neg,0.00014503599620008129
B_plasmablast,CCDC88B,-0.6255299182436981,1.996680901950043e-06,1,neg,9.622558563614666e-06
B_plasmablast,GGT5,-0.6250565130107076,2.043230042270139e-06,2,neg,9.737209281088971e-06
B_plasmablast,PPP1R12A,-0.6172035459344981,2.9781958084118543e-06,3,neg,1.313887300106139e-05
B_plasmablast,H3-5,-0.6171263618866474,2.9890936077414665e-06,4,neg,1.313887300106139e-05
B_plasmablast,NFKB2,-0.6103764166895269,4.098664555973741e-06,5,neg,1.6560260832217137e-05
Basal,LAP3,-0.5993458713419415,6.760703887387365e-06,1,neg,2.4253646232779785e-05
Basal,PEA15,-0.5905112620320553,9.961536141522842e-06,2,neg,3.293069798850526e-05
Basal,YWHAH,-0.5518272176284613,4.78988938181768e-05,3,neg,0.00011074888744087121
Basal,ANAPC4,-0.5275084100671991,0.00011685626299051677,4,neg,0.00020061161028414896
Basal,TIGAR,-0.5239786100312279,0.00013226620806250367,5,neg,0.00021862183150827053
CD4_EM_Effector,BAZ1B,-0.6044812238319047,5.368047797826847e-06,1,neg,2.035278785905914e-05
CD4_EM_Effector,ITGB7,-0.4768793743766996,0.0006107186506658646,2,neg,0.0007482004908617024
CD4_EM_Effector,NCOR1,-0.45908213715508706,0.0010305076562979743,3,neg,0.0011530155594942368
CD4_EM_Effector,ERC1,-0.4480432985475687,0.0014059279675384673,4,neg,0.0014996564987076984
CD4_EM_Effector,LAP3,-0.44232557457931176,0.001644746801489294,5,neg,0.0017177512287094455
CD4_TRM,BAZ1B,-0.6095657617962263,4.254958475780057e-06,1,neg,1.6964956210432746e-05
CD4_TRM,LAP3,-0.5076551434844879,0.00023051131360762867,2,neg,0.0003322685601551404
CD4_TRM,ITGB7,-0.4852530606810584,0.00047273672189795946,3,neg,0.0006129487480038372
CD4_TRM,ERC1,-0.44674481254282095,0.0014572688721883331,4,neg,0.0015482272214484283
CD4_TRM,ZFYVE19,-0.4447555800799444,0.0015391634585824043,5,neg,0.001618043057642475
CD4_naive_CM,NCOR1,-0.49868499666376986,0.0003091510788375551,1,neg,0.0004286323450087419
CD4_naive_CM,PEX5,-0.4626029208014778,0.0009312540574570871,2,neg,0.0010627721055145075
CD4_naive_CM,DERPC,-0.4533427491201634,0.001212706214678727,3,neg,0.0013181589289986164
CD4_naive_CM,POLR2G,-0.44342495616284255,0.001596206169298453,4,neg,0.0016736106624361238
CD4_naive_CM,ATN1,-0.4415514666177815,0.0016797090400710868,5,neg,0.001747421628162379
CD8_EM,BAZ1B,-0.6019937917371062,6.005598671476875e-06,1,neg,2.2140455931711982e-05
CD8_EM,ITGB7,-0.4781966538544305,0.0005868564150270927,2,neg,0.0007278839256149987
CD8_EM,NCOR1,-0.4560601947000577,0.001123133873348392,3,neg,0.001230831642025635
CD8_EM,ERC1,-0.45294556099312855,0.0012263191240182714,4,neg,0.001329343223868045
CD8_EM,LAP3,-0.45237719423854494,0.0012460361484951665,5,neg,0.0013470661064812612
CD8_EM_EMRA,BAZ1B,-0.555358776446042,4.1836023644714615e-05,1,neg,0.00010109155460230329
CD8_EM_EMRA,NCOR1,-0.5350481849411377,8.927480456466519e-05,2,neg,0.00016730447358599354
CD8_EM_EMRA,ITGB7,-0.4872268800976449,0.0004446178072232687,3,neg,0.0005802516244349347
CD8_EM_EMRA,ZFYVE19,-0.43947214433674836,0.0017769143685328892,4,neg,0.001846144798475729
CD8_EM_EMRA,EPM2AIP1,-0.4391523010915147,0.001792301980031441,5,neg,0.0018597167107978637
CD8_TRM,BAZ1B,-0.5971034103937115,7.467815716255544e-06,1,neg,2.608843918342548e-05
CD8_TRM,ERC1,-0.5120034051804067,0.00019935049457808773,2,neg,0.00029692134169360463
CD8_TRM,LAP3,-0.4858186704307953,0.0004645195734904739,3,neg,0.0006032721733642518
CD8_TRM,ITGB7,-0.4295139628067593,0.002315175352286092,4,neg,0.002347452828680448
CD8_TRM,FEN1,-0.42291223453043036,0.0027472317582513117,5,neg,0.0027714822277440723
CD8_TRM_EM,BAZ1B,-0.5977547409716413,7.255696590879879e-06,1,neg,2.5458584529403087e-05
CD8_TRM_EM,NCOR1,-0.4797877593285201,0.0005591544710323859,2,neg,0.0007033389572734414
CD8_TRM_EM,ITGB7,-0.477825224570447,0.0005934983671227467,3,neg,0.0007314071281714864
CD8_TRM_EM,ERC1,-0.4627751915039509,0.000926625134333614,4,neg,0.0010590001535241303
CD8_TRM_EM,ZFYVE19,-0.4372035558836042,0.0018886402152931137,5,neg,0.0019445459102117
Chondrocyte,IGKV1-33;IGKV1D-33,-0.7168540921751567,9.992758620569475e-09,1,neg,1.4329699220588897e-07
Chondrocyte,THY1,-0.6888038001260814,6.232948690509943e-08,2,neg,5.342871620305861e-07
Chondrocyte,VCL,-0.6811981048626419,9.890859553607356e-08,3,neg,7.784842365514819e-07
Chondrocyte,CNN2,-0.680207896823711,1.049317568391217e-07,4,neg,8.150039366145375e-07
Chondrocyte,RFTN1,-0.671186965178787,1.7796137807835066e-07,5,neg,1.2168299355784661e-06
Ciliated,PEA15,-0.59084688767153,9.817973879888697e-06,1,neg,3.272657959962899e-05
Ciliated,YWHAH,-0.5649097097742998,2.8788288313208454e-05,2,neg,7.743646864076497e-05
Ciliated,LAP3,-0.5638743776734008,2.999547023940785e-05,3,neg,7.932132114968953e-05
Ciliated,ELOB,-0.5379067139934579,8.047683095147029e-05,4,neg,0.00015779770774798096
Ciliated,CWC27,-0.5277143928117178,0.00011600969668568162,5,neg,0.000200016718423589
DC_1,ZFYVE19,-0.5236146792299453,0.00013395590202791574,1,neg,0.000220958188912026
DC_1,NCOR1,-0.5174626629473531,0.00016565910628330016,2,neg,0.00026088048233590576
DC_1,BAZ1B,-0.4808391546081597,0.0005415009378100244,3,neg,0.0006865305075245951
DC_1,EPM2AIP1,-0.4751464700180811,0.0006434379964905812,4,neg,0.0007811083417184597
DC_1,ITGB7,-0.4598213740798854,0.0010089162632296311,5,neg,0.001133613778909698
DC_2,BAZ1B,-0.5639912537280537,2.9856903925651324e-05,1,neg,7.932132114968953e-05
DC_2,NCOR1,-0.49214243512357664,0.00038103105307385476,2,neg,0.0005097405392292371
DC_2,ZFYVE19,-0.4862767560335145,0.0004579591726536769,3,neg,0.0005966894757702631
DC_2,LRWD1,-0.4812432470988947,0.0005348506251767748,4,neg,0.0006791753970498729
DC_2,ITGB7,-0.4727661423640734,0.0006909498534015679,5,neg,0.0008312178687537658
DC_activated,BAZ1B,-0.5685911896514926,2.4848107412767106e-05,1,neg,7.074194281214835e-05
DC_activated,NCOR1,-0.517645708133475,0.00016462501661584916,2,neg,0.0002598335017279912
DC_activated,NR2C2,-0.46352308832872213,0.0009067671125320143,3,neg,0.0010422610488873727
DC_activated,ERC1,-0.4620127951871168,0.0009472681406514916,4,neg,0.0010764410689221495
DC_activated,EPM2AIP1,-0.45897908965822876,0.0010335500294489375,5,neg,0.0011531938961773362
DC_plasmacytoid,BAZ1B,-0.5914049273859174,9.583495243381535e-06,1,neg,3.221342938951776e-05
DC_plasmacytoid,LAP3,-0.5330050740574324,9.609178417235853e-05,2,neg,0.00017551010807736718
DC_plasmacytoid,ERC1,-0.473728926152728,0.0006713655190280221,3,neg,0.0008113178477680025
DC_plasmacytoid,ITGB7,-0.47252986312234924,0.0006958338474198911,4,neg,0.0008333339490058576
DC_plasmacytoid,ZFYVE19,-0.4493972981232127,0.0013541149417313214,5,neg,0.0014482512745789533
Deuterosomal,LAP3,-0.6204334374346236,2.5538267733882236e-06,1,neg,1.1477873138823477e-05
Deuterosomal,YWHAH,-0.5654939720615888,2.812690806242024e-05,2,neg,7.653580425148365e-05
Deuterosomal,PEA15,-0.5582159092667933,3.745506215824257e-05,3,neg,9.482294217276599e-05
Deuterosomal,GBP1,-0.5464498432779773,5.8689056660954364e-05,4,neg,0.0001289869377163832
Deuterosomal,WARS1,-0.5416380748254392,7.018428465888071e-05,5,neg,0.0001469827950971324
Dividing_AT2,BAZ1B,-0.5763434980537359,1.8119967369667478e-05,1,neg,5.4908992029295384e-05
Dividing_AT2,ERC1,-0.4947486234355865,0.00035076219650909124,2,neg,0.0004764172448340798
Dividing_AT2,LRWD1,-0.4802111752030146,0.000551983700948222,3,neg,0.0006976097326359836
Dividing_AT2,DGKZ,-0.4734171379117808,0.0006776523992106931,4,neg,0.000816448673747823
Dividing_AT2,ITGB7,-0.461938068769196,0.0009493134598448361,5,neg,0.0010772351317388212
Dividing_Basal,BCAT1,-0.5149075799936541,0.00018072367797983269,1,neg,0.00027644157243569053
Dividing_Basal,LAP3,-0.5086684943999493,0.0002228786215834333,2,neg,0.00032418708593953937
Dividing_Basal,TGFB1,-0.5079774490663259,0.00022805834047323614,3,neg,0.0003293261234270558
Dividing_Basal,XIRP1,-0.5041527857080401,0.0002587527034758619,4,neg,0.0003663755093463531
Dividing_Basal,ZFYVE19,-0.46372482690547734,0.0009014762845656055,5,neg,0.0010391657458969515
Endothelia_Lymphatic,ALDH6A1,-0.5149334767370507,0.00018056494599227868,1,neg,0.00027644157243569053
Endothelia_Lymphatic,CLDN3,-0.4792621749060769,0.0005681721140724516,2,neg,0.0007113265903880458
Endothelia_Lymphatic,HDHD3,-0.47160508585481953,0.0007152489946875562,3,neg,0.0008527558804024515
Endothelia_Lymphatic,CCAR2,-0.4702268172440837,0.0007450883623485449,4,neg,0.0008804589215344697
Endothelia_Lymphatic,THUMPD1,-0.44292055661007573,0.001618316204800463,5,neg,0.0016945719421994376
Endothelia_vascular_Cap_a,BAZ1B,-0.609747110922483,4.2195228573405075e-06,1,neg,1.696290595915782e-05
Endothelia_vascular_Cap_a,NCOR1,-0.5124037404894156,0.00019668326486388388,2,neg,0.00029465657657510696
Endothelia_vascular_Cap_a,NR2C2,-0.47126090409929194,0.0007225981922442948,3,neg,0.0008589577322369031
Endothelia_vascular_Cap_a,ITGB7,-0.4590002755108067,0.0010329238832940124,4,neg,0.0011531938961773362
Endothelia_vascular_Cap_a,FEN1,-0.44974999576202584,0.0013409010210241323,5,neg,0.001436038576732672
Endothelia_vascular_Cap_g,BAZ1B,-0.6153361016886416,3.2524751869544843e-06,1,neg,1.406475756520858e-05
Endothelia_vascular_Cap_g,NCOR1,-0.5096285089084338,0.00021585992632333628,2,neg,0.0003180256741411953
Endothelia_vascular_Cap_g,ITGB7,-0.4763095125571615,0.0006213092981606216,3,neg,0.0007576942660495386
Endothelia_vascular_Cap_g,FEN1,-0.46333720305094184,0.0009116667741659867,4,neg,0.00104564899870937
Endothelia_vascular_Cap_g,NR2C2,-0.4570787459305111,0.0010911148973293816,5,neg,0.001210668402029827
Endothelia_vascular_arterial_pulmonary,PARD3,-0.6032937993645194,5.664148465589491e-06,1,neg,2.1174386787250433e-05
Endothelia_vascular_arterial_pulmonary,HEBP1,-0.5958936849983346,7.877062877303942e-06,2,neg,2.7045709449970616e-05
Endothelia_vascular_arterial_pulmonary,PCNA,-0.5945447207629203,8.357785664880879e-06,3,neg,2.845203630597746e-05
Endothelia_vascular_arterial_pulmonary,GTF2I,-0.5780958529379603,1.6852878159445694e-05,4,neg,5.205522211411798e-05
Endothelia_vascular_arterial_pulmonary,DNMT1,-0.5648601126208541,2.8845084568684953e-05,5,neg,7.743646864076497e-05
Endothelia_vascular_arterial_systemic,NCAPG,-0.705826778670804,2.1046594911311445e-08,1,neg,2.280076860050006e-07
Endothelia_vascular_arterial_systemic,PCNA,-0.7034186511574606,2.4653435293231496e-08,2,neg,2.561395874621454e-07
Endothelia_vascular_arterial_systemic,FKBP4,-0.6979521384303894,3.5101966888717584e-08,3,neg,3.3430444655921507e-07
Endothelia_vascular_arterial_systemic,CDK6,-0.6902550983029874,5.69822435902978e-08,4,neg,5.065088319137582e-07
Endothelia_vascular_arterial_systemic,MCM6,-0.6886872327992934,6.277874153859386e-08,5,neg,5.342871620305861e-07
Endothelia_vascular_venous_pulmonary,PSTPIP2,-0.47266976612403916,0.0006929382608567014,1,neg,0.0008321626871946861
Endothelia_vascular_venous_pulmonary,ZMIZ1,-0.438707178958017,0.001813913745891682,2,neg,0.0018772716645709517
Endothelia_vascular_venous_pulmonary,ADAR,-0.43762653593358214,0.0018673477025490381,3,neg,0.001925100724277359
Endothelia_vascular_venous_pulmonary,SAP130,-0.4317933900103786,0.0021806293272153,4,neg,0.0022194700531453435
Endothelia_vascular_venous_pulmonary,MRPL22,-0.41410491155000734,0.0034337491309608392,5,neg,0.0034553450374448695
Endothelia_vascular_venous_systemic,PSTPIP2,-0.5035310689640242,0.00026408171216396603,1,neg,0.0003712923896857167
Endothelia_vascular_venous_systemic,TRAPPC6A,-0.4888836131330288,0.00042219068518734026,2,neg,0.0005555140594570267
Endothelia_vascular_venous_systemic,DUSP23,-0.45994196722153396,0.0010054326799207036,3,neg,0.0011312885287434076
Endothelia_vascular_venous_systemic,RAPH1,-0.4009052654155553,0.004745060282689506,4,neg,0.0047689048067231215
Endothelia_vascular_venous_systemic,PI4K2B,-0.3989375770948634,0.004974041611920388,5,neg,0.004992764478715572
Erythrocyte,BAZ1B,-0.5577596082740239,3.8125221458074066e-05,1,neg,9.591250681276495e-05
Erythrocyte,NCOR1,-0.518483252822737,0.00015996787701988424,2,neg,0.00025492888768109044
Erythrocyte,NR2C2,-0.46571797465830317,0.0008506709914997135,3,neg,0.0009862852075358996
Erythrocyte,ITGB7,-0.436300151864713,0.0019348402018410926,4,neg,0.001986998923585204
Erythrocyte,SFSWAP,-0.4332669321298525,0.0020973831821500255,5,neg,0.0021401869205612506
Fibro_adventitial,PPP1R12A,-0.6515580967635256,5.287800932674003e-07,1,neg,3.2792563923559706e-06
Fibro_adventitial,GGT5,-0.6258714096924733,1.963715775543662e-06,2,neg,9.579101344115424e-06
Fibro_adventitial,ALG1,-0.6149749539604356,3.308147476177581e-06,3,neg,1.4228591295387445e-05
Fibro_adventitial,LPXN,-0.60563594861512,5.093893696628271e-06,4,neg,1.9498157690443143e-05
Fibro_adventitial,TSC22D4,-0.5979324335826991,7.1988017507074176e-06,5,neg,2.5370226434211163e-05
Fibro_alveolar,BAZ1B,-0.5764350622527009,1.8051646420769174e-05,1,neg,5.4908992029295384e-05
Fibro_alveolar,NCOR1,-0.5669154032092127,2.657572347075643e-05,2,neg,7.331234060898326e-05
Fibro_alveolar,NR2C2,-0.5123162806281145,0.00019726318305779422,3,neg,0.00029497298401165494
Fibro_alveolar,EPM2AIP1,-0.46228072264021663,0.000939967155428878,4,neg,0.0010696639037597474
Fibro_alveolar,FEN1,-0.4363655732483667,0.001931461183825034,5,neg,0.001986078338123428
Fibro_immune_recruiting,CCDC88B,-0.7710907431583827,1.4352186106236786e-10,1,neg,2.8704372212473572e-08
Fibro_immune_recruiting,EVL,-0.7441676936226934,1.3459053871400783e-09,2,neg,6.902334390320796e-08
Fibro_immune_recruiting,RASAL3,-0.7384991435321461,2.082060523989071e-09,3,neg,7.038276463702089e-08
Fibro_immune_recruiting,HBB,-0.7367801804546853,2.371363327924314e-09,4,neg,7.038276463702089e-08
Fibro_immune_recruiting,HBA1,-0.7275324549483047,4.695411615074363e-09,5,neg,9.838499929278791e-08
Fibro_myofibroblast,ALG1,-0.629021985556196,1.682535162306209e-06,1,neg,8.46558572229539e-06
Fibro_myofibroblast,LMNB1,-0.6164281076508694,3.0893750708749224e-06,2,neg,1.343206552554314e-05
Fibro_myofibroblast,PPP1R12A,-0.6121724441003602,3.7711367415482755e-06,3,neg,1.563165488724674e-05
Fibro_myofibroblast,H3-5,-0.6068728994306668,4.814628436600188e-06,4,neg,1.8697586161554127e-05
Fibro_myofibroblast,THUMPD1,-0.5937960256439342,8.636144879448082e-06,5,neg,2.9275067387959603e-05
Fibro_peribronchial,PSTPIP2,-0.4532735904789851,0.0012150667578030294,1,neg,0.0013189327086057306
Fibro_peribronchial,RPL7L1,-0.4276570597166999,0.0024301603792133974,2,neg,0.002460921903000909
Fibro_peribronchial,SNU13,-0.39238059385637136,0.005808276281377367,3,neg,0.00582283336478934
Fibro_peribronchial,ARMT1,-0.37074627775624325,0.009484751571633643,4,neg,0.009496622349570607
Fibro_peribronchial,RFX1,-0.36709060841907104,0.010272127862810843,5,neg,0.010272127862810843
Fibro_perichondrial,SMG5,-0.5331341317106614,9.564750969692781e-05,1,neg,0.0001750984159211493
Fibro_perichondrial,ZNF598,-0.5084922550346878,0.00022418938147539258,2,neg,0.00032528586459002406
Fibro_perichondrial,CHMP4C,-0.48802864614888997,0.00043363352538672295,3,neg,0.0005686997054252104
Fibro_perichondrial,PARD3,-0.4789063466537992,0.0005743512748808133,4,neg,0.0007168190638138075
Fibro_perichondrial,LIMCH1,-0.4735593908084271,0.0006747774880295765,5,neg,0.0008142111469436821
ILC,BAZ1B,-0.5981590239494515,7.126848495353499e-06,1,neg,2.5339905761256887e-05
ILC,ITGB7,-0.4989161820719825,0.0003068521953133452,2,neg,0.00042692479347943674
ILC,LAP3,-0.4719360965834965,0.000708244424150184,3,neg,0.0008456649840599211
ILC,ZFYVE19,-0.45210893834761806,0.0012554400297890567,4,neg,0.001355400841877524
ILC,NCOR1,-0.4419467022681972,0.0016617766895272723,5,neg,0.001731017384924242
Ionocyte_n_Brush,PEA15,-0.6165403996209915,3.073040381051939e-06,1,neg,1.343206552554314e-05
Ionocyte_n_Brush,LAP3,-0.5670844463284107,2.639657634606607e-05,2,neg,7.331234060898326e-05
Ionocyte_n_Brush,YWHAH,-0.5573203946835859,3.878065632045846e-05,3,neg,9.695164080114616e-05
Ionocyte_n_Brush,TIGAR,-0.538255257470946,7.946009315529245e-05,4,neg,0.00015695820870181227
Ionocyte_n_Brush,ELOB,-0.5258929137739374,0.00012369354868502214,5,neg,0.0002087654830126956
MAIT,BAZ1B,-0.5782963082984974,1.671325673102686e-05,1,neg,5.182405187915305e-05
MAIT,NCOR1,-0.513339853143134,0.00019057245096054665,2,neg,0.0002892940432038659
MAIT,ITGB7,-0.4929739404703059,0.00037112687550511225,3,neg,0.0004981568798726339
MAIT,ZFYVE19,-0.44767800243842265,0.0014202059024621683,4,neg,0.0015122182135205065
MAIT,FEN1,-0.43148032705269823,0.0021986879436644013,5,neg,0.0022350068042331908
Macro_AW_CX3CR1,LAP3,-0.6041383804384117,5.45203550084139e-06,1,neg,2.0477128641657806e-05
Macro_AW_CX3CR1,ITGB7,-0.5667746731009566,2.6725716754771867e-05,2,neg,7.34727608378608e-05
Macro_AW_CX3CR1,SERPINB9,-0.5500679297659322,5.121042335898274e-05,3,neg,0.00011638732581586986
Macro_AW_CX3CR1,BAZ1B,-0.536693692477312,8.410869558228562e-05,4,neg,0.00016213724449597227
Macro_AW_CX3CR1,TGFB1,-0.525128069330463,0.0001270560428077161,5,neg,0.0002117600713461935
Macro_CCL,NCOR1,-0.530663332469043,0.00010448724161493672,1,neg,0.00018644163315824466
Macro_CCL,BAZ1B,-0.528794265849971,0.00011166229780901205,2,neg,0.00019632931482903217
Macro_CCL,ITGB7,-0.5089902903089637,0.00022050322551625534,3,neg,0.00032323088005166396
Macro_CCL,ZFYVE19,-0.4726273193326129,0.0006938156404485696,4,neg,0.0008321626871946861
Macro_CCL,TUBGCP6,-0.4507839239741686,0.001302824695820437,5,neg,0.0013990063847736237
Macro_CHIT1,IFRD2,-0.5162972099701598,0.00017238287736454083,1,neg,0.0002662283820301789
Macro_CHIT1,NR2C2,-0.51007720971016,0.00021264875944737582,2,neg,0.00031387270767140344
Macro_CHIT1,NCOR1,-0.48480330938337923,0.0004793639702893593,3,neg,0.0006185341552120765
Macro_CHIT1,ZFYVE19,-0.46547800736279604,0.000856648721496267,4,neg,0.0009917785487655768
Macro_CHIT1,PEX5,-0.4564945270235227,0.0011093790113427815,5,neg,0.0012224562108460403
Macro_alv,NR2C2,-0.5176378158417503,0.00016466948172011442,1,neg,0.0002598335017279912
Macro_alv,NCOR1,-0.4900521117509332,0.0004069922995388886,2,neg,0.0005381716357539023
Macro_alv,TRIM65,-0.4750164143376422,0.0006459560373013318,3,neg,0.0007829770149107052
Macro_alv,IFRD2,-0.472358715116986,0.0006993908932111381,4,neg,0.0008363418752898512
Macro_alv,ADAR,-0.463312157355356,0.0009123287513739253,5,neg,0.00104564899870937
Macro_alveolar_metallothioneins,CCDC88B,-0.5365477177214882,8.455569784193706e-05,1,neg,0.00016260711123449435
Macro_alveolar_metallothioneins,PITPNM1,-0.5287204812842868,0.00011195454705625885,2,neg,0.00019636162684010436
Macro_alveolar_metallothioneins,LMNB1,-0.5267123182000578,0.00012018130776003666,3,neg,0.00020480326875728637
Macro_alveolar_metallothioneins,TAOK3,-0.5166639461076681,0.00017024081687000425,4,neg,0.00026548275535283317
Macro_alveolar_metallothioneins,ACSF3,-0.5116516119018748,0.00020172137846863336,5,neg,0.00029884648662019755
Macro_dividing,NCOR1,-0.5362798117068159,8.538172531635801e-05,1,neg,0.00016302000060402483
Macro_dividing,NR2C2,-0.5018387656252702,0.00027909471750509063,2,neg,0.000389661036656322
Macro_dividing,IFRD2,-0.47874575743370174,0.000577159752509937,3,neg,0.0007192021838130057
Macro_dividing,EPM2AIP1,-0.4596053790046036,0.0010151827318385376,4,neg,0.0011390549585846145
Macro_dividing,BAZ1B,-0.4553451507998003,0.0011461108085775162,5,neg,0.001252580118663952
Macro_int,LMNB1,-0.5146145902190029,0.000182528387939751,1,neg,0.0002786692945645053
Macro_int,LAMA5,-0.49524356071668896,0.0003452658030171918,2,neg,0.00047053699407456216
Macro_int,NCOR1,-0.49135715698603,0.00039060318053096843,3,neg,0.0005212957199211369
Macro_int,ATG16L1,-0.4779386778906631,0.0005914624402971747,4,neg,0.0007302005435767588
Macro_int,PITPNM1,-0.476149681426768,0.000624309203165474,5,neg,0.0007600747486867278
Macro_interstitial,NCOR1,-0.5388919049083776,7.763316610454041e-05,1,neg,0.00015565547088629655
Macro_interstitial,BAZ1B,-0.5122003839133377,0.00019803404886875597,2,neg,0.00029557320726679995
Macro_interstitial,ITGB7,-0.4896614767075503,0.00041201732132534197,3,neg,0.0005439172558750389
Macro_interstitial,EPM2AIP1,-0.4652844383110859,0.0008614980484220602,4,neg,0.0009959515010659655
Macro_interstitial,ZFYVE19,-0.46124068269236423,0.000968592935200796,5,neg,0.0010960033213021738
Macrophage_intermediate,ITGB7,-0.5404765385605391,7.325130037938443e-05,1,neg,0.00015181616658939778
Macrophage_intermediate,PITPNM1,-0.5266850316663715,0.0001202967887043993,2,neg,0.00020480326875728637
Macrophage_intermediate,TAOK3,-0.5225113779476277,0.0001391992394295105,3,neg,0.00022761764290606253
Macrophage_intermediate,ZFYVE19,-0.5047405947029302,0.00025380415224529607,4,neg,0.00036064533178727684
Macrophage_intermediate,DEF6,-0.5037358955257658,0.00026231517004005056,5,neg,0.0003701813418151459
Mast_cell,NCOR1,-0.5381130935981924,7.987337446446752e-05,1,neg,0.0001573859595358966
Mast_cell,BAZ1B,-0.5165863307547827,0.00017069212944842427,2,neg,0.00026566868396641914
Mast_cell,EPM2AIP1,-0.4821623807146075,0.0005199971935152536,3,neg,0.0006613636801465865
Mast_cell,DERPC,-0.4336767040279129,0.002074740003824127,4,neg,0.002119785444520181
Mast_cell,ZFYVE19,-0.4231062365004773,0.0027335843534064264,5,neg,0.002761196316572148
Megakaryocyte,LAP3,-0.6455190353354469,7.277988902654187e-07,1,neg,4.219124001538659e-06
Megakaryocyte,GBP1,-0.5374971235906841,8.168683019427192e-05,2,neg,0.00015943465489167636
Megakaryocyte,BAZ1B,-0.5132409562142748,0.00019120978912745556,3,neg,0.00028971180170826597
Megakaryocyte,BCAT1,-0.5082249958341942,0.0002261904379949886,4,neg,0.0003272194401374157
Megakaryocyte,WARS1,-0.4979864248872309,0.0003161926170991425,5,neg,0.0004368809908105596
Mesothelia,CCDC88B,-0.7352882559487134,2.652698505301032e-09,1,neg,7.317788980140779e-08
Mesothelia,GGT5,-0.7291309822956026,4.180736645764682e-09,2,neg,9.49457056186197e-08
Mesothelia,RASAL3,-0.7272386217952548,4.796268715523411e-09,3,neg,9.838499929278791e-08
Mesothelia,ICAM3,-0.7138634695611109,1.2271570204447357e-08,4,neg,1.6681140235597645e-07
Mesothelia,PIK3CD,-0.7122450331630703,1.3699788414811565e-08,5,neg,1.796693562598238e-07
Monocyte_CD14,NCOR1,-0.5542127868528444,4.372156963583507e-05,1,neg,0.00010348300505523093
Monocyte_CD14,EPM2AIP1,-0.46277795287608997,0.0009265511042095831,2,neg,0.0010590001535241303
Monocyte_CD14,NR2C2,-0.4591916119473693,0.0010272843018857003,3,neg,0.0011510188256422414
Monocyte_CD14,BAZ1B,-0.4571698549817007,0.001088290963339178,4,neg,0.0012092121814879756
Monocyte_CD14,ITGB7,-0.4452813189817043,0.001517130430531033,5,neg,0.0016033082489099423
Monocyte_CD16,ITGB7,-0.5167825507732734,0.00016955325735201754,1,neg,0.0002649269646125274
Monocyte_CD16,NCOR1,-0.5135765319518562,0.00018905500884747184,2,neg,0.0002875448056103823
Monocyte_CD16,BAZ1B,-0.5124543997569855,0.0001963480680673424,3,neg,0.00029465657657510696
Monocyte_CD16,PITPNM1,-0.4931113047620893,0.00036951328496348523,4,neg,0.0004968245848248541
Monocyte_CD16,ZFYVE19,-0.47947910415875733,0.0005644344361317444,5,neg,0.0007077547788485823
Muscle_airway,ISYNA1,-0.7058611573566576,2.0998883298872784e-08,1,neg,2.280076860050006e-07
Muscle_airway,HSPH1,-0.6992984932298821,3.219978639279475e-08,2,neg,3.1802258165723206e-07
Muscle_airway,GFPT1,-0.6976654601239658,3.5750768123676835e-08,3,neg,3.3647781763460553e-07
Muscle_airway,CTTN,-0.6888043232221509,6.232747762346946e-08,4,neg,5.342871620305861e-07
Muscle_airway,YBX3,-0.6775988433554537,1.2248448366669606e-07,5,neg,9.157718404986621e-07
Muscle_pericyte_airway,PPP1R12A,-0.5557260493020365,4.1247697102564373e-05,1,neg,0.00010060413927454726
Muscle_pericyte_airway,ALG1,-0.5223046198864435,0.00014020237641565458,2,neg,0.00022843564385442703
Muscle_pericyte_airway,IGHV3-30;IGHV3-30-5,-0.5180473892316089,0.00016237631397797436,3,neg,0.00025772562514259957
Muscle_pericyte_airway,LPXN,-0.5168043944945978,0.00016942690339272204,4,neg,0.0002649269646125274
Muscle_pericyte_airway,CIRBP,-0.49132726592468196,0.0003909717899408527,5,neg,0.0005212957199211369
Muscle_pericyte_parenchyma,BAZ1B,-0.5962745977041579,7.746019397458781e-06,1,neg,2.6826041203320453e-05
Muscle_pericyte_parenchyma,NCOR1,-0.5197868251563649,0.0001529573584120314,2,neg,0.00024475234737195704
Muscle_pericyte_parenchyma,ITGB7,-0.4801111143453188,0.0005536707721991441,3,neg,0.0006986381983585414
Muscle_pericyte_parenchyma,FEN1,-0.46357920575504086,0.0009052925825585589,4,neg,0.0010420634043839527
Muscle_pericyte_parenchyma,NR2C2,-0.423537973223609,0.0027034277580029187,5,neg,0.0027341873658689444
Muscle_perivascular_immune_recruiting,CCDC88B,-0.707841947812645,1.841491803489248e-08,1,neg,2.1045620611305692e-07
Muscle_perivascular_immune_recruiting,CTDP1,-0.6551992259645363,4.346431030644027e-07,2,neg,2.759638749615255e-06
Muscle_perivascular_immune_recruiting,CA1,-0.6511556391459755,5.40276731353373e-07,3,neg,3.3247798852515257e-06
Muscle_perivascular_immune_recruiting,HBB,-0.6267178012894051,1.8841761288967973e-06,4,neg,9.247490203174466e-06
Muscle_perivascular_immune_recruiting,BTN3A3,-0.625033360918373,2.045532174532738e-06,5,neg,9.737209281088971e-06
Muscle_smooth_pulmonary,ISYNA1,-0.7250060644013865,5.631806576644749e-09,1,neg,1.0642732999797793e-07
Muscle_smooth_pulmonary,GFPT1,-0.7225482442720456,6.708919642051114e-09,2,neg,1.1926968252535315e-07
Muscle_smooth_pulmonary,HSPH1,-0.7200867963321246,7.97935273411099e-09,3,neg,1.302751466793631e-07
Muscle_smooth_pulmonary,FKBP4,-0.7090213474834111,1.702128793468205e-08,4,neg,2.0612678529215685e-07
Muscle_smooth_pulmonary,PHGDH,-0.7079506536072665,1.8282123370738645e-08,5,neg,2.1045620611305692e-07
Muscle_smooth_syst_arterial,ISYNA1,-0.7543268603041372,5.981324324721982e-10,1,neg,5.316732733086206e-08
Muscle_smooth_syst_arterial,GFPT1,-0.745172919121906,1.2442247232513637e-09,2,neg,6.902334390320796e-08
Muscle_smooth_syst_arterial,HSPH1,-0.7432692297764043,1.4433580997064155e-09,3,neg,6.902334390320796e-08
Muscle_smooth_syst_arterial,NUDCD1,-0.7331177622622198,3.1185083404494662e-09,4,neg,8.04776345922443e-08
Muscle_smooth_syst_arterial,FKBP4,-0.7247877473185348,5.720468987391314e-09,5,neg,1.0642732999797793e-07
Myoepithelial,CCDC88B,-0.6907270647883368,5.533796354484366e-08,1,neg,4.974198970323025e-07
Myoepithelial,CTDP1,-0.677650115086508,1.221145815577529e-07,2,neg,9.157718404986621e-07
Myoepithelial,PPP1R9B,-0.6498554158227651,5.790298678309824e-07,3,neg,3.536060261563251e-06
Myoepithelial,MPP1,-0.6331458814870571,1.3708223174369039e-06,4,neg,7.075211960964665e-06
Myoepithelial,SH3BP1,-0.6274528983774159,1.8175327021197063e-06,5,neg,8.975470133924474e-06
NAF_endoneurial,HSPH1,-0.6469223420896342,6.761524267151486e-07,1,neg,3.9773672159714625e-06
NAF_endoneurial,ISYNA1,-0.630769995738489,1.5431388820097425e-06,2,neg,7.81336142789743e-06
NAF_endoneurial,YBX3,-0.6118361134527831,3.8305628882184806e-06,3,neg,1.571512979781941e-05
NAF_endoneurial,PADI2,-0.6086974090709493,4.428484551510792e-06,4,neg,1.753855267925066e-05
NAF_endoneurial,FKBP4,-0.6084960529518936,4.469646960547635e-06,5,neg,1.7614372258315805e-05
NAF_perineurial,ISYNA1,-0.721237332253104,7.359744147450442e-09,1,neg,1.252722408076671e-07
NAF_perineurial,HSPH1,-0.7206011963301021,7.696508763643806e-09,2,neg,1.282751460607301e-07
NAF_perineurial,FKBP4,-0.7104550903799041,1.5460313251836055e-08,3,neg,1.932539156479507e-07
NAF_perineurial,PADI2,-0.6984483496414743,3.400495440786244e-08,4,neg,3.2775859670228863e-07
NAF_perineurial,KPNA2,-0.6937519552348657,4.5809163351506754e-08,5,neg,4.212336859908667e-07
NKT,BAZ1B,-0.5652567122077151,2.8393782555369285e-05,1,neg,7.70000882857472e-05
NKT,ITGB7,-0.5087277267976001,0.0002224396510102089,2,neg,0.00032418708593953937
NKT,NCOR1,-0.5084576936369497,0.00022444724656711657,3,neg,0.00032528586459002406
NKT,ZFYVE19,-0.45630048627712216,0.001115505367679459,4,neg,0.0012258300743730318
NKT,FEN1,-0.4381649731737879,0.0018405516767034946,5,neg,0.00190237899400878
NK_CD11d,BAZ1B,-0.6053787326363983,5.153815604508338e-06,1,neg,1.963358325526986e-05
NK_CD11d,LAP3,-0.5693256789437242,2.4123955898014415e-05,2,neg,6.892558828004118e-05
NK_CD11d,ITGB7,-0.5063504903263274,0.00024068704563684484,3,neg,0.00034507103317110374
NK_CD11d,ERC1,-0.4660287340959947,0.000842985360706594,4,neg,0.0009787928716477145
NK_CD11d,ZFYVE19,-0.45786867953092136,0.0010668471661576806,5,neg,0.0011886876503149645
NK_CD16hi,BAZ1B,-0.613507925276506,3.5434974521297846e-06,1,neg,1.491998927212541e-05
NK_CD16hi,ITGB7,-0.5283578674675362,0.00011340096408707367,2,neg,0.00019808028661497584
NK_CD16hi,LAP3,-0.4936416926387537,0.00036334224526313186,3,neg,0.0004910030341393674
NK_CD16hi,ZFYVE19,-0.46188123795564173,0.0009508716086754632,4,neg,0.0010774749106804116
NK_CD16hi,FEN1,-0.45679206744624573,0.0011000433068117932,5,neg,0.001217198679736424
NK_CD56bright,BAZ1B,-0.5850372885934242,1.2593970143415234e-05,1,neg,4.062571014004914e-05
NK_CD56bright,LAP3,-0.5552456657978865,4.2018756724715445e-05,2,neg,0.00010109155460230329
NK_CD56bright,ERC1,-0.5032853229400859,0.0002662153876273887,3,neg,0.00037363563175773855
NK_CD56bright,ITGB7,-0.44994806800949866,0.0013335307154829223,4,neg,0.0014300597485071554
NK_CD56bright,BCAT1,-0.4377461996021899,0.0018613627297452418,5,neg,0.001921406688769282
Neuroendocrine,LAP3,-0.7512642462859735,7.669065382742701e-10,1,neg,5.637488052136839e-08
Neuroendocrine,GBP1,-0.647195281846118,6.665123486460089e-07,2,neg,3.976907603889349e-06
Neuroendocrine,WARS1,-0.5951388175890527,8.14282670558164e-06,3,neg,2.7838723779766295e-05
Neuroendocrine,STAT1,-0.5401964946071001,7.40088481785417e-05,4,neg,0.00015298986703574512
Neuroendocrine,GALM,-0.5400374406605645,7.444228699493571e-05,5,neg,0.00015348925153594993
SMG_Basal,LAP3,-0.5877224858030857,1.1231542631051639e-05,1,neg,3.667442491771964e-05
SMG_Basal,YWHAH,-0.5405623713619477,7.302053682622933e-05,2,neg,0.00015173098561294406
SMG_Basal,BAZ1B,-0.4873578677354841,0.00044280628270065847,3,neg,0.000578831742092364
SMG_Basal,WARS1,-0.4713789506565063,0.000720069979442961,4,neg,0.000857226166003525
SMG_Basal,PEA15,-0.471075072455732,0.0007265943164926902,5,neg,0.0008624264884186234
SMG_Duct,CCDC88B,-0.743062114109387,1.466746057943169e-09,1,neg,6.902334390320796e-08
SMG_Duct,PLEK,-0.7172524605534267,9.721114357930105e-09,2,neg,1.4329699220588897e-07
SMG_Duct,NCKAP1L,-0.7118168841144805,1.4102903955759416e-08,3,neg,1.8197295426786343e-07
SMG_Duct,ITGAX,-0.7107154717270269,1.519164838370557e-08,4,neg,1.9290982074546754e-07
SMG_Duct,SH3BP1,-0.6994204500387012,3.194831599273584e-08,5,neg,3.1802258165723206e-07
SMG_Mucous,LAP3,-0.7259963998765058,5.24558085857052e-09,1,neg,1.023527972404004e-07
SMG_Mucous,TGFB1,-0.6437992703968253,7.960967567388622e-07,2,neg,4.54912432422207e-06
SMG_Mucous,CCDC88B,-0.61370238327434,3.511433652514384e-06,3,neg,1.4863211227574113e-05
SMG_Mucous,APOL3,-0.6095276256654912,4.262445247871227e-06,4,neg,1.6964956210432746e-05
SMG_Mucous,PSME2,-0.5816061214691864,1.4556585567371272e-05,5,neg,4.6211382753559596e-05
SMG_Serous,PPP1R9B,-0.7672363514364918,2.013633704223139e-10,1,neg,3.221813926757022e-08
SMG_Serous,CCDC88B,-0.7622812376674594,3.0829827579736957e-10,2,neg,4.110643677298261e-08
SMG_Serous,FERMT3,-0.7493194616848649,8.963696451758096e-10,3,neg,5.975797634505398e-08
SMG_Serous,SAMHD1,-0.736123752756325,2.491500783463607e-09,4,neg,7.118573667038877e-08
SMG_Serous,ITGAX,-0.7336557483350967,2.9963700409751937e-09,5,neg,7.990320109267184e-08
Schwann_Myelinating,LAP3,-0.6410656967357962,9.17039920667051e-07,1,neg,5.203063379671211e-06
Schwann_Myelinating,GBP1,-0.5707239058225024,2.279876276345405e-05,2,neg,6.632367349368451e-05
Schwann_Myelinating,XIRP1,-0.5480157415068483,5.5337524244025715e-05,3,neg,0.00012297227609783492
Schwann_Myelinating,WARS1,-0.5292910618053289,0.0001097126021047945,4,neg,0.00019375293969941631
Schwann_Myelinating,PSME2,-0.5068233158524975,0.00023695308314963803,5,neg,0.00034093968798509073
Schwann_nonmyelinating,PSTPIP2,-0.5589313055057663,3.6426099283559665e-05,1,neg,9.310185120398637e-05
Schwann_nonmyelinating,NCAPG,-0.5360041152222269,8.623946024499674e-05,2,neg,0.0001636550459063496
Schwann_nonmyelinating,HSPH1,-0.5266790965614475,0.00012032192039490575,3,neg,0.00020480326875728637
Schwann_nonmyelinating,YBX3,-0.5191157429724041,0.0001565306967803437,4,neg,0.0002499492164157185
Schwann_nonmyelinating,PUM3,-0.5107103352432795,0.000208191465479457,5,neg,0.00030786168647609167
Secretory_Club,LAP3,-0.584064565215393,1.3123999519581986e-05,1,neg,4.216546030387786e-05
Secretory_Club,CWC27,-0.4848444416101013,0.0004787544111481967,2,neg,0.0006185341552120765
Secretory_Club,MTHFR,-0.4786388340892711,0.0005790365374593875,3,neg,0.0007204187091252101
Secretory_Club,TIGAR,-0.4699580558318662,0.0007510355458717477,4,neg,0.0008861776352468999
Secretory_Club,RTN1,-0.46853184475834264,0.0007833137035155868,5,neg,0.0009174977493593989
Secretory_Goblet,LAP3,-0.5763720867570679,1.8098610293559858e-05,1,neg,5.4908992029295384e-05
Secretory_Goblet,PEA15,-0.5469026851506746,5.7701225465001116e-05,2,neg,0.00012751652036464335
Secretory_Goblet,YWHAH,-0.528294021306648,0.00011365739427815491,3,neg,0.00019809399537915897
Secretory_Goblet,TIGAR,-0.524495553018705,0.00012989944726560232,4,neg,0.0002156007423495474
Secretory_Goblet,ELOB,-0.5210511912655188,0.00014642586124780088,5,neg,0.00023569555130430726
Suprabasal,PEA15,-0.5726033722309808,2.1122838077536343e-05,1,neg,6.235524155730286e-05
Suprabasal,YWHAH,-0.568338339340174,2.5101986209641325e-05,2,neg,7.084822202030912e-05
Suprabasal,TIGAR,-0.5664582464250992,2.7065816517568564e-05,3,neg,7.415292196594127e-05
Suprabasal,LAP3,-0.5627414110187499,3.136964094530015e-05,4,neg,8.184573797388292e-05
Suprabasal,ANAPC4,-0.5388210399245156,7.783460520616181e-05,5,neg,0.00015566921041232362
T_reg,BAZ1B,-0.6107694520782116,4.0248165362744e-06,1,neg,1.6344432634616854e-05
T_reg,ITGB7,-0.476104399135363,0.0006251614807948336,2,neg,0.0007600747486867278
T_reg,ERC1,-0.45699458019977246,0.0010937294410728882,3,neg,0.001211888577366081
T_reg,NCOR1,-0.4562378650059158,0.0011174889226033269,4,neg,0.0012263252922944602
T_reg,FEN1,-0.43887329611564485,0.0018058214269087713,5,neg,0.0018713175408381051
gdT,BAZ1B,-0.5959896676208476,7.843850852617962e-06,1,neg,2.7045709449970616e-05
gdT,ITGB7,-0.50870673051056,0.00022259516441258675,2,neg,0.00032418708593953937
gdT,NCOR1,-0.4648851718442463,0.0008715783330430771,3,neg,0.001006151033815962
gdT,ZFYVE19,-0.453519132472413,0.0012067043729124816,4,neg,0.0013134197256190277
gdT,LAP3,-0.4320921907909641,0.0021635161084330168,5,neg,0.0022048571805686795
AT1,RPS6KB2,0.5567008087753959,3.972284130915327e-05,1,pos,9.894108622474998e-05
AT1,ANPEP,0.5552082525623779,4.2079359603208744e-05,2,pos,0.00010109155460230329
AT1,SF3B5,0.5391517970072385,7.68984730445954e-05,3,pos,0.00015535045059514223
AT1,FLNB,0.5286658003774303,0.00011217157933240962,4,pos,0.00019636162684010436
AT1,NQO1,0.5259548629930935,0.0001234247819372758,5,pos,0.0002087522738896842
AT2,NQO1,0.5621217857531697,3.2145404688987966e-05,1,pos,8.349455763373497e-05
AT2,NECTIN4,0.5393516209942654,7.633791380090571e-05,2,pos,0.00015480144590814912
AT2,CPQ,0.5385295611616152,7.866818754043159e-05,3,pos,0.0001565166478835991
AT2,SF3B5,0.5306222377930759,0.00010464036661006482,4,pos,0.00018644163315824466
AT2,TM9SF2,0.5231955789779824,0.00013592607681500724,5,pos,0.00022355191318398294
B_memory,NQO1,0.5218708614895371,0.00014232827576243778,1,pos,0.00023002549618171761
B_memory,GFUS,0.5197843848013103,0.00015297021710747316,2,pos,0.00024475234737195704
B_memory,ENO1,0.515078471604882,0.00017967854960643237,3,pos,0.00027589796484672914
B_memory,TM9SF2,0.49519109897850927,0.00034584469064480317,4,pos,0.00047053699407456216
B_memory,UCHL3,0.49347828919715636,0.0003652334361292642,5,pos,0.0004925906948077799
B_naive,NECTIN4,0.5457711376760382,6.019859411998674e-05,1,pos,0.00013158162649177428
B_naive,RPS6KB2,0.5429263424461501,6.692027099441944e-05,2,pos,0.00014299766164877308
B_naive,UCHL3,0.5364117640265935,8.497396378936983e-05,3,pos,0.00016301959479975028
B_naive,ATP1A1,0.5363457369366789,8.517777912131486e-05,4,pos,0.00016301967295945428
B_naive,SF3B5,0.5351432016296191,8.896879329900464e-05,5,pos,0.00016730447358599354
B_plasma_IgA,PHB2,0.6897175772413576,5.8910564426639667e-08,1,pos,5.178950718825465e-07
B_plasma_IgA,MAGOHB,0.6760864700343706,1.3387840902545634e-07,2,pos,9.91691918707084e-07
B_plasma_IgA,RCC1,0.6753338882366029,1.3991025116233402e-07,3,pos,1.0083621705393441e-06
B_plasma_IgA,NUDC,0.6720649283649653,1.6917828959961412e-07,4,pos,1.166746824824925e-06
B_plasma_IgA,RBBP4,0.6701470637634579,1.889149570111215e-07,5,pos,1.2807793695669254e-06
B_plasma_IgG,GNL2,0.5537434097317779,4.45160971982439e-05,1,pos,0.00010505273675101805
B_plasma_IgG,ADI1,0.5487387224312259,5.385003728353155e-05,2,pos,0.00012039093004548198
B_plasma_IgG,TELO2,0.5423735702881013,6.83034082546996e-05,3,pos,0.00014463723972321586
B_plasma_IgG,HLTF,0.5347265152377605,9.031792231062319e-05,4,pos,0.00016842502994988007
B_plasma_IgG,UTP6,0.5119543456295288,0.0001996796022889491,5,pos,0.00029692134169360463
B_plasmablast,ADI1,0.6790199670395963,1.1260980459226744e-07,1,pos,8.579794635601329e-07
B_plasmablast,ISYNA1,0.6361168520907264,1.1804943444992944e-06,2,pos,6.254274672843944e-06
B_plasmablast,NUDC,0.6211837580520362,2.4636262783150897e-06,3,pos,1.1327017371563632e-05
B_plasmablast,SULT1A1,0.6043515304423358,5.399677549089432e-06,4,pos,2.0376141694677102e-05
B_plasmablast,PPAT,0.6021331396797706,5.968108481635426e-06,5,pos,2.2104105487538613e-05
Basal,MSI2,0.4835011592184385,0.0004990265700022256,1,pos,0.0006408045842725208
Basal,XPO7,0.47724013637057056,0.0006040982533446204,2,pos,0.0007412248507295957
Basal,KRT33B,0.460038660907134,0.001002647260422318,3,pos,0.001129743392025147
Basal,LRRC47,0.45178789059984953,0.0012667777898140997,4,pos,0.0013657981561338002
Basal,CCAR2,0.443865140718987,0.0015771310227052915,5,pos,0.0016557806012653979
CD4_EM_Effector,NECTIN4,0.5562720922987453,4.038701555253432e-05,1,pos,9.962327472579422e-05
CD4_EM_Effector,RPS6KB2,0.5533544653720306,4.518447647217094e-05,2,pos,0.00010569468180624782
CD4_EM_Effector,NQO1,0.5494467200035879,5.24289428871505e-05,3,pos,0.00011814973044991663
CD4_EM_Effector,ENO1,0.5371171921905299,8.282404397697007e-05,4,pos,0.00016043398349049895
CD4_EM_Effector,CPQ,0.5303621410225658,0.00010561428293121011,5,pos,0.00018734240874715763
CD4_TRM,ATP1A1,0.5561680907303365,4.054966379340996e-05,1,pos,9.962327472579422e-05
CD4_TRM,NECTIN4,0.5561382232758896,4.059648445076114e-05,2,pos,9.962327472579422e-05
CD4_TRM,EPHX2,0.5466350399658798,5.828321233591893e-05,3,pos,0.00012844785087805826
CD4_TRM,RPS6KB2,0.5455288111635885,6.074611223327864e-05,4,pos,0.00013239912704159266
CD4_TRM,ENO1,0.5427888082587997,6.726199218287654e-05,5,pos,0.00014311062166569478
CD4_naive_CM,ABCB6,0.4850937190674211,0.00047507516926370563,1,pos,0.0006149840378818196
CD4_naive_CM,PGM3,0.4773496726594464,0.0006021009521111065,2,pos,0.000739909004130392
CD4_naive_CM,SLC2A1,0.47073659374275084,0.0007339239806807285,3,pos,0.0008698358289549375
CD4_naive_CM,ANAPC4,0.4450079049383863,0.0015285535554570018,4,pos,0.001611123642115417
CD4_naive_CM,ST13,0.43621292162653486,0.0019393538096006413,5,pos,0.001989080830359632
CD8_EM,NECTIN4,0.5566352277383421,3.982378720546187e-05,1,pos,9.894108622474998e-05
CD8_EM,RPS6KB2,0.5524987470977668,4.66874765048253e-05,2,pos,0.00010831236058980932
CD8_EM,NQO1,0.547415743441429,5.660044021493782e-05,3,pos,0.00012543033842645502
CD8_EM,ENO1,0.533874112557094,9.313614606076825e-05,4,pos,0.00017167953190925025
CD8_EM,CPQ,0.5305500275694985,0.00010490992870049176,5,pos,0.00018650653991198537
CD8_EM_EMRA,NQO1,0.5549567921951744,4.248876508095023e-05,1,pos,0.00010146570765600055
CD8_EM_EMRA,ENO1,0.5413491872725656,7.093591725104709e-05,2,pos,0.00014816901775675632
CD8_EM_EMRA,GFUS,0.5288975706210035,0.00011125429204450477,3,pos,0.0001960428053647661
CD8_EM_EMRA,HTATIP2,0.5265568694864152,0.00012084054532301991,4,pos,0.00020523795512172307
CD8_EM_EMRA,TM9SF2,0.5264981569478487,0.00012109039352181661,5,pos,0.00020523795512172307
CD8_TRM,SF3B5,0.5389703905702576,7.74106206478109e-05,1,pos,0.00015559923748303698
CD8_TRM,RPS6KB2,0.5360164936320504,8.620078100296524e-05,2,pos,0.0001636550459063496
CD8_TRM,NECTIN4,0.5253498635272029,0.00012607249619489558,3,pos,0.00021145853969262534
CD8_TRM,ATP1A1,0.5153583236855463,0.00017797890299053876,4,pos,0.00027381369690852116
CD8_TRM,EPHX2,0.5127643410409118,0.00019430855306779016,5,pos,0.00029374934773457003
CD8_TRM_EM,RPS6KB2,0.5536476269600804,4.467984821032722e-05,1,pos,0.00010512905461253464
CD8_TRM_EM,NECTIN4,0.5505292374990924,5.0322398511992716e-05,2,pos,0.00011502262517026907
CD8_TRM_EM,SF3B5,0.5453688718735912,6.110997479069624e-05,3,pos,0.0001324877502237317
CD8_TRM_EM,NQO1,0.5438236125518302,6.472957198067064e-05,4,pos,0.00013920338060359277
CD8_TRM_EM,CPQ,0.5220674671566574,0.0001413610800486964,5,pos,0.0002293891765496088
Chondrocyte,LSM14A,0.6811393543151189,9.925674016031394e-08,1,pos,7.784842365514819e-07
Chondrocyte,PCNA,0.6275083923758848,1.8125915546285398e-06,2,pos,8.975470133924474e-06
Chondrocyte,RPRD2,0.6118731488409405,3.82397688447611e-06,3,pos,1.571512979781941e-05
Chondrocyte,DHX37,0.6060237849523806,5.004759741522591e-06,4,pos,1.924907592893304e-05
Chondrocyte,GTF2I,0.5983666224450368,7.0615100007387355e-06,5,pos,2.521967857406691e-05
Ciliated,CCAR2,0.5242160781960506,0.00013117415547903022,1,pos,0.0002172656819528451
Ciliated,MSI2,0.5044998706135879,0.0002558202557150224,2,pos,0.00036286561094329425
Ciliated,KRT33B,0.4956933188855728,0.0003403387910709821,3,pos,0.0004654205689859584
Ciliated,XPO7,0.490267064130503,0.00040425087337303545,4,pos,0.0005354316203616364
Ciliated,NDC1,0.45286224316548535,0.001229191941509944,5,pos,0.001330654334516854
DC_1,GFUS,0.48269265798709793,0.0005115978082201877,1,pos,0.0006537991159363422
DC_1,ENO1,0.48221711561801145,0.0005191245012021728,2,pos,0.0006613050970728316
DC_1,UCHL3,0.4804630748753848,0.0005477570310921109,3,pos,0.000693363330496343
DC_1,NQO1,0.47660771129812113,0.0006157469745191602,4,pos,0.0007526684744835665
DC_1,SF3B5,0.47658078895338896,0.0006162473134834201,5,pos,0.0007526684744835665
DC_2,SF3B5,0.5651304682740966,2.8536730428463386e-05,1,pos,7.712629845530646e-05
DC_2,RPS6KB2,0.5344617763017445,9.118475695180095e-05,2,pos,0.00016925244909847046
DC_2,UCHL3,0.5163059570538853,0.00017233150284856613,3,pos,0.0002662283820301789
DC_2,NQO1,0.5054997368187496,0.0002475401674177924,4,pos,0.0003529984562107556
DC_2,NECTIN4,0.5024984881106326,0.00027315251915971395,5,pos,0.00038203149532827125
DC_activated,SF3B5,0.5436247896057873,6.520926494202328e-05,1,pos,0.0001398590132804789
DC_activated,RPS6KB2,0.534551975143664,9.088856969152737e-05,2,pos,0.00016909501337958582
DC_activated,NQO1,0.5179911791375064,0.00016268930087126598,3,pos,0.00025772562514259957
DC_activated,NECTIN4,0.5127185063736913,0.00019460894287415265,4,pos,0.00029374934773457003
DC_activated,TM9SF2,0.4845250938828757,0.00048350538983910063,5,pos,0.0006228732880374887
DC_plasmacytoid,NECTIN4,0.5510134543835431,4.940546420928449e-05,1,pos,0.0001135757797914586
DC_plasmacytoid,EPHX2,0.5439835842930738,6.43459594573681e-05,2,pos,0.00013903585335689966
DC_plasmacytoid,RPS6KB2,0.5428820474240741,6.703015389786238e-05,3,pos,0.00014299766164877308
DC_plasmacytoid,ATP1A1,0.542287190565264,6.852189231887351e-05,4,pos,0.00014463723972321586
DC_plasmacytoid,SF3B5,0.5329028555664055,9.644500164052161e-05,5,pos,0.00017575398932213507
Deuterosomal,CCAR2,0.5757019830874929,1.8605352358758154e-05,1,pos,5.595594694363354e-05
Deuterosomal,MSI2,0.5393276386170288,7.640499298378067e-05,2,pos,0.00015480144590814912
Deuterosomal,XPO7,0.5310927325025452,0.00010289941143426518,3,pos,0.00018498770594924075
Deuterosomal,LRRC47,0.49423979597192774,0.00035649518429181626,4,pos,0.0004831354732022031
Deuterosomal,CYP1B1,0.4796737969184327,0.0005610987526336597,5,pos,0.0007046766124127594
Dividing_AT2,SF3B5,0.5859049278475081,1.2137926765243279e-05,1,pos,3.9360675222248085e-05
Dividing_AT2,RPS6KB2,0.5341226196546113,9.230635232948536e-05,2,pos,0.00017093768949904696
Dividing_AT2,NECTIN4,0.5317061018716036,0.00010066945656395099,3,pos,0.00018176140965064322
Dividing_AT2,NQO1,0.4953694552951103,0.0003438801945661041,4,pos,0.000469461016472497
Dividing_AT2,CPQ,0.48856870686766907,0.00042637328250383355,5,pos,0.0005600962660148881
Dividing_Basal,GTF2F2,0.5909149020959209,9.789114737923654e-06,1,pos,3.272657959962899e-05
Dividing_Basal,TBC1D4,0.5896397243511315,1.0343428279435685e-05,2,pos,3.405243878003517e-05
Dividing_Basal,YAP1,0.558646375887934,3.683276844435035e-05,3,pos,9.384144826586076e-05
Dividing_Basal,HTATIP2,0.5350407584575987,8.929876277652404e-05,4,pos,0.00016730447358599354
Dividing_Basal,ATP1A1,0.5320692937646548,9.936991275827367e-05,5,pos,0.00017985504571633244
Endothelia_Lymphatic,PEA15,0.6332172990852017,1.3659307562807754e-06,1,pos,7.075211960964665e-06
Endothelia_Lymphatic,HSP90AB1,0.5368196947022797,8.372458946737105e-05,2,pos,0.00016178664631376048
Endothelia_Lymphatic,ADI1,0.516826949439983,0.0001692965252215739,3,pos,0.0002649269646125274
Endothelia_Lymphatic,PSMC2,0.5164736892635732,0.00017134904436844067,4,pos,0.0002661732728053447
Endothelia_Lymphatic,FHOD1,0.49040075736992955,0.00040255421802792846,5,pos,0.0005340686142990759
Endothelia_vascular_Cap_a,RPS6KB2,0.5504177390204124,5.0535732700307534e-05,1,pos,0.00011518115715169809
Endothelia_vascular_Cap_a,SF3B5,0.5379657831659694,8.030368794975651e-05,2,pos,0.00015779770774798096
Endothelia_vascular_Cap_a,ANPEP,0.533902155939496,9.304216639360874e-05,3,pos,0.00017167953190925025
Endothelia_vascular_Cap_a,NECTIN4,0.5337182984287062,9.365989398313346e-05,4,pos,0.0001722480808885213
Endothelia_vascular_Cap_a,NQO1,0.5251871540178624,0.00012679335106224876,5,pos,0.0002117600713461935
Endothelia_vascular_Cap_g,RPS6KB2,0.5480593050746893,5.5246840939604525e-05,1,pos,0.00012297227609783492
Endothelia_vascular_Cap_g,NECTIN4,0.5396080253562844,7.562410140682374e-05,2,pos,0.00015433490083025255
Endothelia_vascular_Cap_g,NQO1,0.535975787427701,8.632803671559941e-05,3,pos,0.0001636550459063496
Endothelia_vascular_Cap_g,SF3B5,0.5324345174842772,9.807854931542792e-05,4,pos,0.00017792027086698943
Endothelia_vascular_Cap_g,CPQ,0.5293464931616295,0.00010949699548690184,5,pos,0.00019375293969941631
Endothelia_vascular_arterial_pulmonary,IGKV1-33;IGKV1D-33,0.6671400617759875,2.242348517977888e-07,1,pos,1.5074611885565633e-06
Endothelia_vascular_arterial_pulmonary,EWSR1,0.6516513068985823,5.261501456743645e-07,2,pos,3.2792563923559706e-06
Endothelia_vascular_arterial_pulmonary,IGKV3D-15,0.621631371337783,2.411232558285903e-06,3,pos,1.1150208362015736e-05
Endothelia_vascular_arterial_pulmonary,TES,0.6061432598717755,4.9775937185359e-06,4,pos,1.9237077173085605e-05
Endothelia_vascular_arterial_pulmonary,S100A4,0.6026722130407264,5.825104683720994e-06,5,pos,2.1674808125473467e-05
Endothelia_vascular_arterial_systemic,PIP4K2A,0.721896981231592,7.025178438979651e-09,1,pos,1.2217701633008088e-07
Endothelia_vascular_arterial_systemic,MECP2,0.7026800764613195,2.587085567995473e-08,2,pos,2.653421095379972e-07
Endothelia_vascular_arterial_systemic,CUTC,0.6984630858464324,3.397287229311985e-08,3,pos,3.2775859670228863e-07
Endothelia_vascular_arterial_systemic,SKAP1,0.6929803199166925,4.808199460804019e-08,4,pos,4.371090418912745e-07
Endothelia_vascular_arterial_systemic,LMNB2,0.6855701007823807,7.597823681315674e-08,5,pos,6.266246335105711e-07
Endothelia_vascular_venous_pulmonary,UFM1,0.47043978090477984,0.000740405934709365,1,pos,0.0008762200410761716
Endothelia_vascular_venous_pulmonary,PRR4,0.46923366572966824,0.0007672776896410216,2,pos,0.0009026796348717901
Endothelia_vascular_venous_pulmonary,ALDOC,0.4624225854028557,0.0009361218534029714,3,pos,0.0010668055309435572
Endothelia_vascular_venous_pulmonary,EDF1,0.4449103822718408,0.0015326465009952717,4,pos,0.0016133121063108124
Endothelia_vascular_venous_pulmonary,EPHX1,0.4356096581965682,0.0019708254532757596,5,pos,0.0020161897220212373
Endothelia_vascular_venous_systemic,PDLIM1,0.4742912787589513,0.0006601586526620018,1,pos,0.000798981727881394
Endothelia_vascular_venous_systemic,EDF1,0.46897223442485725,0.0007732164138656294,2,pos,0.0009083305889757762
Endothelia_vascular_venous_systemic,NUBP2,0.4462073544658341,0.0014790036111349547,3,pos,0.0015671561442489586
Endothelia_vascular_venous_systemic,LAMA5,0.43594279018218657,0.0019533907222757385,4,pos,0.0020009123915756604
Endothelia_vascular_venous_systemic,RNF113A,0.42208774665096543,0.0028059053114122268,5,pos,0.002827108626108037
Erythrocyte,RPS6KB2,0.5307327649750511,0.0001042289898267601,1,pos,0.00018644163315824466
Erythrocyte,NQO1,0.508792014014815,0.00022196410700736635,2,pos,0.00032418708593953937
Erythrocyte,RPL21,0.5001337510697547,0.000294998126592505,3,pos,0.00041114721476307316
Erythrocyte,ANPEP,0.4839280618179655,0.0004925016605412669,4,pos,0.000633442650213848
Erythrocyte,LZTFL1,0.4829864178998209,0.0005069975645088931,5,pos,0.0006489568825713832
Fibro_adventitial,STMN1,0.6561159221992108,4.1353916424569093e-07,1,pos,2.6679946080367155e-06
Fibro_adventitial,ISYNA1,0.6475431685468781,6.544106294636975e-07,2,pos,3.966125027052712e-06
Fibro_adventitial,AHSA1,0.6350086920474162,1.2484124136680208e-06,3,pos,6.5705916508843196e-06
Fibro_adventitial,ADI1,0.6319959696372609,1.4518574822375285e-06,4,pos,7.445422985833479e-06
Fibro_adventitial,PFN2,0.6220055572404478,2.3682287144666248e-06,5,pos,1.1015017276588953e-05
Fibro_alveolar,ANPEP,0.5454594792884907,6.090359843913262e-05,1,pos,0.00013239912704159266
Fibro_alveolar,RPS6KB2,0.5216571553005478,0.00014338642555600245,2,pos,0.000231268428316133
Fibro_alveolar,HTATIP2,0.5126198205614695,0.00019525713888968177,3,pos,0.0002941727139580893
Fibro_alveolar,NQO1,0.5125507741748401,0.00019571181998156995,4,pos,0.0002943034886940901
Fibro_alveolar,FLNB,0.509370281198881,0.0002177278429535967,5,pos,0.00032018800434352457
Fibro_immune_recruiting,STMN1,0.7745261182572499,1.055424636575708e-10,1,pos,2.8704372212473572e-08
Fibro_immune_recruiting,NUDC,0.7733005807157686,1.178459552164668e-10,2,pos,2.8704372212473572e-08
Fibro_immune_recruiting,NUDT19,0.744866595777138,1.2744172384060448e-09,3,pos,6.902334390320796e-08
Fibro_immune_recruiting,PFN2,0.7382618926301396,2.1199135780136658e-09,4,pos,7.038276463702089e-08
Fibro_immune_recruiting,RCC1,0.7367575194802312,2.375418306499455e-09,5,pos,7.038276463702089e-08
Fibro_myofibroblast,ISYNA1,0.6756792695382905,1.3711121571446938e-07,1,pos,9.971724779234137e-07
Fibro_myofibroblast,CTPS1,0.6580810285827129,3.7147596132491856e-07,2,pos,2.4161038134954052e-06
Fibro_myofibroblast,PPAT,0.6374049528949384,1.1058696769428167e-06,3,pos,5.977673929420631e-06
Fibro_myofibroblast,EFHD1,0.6235609562783136,2.1969853203351875e-06,4,pos,1.0338754448636177e-05
Fibro_myofibroblast,PEA15,0.6202224985098982,2.5797310112540828e-06,5,pos,1.1529524072643945e-05
Fibro_peribronchial,PRR4,0.554989053514965,4.2436036644888375e-05,1,pos,0.00010146570765600055
Fibro_peribronchial,TMED4,0.5336143351107858,9.401084606230903e-05,2,pos,0.00017249696525194316
Fibro_peribronchial,UFD1,0.5159712124039393,0.00017430752525249282,3,pos,0.0002686821198496999
Fibro_peribronchial,ANXA4,0.5031231491795517,0.00026763199362367374,4,pos,0.00037496601558483183
Fibro_peribronchial,UFM1,0.4942027096584205,0.00035691633082812757,5,pos,0.0004831354732022031
Fibro_perichondrial,PDLIM4,0.6370193490219477,1.1277359619477068e-06,1,pos,6.0549581849541305e-06
Fibro_perichondrial,SORBS1,0.6111676384761161,3.951258650491951e-06,2,pos,1.6127586328538577e-05
Fibro_perichondrial,H2AC25;H2AC4;H2AC6,0.5677657364070858,2.568575594485978e-05,3,pos,7.184826837723016e-05
Fibro_perichondrial,MYL12A;MYL12B,0.5629415655649452,3.112274705641127e-05,4,pos,8.163343490206236e-05
Fibro_perichondrial,FAM98B,0.5591168696692318,3.616347012780352e-05,5,pos,9.272684648154749e-05
ILC,ENO1,0.5682021857648197,2.5239679094735123e-05,1,pos,7.084822202030912e-05
ILC,NQO1,0.564205015496903,2.9604991344855947e-05,2,pos,7.894664358628252e-05
ILC,NECTIN4,0.5612728472348322,3.323687608114412e-05,3,pos,8.605016461137636e-05
ILC,CPQ,0.5545116169659451,4.322252607158461e-05,4,pos,0.00010260540313729285
ILC,UCHL3,0.549984469870594,5.137260986054493e-05,5,pos,0.00011642517815420947
Ionocyte_n_Brush,XPO7,0.5051109352237242,0.0002507305977452745,1,pos,0.0003569118829114228
Ionocyte_n_Brush,CCAR2,0.49731901952388463,0.00032305521290099115,2,pos,0.0004440621483175136
Ionocyte_n_Brush,MSI2,0.4799880319949842,0.0005557523624863947,3,pos,0.0007001604566757728
Ionocyte_n_Brush,KRT33B,0.46676305693906217,0.0008250710329311683,4,pos,0.0009607814066156255
Ionocyte_n_Brush,LRRC47,0.45500804408431267,0.0011570882072724498,5,pos,0.0012628520679644744
MAIT,NQO1,0.564277765876316,2.95197031865424e-05,1,pos,7.894664358628252e-05
MAIT,ENO1,0.5422888842852731,6.851760218307135e-05,2,pos,0.00014463723972321586
MAIT,NECTIN4,0.5408999069918179,7.21194938213543e-05,3,pos,0.0001502489454611548
MAIT,RPS6KB2,0.5383467451669339,7.919516548038352e-05,4,pos,0.0001568221098621456
MAIT,CPQ,0.5371794525258821,8.263670075736584e-05,5,pos,0.00016043398349049895
Macro_AW_CX3CR1,RAB6A,0.6756804830983677,1.371014737294729e-07,1,pos,9.971724779234137e-07
Macro_AW_CX3CR1,GFUS,0.6473480729762333,6.611718676996503e-07,2,pos,3.976907603889349e-06
Macro_AW_CX3CR1,UCHL3,0.633844802573562,1.32364345906133e-06,3,pos,6.921011550647477e-06
Macro_AW_CX3CR1,CTTN,0.6207600051512031,2.5141982040732813e-06,4,pos,1.1477873138823477e-05
Macro_AW_CX3CR1,CPQ,0.6206509217294006,2.5273714572282557e-06,5,pos,1.1477873138823477e-05
Macro_CCL,NQO1,0.549907249306272,5.152309039679892e-05,1,pos,0.00011643636247864163
Macro_CCL,GFUS,0.5374830358449414,8.172874183043355e-05,2,pos,0.00015943465489167636
Macro_CCL,TM9SF2,0.5358423857744824,8.674628006710705e-05,3,pos,0.00016405915851935138
Macro_CCL,HTATIP2,0.5316483333645499,0.000100877582356107,4,pos,0.00018176140965064322
Macro_CCL,UCHL3,0.5266933529667455,0.00012026156092859175,5,pos,0.00020480326875728637
Macro_CHIT1,RPL21,0.4780940991411799,0.0005886835964983295,1,pos,0.0007290199337440613
Macro_CHIT1,PFKFB4,0.4490697468587979,0.0013664906003636457,2,pos,0.0014595360217502223
Macro_CHIT1,SNX33,0.44545036339766203,0.001510105908733017,3,pos,0.0015979956706169494
Macro_CHIT1,SLC2A1,0.44257036431087665,0.0016338264932522772,4,pos,0.0017085767249697015
Macro_CHIT1,ANPEP,0.4420320786411314,0.0016579254892510331,5,pos,0.0017292573551510124
Macro_alv,RPL21,0.5348821045249437,8.981199255631012e-05,1,pos,0.00016787288328282262
Macro_alv,DSTN,0.4698582730111267,0.0007532543743882236,2,pos,0.0008874867444927524
Macro_alv,PYM1,0.4685478343993583,0.0007829450321390485,3,pos,0.0009174977493593989
Macro_alv,SNX33,0.4564201261440111,0.0011117244713247931,4,pos,0.001223355676836086
Macro_alv,PC,0.45447142873868157,0.0011747561569062093,5,pos,0.0012803881819141245
Macro_alveolar_metallothioneins,GFUS,0.6543213804355213,4.557895687540281e-07,1,pos,2.871115393726161e-06
Macro_alveolar_metallothioneins,EPRS1,0.6249185356417052,2.0569854606300453e-06,2,pos,9.737209281088971e-06
Macro_alveolar_metallothioneins,CTTN,0.6005801683172712,6.398424794662461e-06,3,pos,2.3161718713710264e-05
Macro_alveolar_metallothioneins,SULT1A1,0.5967846573378836,7.573698933116546e-06,4,pos,2.6343300636927118e-05
Macro_alveolar_metallothioneins,HTATIP2,0.5881709178777307,1.1017733780871453e-05,5,pos,3.6123717314332633e-05
Macro_dividing,RPL21,0.49745356900212717,0.0003216609614391519,1,pos,0.00044290665946871175
Macro_dividing,RPS6KB2,0.4911473734470295,0.0003931968232655514,2,pos,0.0005233901141637956
Macro_dividing,TM9SF2,0.46058279274236186,0.000987101018044445,3,pos,0.0011153683819711243
Macro_dividing,SF3B5,0.4602194436454565,0.000997458034780907,4,pos,0.0011254815625172435
Macro_dividing,TPT1,0.45653537568763175,0.0011080931539626526,5,pos,0.0012224562108460403
Macro_int,GFUS,0.5771297865789703,1.754094967054698e-05,1,pos,5.3765362974856644e-05
Macro_int,HTATIP2,0.5759410764270236,1.8423066900474794e-05,2,pos,5.56168057372824e-05
Macro_int,EPRS1,0.5556213592882022,4.14146200096166e-05,3,pos,0.00010070424318447805
Macro_int,SULT1A1,0.5374223350619851,8.190955395059873e-05,4,pos,0.00015943465489167636
Macro_int,CTTN,0.5351978603156767,8.879319341081882e-05,5,pos,0.00016730447358599354
Macro_interstitial,HTATIP2,0.525736497161267,0.0001243745366834581,1,pos,0.00020947290388792945
Macro_interstitial,NQO1,0.5253356464033851,0.00012613533340410932,2,pos,0.00021145853969262534
Macro_interstitial,TM9SF2,0.5180153055423364,0.00016255489401029166,3,pos,0.00025772562514259957
Macro_interstitial,GFUS,0.5066101217817802,0.00023863015134972798,4,pos,0.0003427363035543669
Macro_interstitial,SF3B5,0.5036279293359333,0.0002632449935695558,5,pos,0.0003707675965768391
Macrophage_intermediate,GFUS,0.6668077702623988,2.2849513525713405e-07,1,pos,1.5233009017142272e-06
Macrophage_intermediate,RAB6A,0.6308754971124432,1.5350788888923717e-06,2,pos,7.81336142789743e-06
Macrophage_intermediate,ALDOA,0.6077591791714895,4.623321496532995e-06,3,pos,1.8042230230372664e-05
Macrophage_intermediate,CTTN,0.6012508538712056,6.209180712479778e-06,4,pos,2.2681938675725217e-05
Macrophage_intermediate,UCHL3,0.6009705455683059,6.287635507140621e-06,5,pos,2.2864129116874985e-05
Mast_cell,CNN3,0.5203062425058346,0.00015024272020580653,1,pos,0.00024135376739888598
Mast_cell,NQO1,0.4981436561599011,0.0003145952061791579,2,pos,0.0004354258909054089
Mast_cell,ANPEP,0.49771938510072833,0.00031892246507569944,3,pos,0.0004398930552768268
Mast_cell,FLNB,0.48608372574419645,0.0004607133699412458,4,pos,0.0005993019446390189
Mast_cell,RPS6KB2,0.4790665443179906,0.0005715619050614684,5,pos,0.0007144523813268355
Megakaryocyte,EPHX2,0.5720040206217811,2.164455067998894e-05,1,pos,6.364268514948703e-05
Megakaryocyte,ATP1A1,0.5421545935708847,6.88585193504565e-05,2,pos,0.0001449653038956979
Megakaryocyte,ANXA4,0.530797630044816,0.00010398825255797384,3,pos,0.00018644163315824466
Megakaryocyte,XPO7,0.5247142919870443,0.00012890964197409538,4,pos,0.00021440273093404637
Megakaryocyte,PTER,0.5062009160183228,0.00024187931270613916,5,pos,0.00034554187529448456
Mesothelia,NUDC,0.7401691425681172,1.8330623685614e-09,1,pos,7.038276463702089e-08
Mesothelia,STMN1,0.737027490612289,2.327531278822903e-09,2,pos,7.038276463702089e-08
Mesothelia,ADI1,0.7307911287818023,3.7026512966775726e-09,3,pos,8.917619583946682e-08
Mesothelia,ISYNA1,0.728832707061379,4.272556752837886e-09,4,pos,9.49457056186197e-08
Mesothelia,SULT1A1,0.7044275760852451,2.3076980992797758e-08,5,pos,2.429155893978711e-07
Monocyte_CD14,HTATIP2,0.528232733229266,0.0001139040473430164,1,pos,0.00019809399537915897
Monocyte_CD14,GFUS,0.49649964549096876,0.0003316645315962763,2,pos,0.00045511428006350093
Monocyte_CD14,NQO1,0.4908906327829046,0.0003963921759924105,3,pos,0.0005267670112855954
Monocyte_CD14,TM9SF2,0.483065497390263,0.0005057655733642363,4,pos,0.000648417401749021
Monocyte_CD14,ABCB6,0.48233064928990194,0.0005173185276632353,5,pos,0.0006600555376883385
Monocyte_CD16,GFUS,0.6132779156494287,3.5817733523568762e-06,1,pos,1.500219205175655e-05
Monocyte_CD16,HTATIP2,0.5799204463994739,1.5620673699201504e-05,2,pos,4.900603513474982e-05
Monocyte_CD16,ALDOA,0.5704297849363279,2.3071829605481042e-05,3,pos,6.670664084131885e-05
Monocyte_CD16,RAB6A,0.5638344437987332,3.004295038544491e-05,4,pos,7.932132114968953e-05
Monocyte_CD16,UCHL3,0.5637382134846851,3.0157648963413664e-05,5,pos,7.936223411424648e-05
Muscle_airway,LAMA5,0.7277883026896781,4.609219450557589e-09,1,pos,9.838499929278791e-08
Muscle_airway,PIP4K2A,0.7135593621834964,1.2528793336130661e-08,2,pos,1.6705057781507548e-07
Muscle_airway,MOB3A,0.6949841392783463,4.2387269028054675e-08,3,pos,3.943001770051598e-07
Muscle_airway,WDFY4,0.6852468016081854,7.748664176965292e-08,4,pos,6.325440144461463e-07
Muscle_airway,LAMB2,0.6850681016195654,7.833237036791729e-08,5,pos,6.329888514579175e-07
Muscle_pericyte_airway,PEA15,0.5563175736426942,4.031607539345394e-05,1,pos,9.962327472579422e-05
Muscle_pericyte_airway,ADI1,0.5384680073009872,7.884526137136305e-05,2,pos,0.0001565166478835991
Muscle_pericyte_airway,AHSA1,0.5280828746944917,0.00011450920744837667,3,pos,0.0001987144597802632
Muscle_pericyte_airway,STMN1,0.5218715604674419,0.0001423248265191024,4,pos,0.00023002549618171761
Muscle_pericyte_airway,LDHB,0.5171708439957627,0.0001673199172720352,5,pos,0.0002629782589737292
Muscle_pericyte_parenchyma,CPQ,0.5733725101228384,2.0470281016038427e-05,1,pos,6.087815915550462e-05
Muscle_pericyte_parenchyma,NQO1,0.5682589981711405,2.5182140202417713e-05,2,pos,7.084822202030912e-05
Muscle_pericyte_parenchyma,HTATIP2,0.5461945413854773,5.9252771783979696e-05,3,pos,0.00012986908884159935
Muscle_pericyte_parenchyma,ENO1,0.5398326528285394,7.500377175051476e-05,4,pos,0.00015393295661407334
Muscle_pericyte_parenchyma,NECTIN4,0.5396676965830208,7.545885809445707e-05,5,pos,0.00015433490083025255
Muscle_perivascular_immune_recruiting,PPIH,0.7003973955541496,2.9999279504977494e-08,1,pos,3.0379017220230375e-07
Muscle_perivascular_immune_recruiting,PDCD5,0.6398221523892201,9.775315779059213e-07,2,pos,5.468708128145014e-06
Muscle_perivascular_immune_recruiting,MAGOHB,0.6390893568517101,1.0148947624522009e-06,3,pos,5.599419379046626e-06
Muscle_perivascular_immune_recruiting,NUDC,0.637510379899267,1.0999602564343292e-06,4,pos,5.977673929420631e-06
Muscle_perivascular_immune_recruiting,RUVBL1,0.6256514848391936,1.9848873142880308e-06,5,pos,9.622558563614666e-06
Muscle_smooth_pulmonary,LAMA5,0.7557154347347802,5.337503772295804e-10,1,pos,5.316732733086206e-08
Muscle_smooth_pulmonary,PIP4K2A,0.741109174684808,1.7055159506895734e-09,2,pos,7.038276463702089e-08
Muscle_smooth_pulmonary,MOB3A,0.7231281691193863,6.438605426595245e-09,3,pos,1.1706555321082264e-07
Muscle_smooth_pulmonary,RABGAP1L,0.7058078432090105,2.1072917411046888e-08,4,pos,2.280076860050006e-07
Muscle_smooth_pulmonary,WDFY4,0.7057950556441797,2.1090710955462555e-08,5,pos,2.280076860050006e-07
Muscle_smooth_syst_arterial,PIP4K2A,0.7568178939808029,4.87345497290903e-10,1,pos,5.316732733086206e-08
Muscle_smooth_syst_arterial,LAMA5,0.7511314384181895,7.751546071688153e-10,2,pos,5.637488052136839e-08
Muscle_smooth_syst_arterial,MOB3A,0.7375718612209065,2.2337196536881265e-09,3,pos,7.038276463702089e-08
Muscle_smooth_syst_arterial,SEPTIN1,0.7168589669001562,9.989391980269602e-09,4,pos,1.4329699220588897e-07
Muscle_smooth_syst_arterial,PRKCB,0.7165428818844017,1.0209910694669588e-08,5,pos,1.4329699220588897e-07
Myoepithelial,CYB5A,0.644763208017405,7.571144600149182e-07,1,pos,4.3574932950498895e-06
Myoepithelial,PPIH,0.6408993608898702,9.249244481424057e-07,2,pos,5.210841961365666e-06
Myoepithelial,CPNE1,0.6391148406459815,1.0135734334060231e-06,3,pos,5.599419379046626e-06
Myoepithelial,DDX39B,0.6386744331782409,1.0366350760016019e-06,4,pos,5.680192197269051e-06
Myoepithelial,HNRNPF,0.6366793342422058,1.1473498147118733e-06,5,pos,6.119199011796657e-06
NAF_endoneurial,TLE5,0.6745436393424935,1.465166457048639e-07,1,pos,1.0465474693204563e-06
NAF_endoneurial,LMNB2,0.6598655559430383,3.367676590926294e-07,2,pos,2.208312518640193e-06
NAF_endoneurial,PDCD4,0.6559388880455151,4.175388625959897e-07,3,pos,2.672248720614334e-06
NAF_endoneurial,PDLIM1,0.6470648470174295,6.711031581563276e-07,4,pos,3.976907603889349e-06
NAF_endoneurial,PIP4K2A,0.6467755552142643,6.813903712377112e-07,5,pos,3.978921875840649e-06
NAF_perineurial,PIP4K2A,0.7379975341957914,2.162853673937093e-09,1,pos,7.038276463702089e-08
NAF_perineurial,ADD3,0.7177602893969391,9.38487487722739e-09,2,pos,1.4329699220588897e-07
NAF_perineurial,LMNB2,0.7169948335861807,9.895984476315789e-09,3,pos,1.4329699220588897e-07
NAF_perineurial,LAMA5,0.7167645795900935,1.0054769239431494e-08,4,pos,1.4329699220588897e-07
NAF_perineurial,MOB3A,0.7138267769412268,1.2302340923753263e-08,5,pos,1.6681140235597645e-07
NKT,NQO1,0.5744916383228215,1.9553861975385445e-05,1,pos,5.8588350488046276e-05
NKT,ENO1,0.5729281763873056,2.084496607923647e-05,2,pos,6.176286245699694e-05
NKT,GFUS,0.5671954169362505,2.627957692391547e-05,3,pos,7.325317609453789e-05
NKT,CPQ,0.5596170240785339,3.546422904254776e-05,4,pos,9.122631264964054e-05
NKT,UCHL3,0.5524862817319443,4.670970550435527e-05,5,pos,0.00010831236058980932
NK_CD11d,EPHX2,0.57982017386158,1.5686174553275478e-05,1,pos,4.901929547898587e-05
NK_CD11d,ATP1A1,0.5737526212627251,2.015468011151711e-05,2,pos,6.0163224213483906e-05
NK_CD11d,NECTIN4,0.5627101999736558,3.140830194747757e-05,3,pos,8.184573797388292e-05
NK_CD11d,UCHL3,0.5533747757221286,4.514934794230818e-05,4,pos,0.00010569468180624782
NK_CD11d,CPQ,0.5530393688939845,4.573268197560765e-05,5,pos,0.0001066651474649741
NK_CD16hi,CPQ,0.5814898364198731,1.4627788845533729e-05,1,pos,4.625387777243867e-05
NK_CD16hi,ENO1,0.5806069543118206,1.517895074165665e-05,2,pos,4.7807718871359526e-05
NK_CD16hi,NQO1,0.5718306935458172,2.1797619663699308e-05,3,pos,6.364268514948703e-05
NK_CD16hi,NECTIN4,0.5702182474450874,2.327008042612988e-05,4,pos,6.696426021907879e-05
NK_CD16hi,UCHL3,0.5701189336886134,2.3363695554223796e-05,5,pos,6.699267542429763e-05
NK_CD56bright,EPHX2,0.551449544339438,4.8592790332424585e-05,1,pos,0.00011202948779809702
NK_CD56bright,SF3B5,0.5487264683767007,5.387494119535319e-05,2,pos,0.00012039093004548198
NK_CD56bright,NECTIN4,0.5393175547224149,7.643321391714863e-05,3,pos,0.00015480144590814912
NK_CD56bright,ATP1A1,0.5390596918212874,7.715811669184447e-05,4,pos,0.00015548235101631126
NK_CD56bright,RPS6KB2,0.5326788824560724,9.722308943738156e-05,5,pos,0.00017676925352251192
Neuroendocrine,CSNK2A1,0.6732478796225003,1.579832091813671e-07,1,pos,1.0990136290877712e-06
Neuroendocrine,EPHX2,0.6177001178686268,2.9089595563469572e-06,2,pos,1.292870913931981e-05
Neuroendocrine,KRT19,0.6078214554504681,4.6101470774218e-06,3,pos,1.8042230230372664e-05
Neuroendocrine,PEF1,0.6016143008353791,6.1088038241230436e-06,4,pos,2.241762871237814e-05
Neuroendocrine,PPIH,0.5858765305481798,1.2152608474869098e-05,5,pos,3.9360675222248085e-05
SMG_Basal,CCAR2,0.5682621203455085,2.5178981601037265e-05,1,pos,7.084822202030912e-05
SMG_Basal,EPHX2,0.5581054832144728,3.761624383646911e-05,2,pos,9.493058381443309e-05
SMG_Basal,LRRC47,0.5277875612271941,0.00011571033056623214,3,pos,0.000200016718423589
SMG_Basal,APMAP,0.5135756395545955,0.00018906070968882638,4,pos,0.0002875448056103823
SMG_Basal,PTER,0.5089764282378036,0.00022060507563526066,5,pos,0.00032323088005166396
SMG_Duct,THEM6,0.6882047165214387,6.467080448935292e-08,1,pos,5.44596248331393e-07
SMG_Duct,CYB5A,0.6863352980098483,7.251681788389419e-08,2,pos,6.043068156991183e-07
SMG_Duct,RUVBL2,0.6798004455753892,1.0750835111039692e-07,3,pos,8.269873162338224e-07
SMG_Duct,PGRMC1,0.673823194873707,1.5279234300002997e-07,4,pos,1.075248866163049e-06
SMG_Duct,MAGOHB,0.6737747791509814,1.532229634282345e-07,5,pos,1.075248866163049e-06
SMG_Mucous,PPIH,0.6830573157683594,8.84631623510046e-08,1,pos,7.077052988080368e-07
SMG_Mucous,YAP1,0.6276933023608602,1.796217153682278e-06,2,pos,8.975470133924474e-06
SMG_Mucous,TBC1D4,0.6233895682184578,2.215274852446214e-06,3,pos,1.0363858958812698e-05
SMG_Mucous,HNRNPF,0.6140274614224973,3.458431735214873e-06,4,pos,1.4716730788148397e-05
SMG_Mucous,CTTN,0.6123353030511091,3.7426691286146507e-06,5,pos,1.5594454702561045e-05
SMG_Serous,PHB2,0.7309425050400905,3.6617160414920136e-09,1,pos,8.917619583946682e-08
SMG_Serous,MAGOHB,0.7304733515921654,3.78998832317734e-09,2,pos,8.917619583946682e-08
SMG_Serous,RUVBL2,0.7267992174032302,4.9508974697687336e-09,3,pos,9.901794939537467e-08
SMG_Serous,THEM6,0.7188361017393639,8.708296084236622e-09,4,pos,1.3933273734778595e-07
SMG_Serous,CRYAB,0.7052117845411963,2.1917460513165565e-08,5,pos,2.3378624547376603e-07
Schwann_Myelinating,CSNK2A1,0.6204485460177795,2.5519806610141416e-06,1,pos,1.1477873138823477e-05
Schwann_Myelinating,PTK6,0.5925359394970372,9.124037075869396e-06,2,pos,3.0798437386900914e-05
Schwann_Myelinating,PPIH,0.5838185924023025,1.32612468681792e-05,3,pos,4.2435989978173436e-05
Schwann_Myelinating,EPHX2,0.5574390976577981,3.860250523390896e-05,4,pos,9.680879055525757e-05
Schwann_Myelinating,CYB5A,0.5557420470579911,4.122224389879747e-05,5,pos,0.00010060413927454726
Schwann_nonmyelinating,PDLIM1,0.6640060573854417,2.6754024640140983e-07,1,pos,1.7688611332324617e-06
Schwann_nonmyelinating,TLE5,0.5905917790332442,9.926919836145132e-06,2,pos,3.293069798850526e-05
Schwann_nonmyelinating,F13A1,0.5836054786907608,1.338122800742525e-05,3,pos,4.264933229458247e-05
Schwann_nonmyelinating,EWSR1,0.5718973773334756,2.1738612277388825e-05,4,pos,6.364268514948703e-05
Schwann_nonmyelinating,CCDC50,0.565811347863529,2.7773520067775337e-05,5,pos,7.583213670382345e-05
Secretory_Club,TBC1D4,0.5275730753688783,0.00011658989141083431,1,pos,0.00020058475941648913
Secretory_Club,MSI2,0.5224666264943707,0.0001394158062799633,2,pos,0.00022761764290606253
Secretory_Club,PPM1H,0.49881783676051916,0.0003078282333601745,3,pos,0.0004275392130002424
Secretory_Club,SF3B5,0.4959253222172237,0.00033782217557809524,4,pos,0.00046277010353163735
Secretory_Club,DTD1,0.4878790621939125,0.00043566407018369446,5,pos,0.0005704275878018912
Secretory_Goblet,XPO7,0.5164112056376519,0.0001717144333299725,1,pos,0.0002662239276433682
Secretory_Goblet,CCAR2,0.5117003783797713,0.0002013911992908568,2,pos,0.00029884648662019755
Secretory_Goblet,MSI2,0.4779875319893836,0.0005905876875904603,3,pos,0.0007302005435767588
Secretory_Goblet,EPHX2,0.46734100793614736,0.0008112123888939227,4,pos,0.0009474013300950922
Secretory_Goblet,LRRC47,0.4663232383212498,0.0008357592614058884,5,pos,0.0009718130946580098
Suprabasal,MSI2,0.5231615438566765,0.0001360872271507496,1,pos,0.00022355191318398294
Suprabasal,CCAR2,0.5037299814418265,0.0002623660260114846,2,pos,0.0003701813418151459
Suprabasal,XPO7,0.4934339110964304,0.0003657485908947766,3,pos,0.0004925906948077799
Suprabasal,LRRC47,0.45125486399934744,0.0012858034457119416,4,pos,0.0013844451636198564
Suprabasal,KRT33B,0.44764543402481793,0.001421485120709276,5,pos,0.0015122182135205065
T_reg,RPS6KB2,0.5509162096978153,4.958837345858669e-05,1,pos,0.00011366962397383767
T_reg,NECTIN4,0.5487829212216179,5.3760299638661024e-05,2,pos,0.00012039093004548198
T_reg,NQO1,0.5398186460716559,7.504231634936076e-05,3,pos,0.00015393295661407334
T_reg,ENO1,0.5277224953598721,0.00011597651065997638,4,pos,0.000200016718423589
T_reg,ATP1A1,0.5226616891720105,0.00013847407426714753,5,pos,0.00022700667912647137
gdT,ENO1,0.5791034186585058,1.6161797680602774e-05,1,pos,5.030909783845222e-05
gdT,NQO1,0.5779494642444627,1.695551871150336e-05,2,pos,5.217082680462572e-05
gdT,CPQ,0.5669670244952942,2.652089854926487e-05,3,pos,7.331234060898326e-05
gdT,NECTIN4,0.5609967779004057,3.3599079503510154e-05,4,pos,8.670730194454234e-05
gdT,UCHL3,0.5554918499001879,4.1621973108973975e-05,5,pos,0.00010090175299145207
