tube_id,section,n_patches,n_spots,AT1,AT2,B_memory,B_naive,B_plasma_IgA,B_plasma_IgG,B_plasmablast,Basal,CD4_EM_Effector,CD4_TRM,CD4_naive_CM,CD8_EM,CD8_EM_EMRA,CD8_TRM_EM,CD8_TRM,Chondrocyte,Ciliated,DC_1,DC_2,DC_activated,DC_plasmacytoid,Deuterosomal,Dividing_AT2,Dividing_Basal,Endothelia_Lymphatic,Endothelia_vascular_Cap_a,Endothelia_vascular_Cap_g,Endothelia_vascular_arterial_pulmonary,Endothelia_vascular_arterial_systemic,Endothelia_vascular_venous_pulmonary,Endothelia_vascular_venous_systemic,Erythrocyte,Fibro_adventitial,Fibro_alveolar,Fibro_immune_recruiting,Fibro_myofibroblast,Fibro_peribronchial,Fibro_perichondrial,ILC,Ionocyte_n_Brush,MAIT,Macro_CHIT1,Macro_interstitial,Macro_AW_CX3CR1,Macro_alveolar_metallothioneins,Macro_alv,Macro_dividing,Macro_int,Macro_CCL,Mast_cell,Megakaryocyte,Mesothelia,Macrophage_intermediate,Monocyte_CD14,Monocyte_CD16,Muscle_airway,Muscle_pericyte_airway,Muscle_pericyte_parenchyma,Muscle_perivascular_immune_recruiting,Muscle_smooth_pulmonary,Muscle_smooth_syst_arterial,Myoepithelial,NAF_endoneurial,NAF_perineurial,NK_CD16hi,NKT,NK_CD11d,NK_CD56bright,Neuroendocrine,SMG_Basal,SMG_Duct,SMG_Mucous,SMG_Serous,Schwann_Myelinating,Schwann_nonmyelinating,Secretory_Club,Secretory_Goblet,Suprabasal,T_reg,gdT,score_strict_proxy,score_broad_proxy,score_immune_total
a2,a,3,19,2.8313846588134766,4.111558437347412,0.2342628389596939,0.22846753895282745,0.7531757950782776,0.09542814642190933,0.3401586711406708,0.3140183389186859,0.25458329916000366,0.22410118579864502,0.3692849576473236,0.25807270407676697,0.38238945603370667,0.30604591965675354,0.3471323251724243,0.1390427201986313,3.307760238647461,0.12775301933288574,0.16628575325012207,0.20677119493484497,0.09973600506782532,0.11558336019515991,0.07700219005346298,0.10729452222585678,0.06121044233441353,2.2381250858306885,1.587079405784607,0.15574361383914948,0.11953557282686234,0.0885680615901947,0.21724474430084229,0.2878071367740631,0.9781940579414368,2.960374593734741,0.07632094621658325,0.5255681872367859,0.05716277286410332,0.02247323840856552,0.18194326758384705,0.1816260665655136,0.2775501608848572,0.2988138496875763,0.19503948092460632,0.07017601281404495,0.0852605327963829,0.5056172609329224,0.19114865362644196,0.2048584222793579,0.11361635476350784,0.22288116812705994,0.0393143892288208,0.049172256141901016,0.06396669149398804,0.33667731285095215,0.15390387177467346,0.3066612184047699,0.07149647176265717,0.44269365072250366,0.0900222584605217,0.2938978970050812,0.5879785418510437,0.14935007691383362,0.044249698519706726,0.049320194870233536,0.26297539472579956,0.31312891840934753,0.2519404888153076,0.2580690085887909,0.041988689452409744,0.046717796474695206,1.1515239477157593,0.41292843222618103,0.9269533753395081,0.0935518890619278,0.11083953082561493,0.07162076234817505,0.8544522523880005,0.2841086983680725,0.23757776618003845,0.23153157532215118,0.4983150511980057,4.89398218691349,8.850325003266335
a3,a,3,19,3.126112699508667,3.8619401454925537,0.21742761135101318,0.2103830873966217,0.4717092514038086,0.026781605556607246,0.21148161590099335,0.21512974798679352,0.24178434908390045,0.20811410248279572,0.33846142888069153,0.24430453777313232,0.37237486243247986,0.29257431626319885,0.3215603530406952,0.11214069277048111,2.1193394660949707,0.115206278860569,0.14851534366607666,0.1936711221933365,0.0916178822517395,0.05294012278318405,0.07250606268644333,0.09275233745574951,0.05274473875761032,2.463399887084961,1.7584503889083862,0.15584486722946167,0.0796307772397995,0.08866070955991745,0.2146223783493042,0.29292768239974976,0.8000019788742065,3.0989034175872803,0.06830763071775436,0.37638258934020996,0.052999526262283325,0.03410288318991661,0.17206858098506927,0.1309049427509308,0.2666451930999756,0.275976300239563,0.18532291054725647,0.06376077979803085,0.07352790981531143,0.48787879943847656,0.19062189757823944,0.18166856467723846,0.10739888995885849,0.189533993601799,0.03658708184957504,0.042781177908182144,0.05901819095015526,0.329667329788208,0.14485496282577515,0.15743912756443024,0.05579754710197449,0.4618157744407654,0.07768195122480392,0.1361754685640335,0.2343050092458725,0.20473209023475647,0.04008388891816139,0.04017500579357147,0.2529663145542145,0.3011334538459778,0.23650440573692322,0.2389158010482788,0.038573164492845535,0.05871269479393959,1.270721435546875,0.40587446093559265,1.1485555171966553,0.09581306576728821,0.09832781553268433,0.055307500064373016,0.4372144043445587,0.15554150938987732,0.22388558089733124,0.22239810228347778,0.38038814812898636,4.397869803011417,7.90971571020782
a4,a,4,27,2.605105400085449,3.4720256328582764,0.21371899545192719,0.20048271119594574,0.49244067072868347,0.09325500577688217,0.42779237031936646,0.21810343861579895,0.224905863404274,0.19976498186588287,0.39240747690200806,0.2266438603401184,0.3432193100452423,0.2644866406917572,0.2924197018146515,0.1342022567987442,2.4384446144104004,0.11204470694065094,0.14177784323692322,0.17492149770259857,0.08598186075687408,0.05973875895142555,0.0647418200969696,0.14128388464450836,0.08094614744186401,2.03048038482666,1.4105108976364136,0.13524630665779114,0.11344560235738754,0.08915635198354721,0.2994377613067627,0.24888917803764343,1.473686695098877,2.723510503768921,0.09230988472700119,0.7996318936347961,0.06433600932359695,0.05748118460178375,0.16295719146728516,0.12993066012859344,0.24367094039916992,0.2715173065662384,0.17200244963169098,0.06286147236824036,0.08588853478431702,0.4368121922016144,0.16855379939079285,0.20576372742652893,0.0991230383515358,0.20924536883831024,0.03192736208438873,0.06897301226854324,0.060493215918540955,0.3125867545604706,0.1437932848930359,0.3252401053905487,0.09836987406015396,0.39697423577308655,0.10242223739624023,0.30874019861221313,0.5602350234985352,0.14363667368888855,0.041859764605760574,0.05063994228839874,0.23026205599308014,0.28439146280288696,0.21747100353240967,0.21782761812210083,0.03709826245903969,0.07440484315156937,1.2861969470977783,0.4162192642688751,0.7761940956115723,0.07586785405874252,0.09717676043510437,0.06149397790431976,0.5858487486839294,0.19722464680671692,0.2078445702791214,0.20632870495319366,0.4241291433572769,4.09337942302227,7.88565818965435
a5,a,3,18,1.886925220489502,2.723243474960327,0.17064233124256134,0.14715154469013214,0.36416563391685486,0.09495773166418076,0.45027101039886475,0.09856120496988297,0.1679314821958542,0.14832724630832672,0.3549680709838867,0.16801384091377258,0.2706556022167206,0.19422169029712677,0.20267552137374878,0.16151642799377441,0.8449284434318542,0.08243533223867416,0.0982828438282013,0.12760819494724274,0.061724722385406494,0.025097601115703583,0.04826764762401581,0.10972078144550323,0.0924924835562706,1.5601508617401123,1.0854458808898926,0.10906000435352325,0.09759906679391861,0.08162165433168411,0.4525022506713867,0.1898641437292099,1.6503000259399414,1.9598846435546875,0.08701279759407043,0.8766727447509766,0.05337073653936386,0.03210587054491043,0.12360657751560211,0.05635866895318031,0.18574775755405426,0.20133528113365173,0.1356123834848404,0.043950941413640976,0.0725838765501976,0.3345000445842743,0.13006198406219482,0.1861771196126938,0.07656270265579224,0.1643040031194687,0.02070794813334942,0.0687432810664177,0.04834389314055443,0.2631083130836487,0.11703460663557053,0.21892273426055908,0.1096242293715477,0.3118486702442169,0.0991465151309967,0.17085081338882446,0.33127886056900024,0.10229478031396866,0.03423605114221573,0.046302489936351776,0.1688738614320755,0.22475570440292358,0.1530979722738266,0.1489313542842865,0.026578465476632118,0.03658491373062134,0.7653623819351196,0.3305191993713379,0.6271688938140869,0.04766175523400307,0.05148525908589363,0.014618009328842163,0.1862354874610901,0.08021212369203568,0.15329845249652863,0.15694065392017365,0.256549634039402,3.060005232691765,6.192860282957554
a6,a,4,27,2.900768518447876,3.826978921890259,0.2185809314250946,0.21352149546146393,0.4947202205657959,0.07703053206205368,0.3011032044887543,0.2573501467704773,0.23962095379829407,0.20961473882198334,0.35061508417129517,0.24251669645309448,0.3612072467803955,0.288895845413208,0.325466126203537,0.1129797175526619,2.8882906436920166,0.11762398481369019,0.1527184545993805,0.19191688299179077,0.09249435365200043,0.09246242791414261,0.07136737555265427,0.12937837839126587,0.05706963315606117,2.2574150562286377,1.5741826295852661,0.13942889869213104,0.10379014164209366,0.0829581692814827,0.2174389809370041,0.27283069491386414,0.8766705989837646,2.9683306217193604,0.07009079307317734,0.45860445499420166,0.05188274011015892,0.02059832774102688,0.1704011857509613,0.1632813662290573,0.2615797221660614,0.2941558361053467,0.1842186599969864,0.06534857302904129,0.07759350538253784,0.49150073528289795,0.18470537662506104,0.193511500954628,0.1058182418346405,0.20509183406829834,0.03467092663049698,0.046736590564250946,0.05963004007935524,0.3188164234161377,0.14359228312969208,0.25500765442848206,0.0636705532670021,0.4299528896808624,0.08089662343263626,0.20222380757331848,0.38187459111213684,0.15795446932315826,0.038286544382572174,0.03612038493156433,0.24787886440753937,0.2947635352611542,0.23602552711963654,0.24113506078720093,0.03968992456793785,0.05033094808459282,1.1506834030151367,0.42518576979637146,0.89825439453125,0.08155400305986404,0.08773775398731232,0.0600038580596447,0.7836953401565552,0.24455954134464264,0.22257071733474731,0.21816159784793854,0.45809590071439743,4.529634363949299,8.094145972281694
a7,a,4,23,2.5413522720336914,3.375847816467285,0.2255483865737915,0.21899186074733734,0.7478234767913818,0.07322336733341217,0.48268234729766846,0.3319467604160309,0.24189314246177673,0.21830050647258759,0.3878382742404938,0.24590528011322021,0.3626863956451416,0.28580260276794434,0.3197370767593384,0.14764422178268433,2.649240493774414,0.12588734924793243,0.15649747848510742,0.18900157511234283,0.09636089950799942,0.10938410460948944,0.07081742584705353,0.16411741077899933,0.07572182267904282,2.0796401500701904,1.484358549118042,0.14197289943695068,0.07295476645231247,0.09680657833814621,0.3358303904533386,0.2639084458351135,1.3509117364883423,2.738351345062256,0.1076742485165596,0.7050362229347229,0.06314247846603394,0.04992518201470375,0.17814303934574127,0.18463271856307983,0.26195618510246277,0.2832441031932831,0.18658077716827393,0.07513164728879929,0.09100524336099625,0.470607727766037,0.18457336723804474,0.21080170571804047,0.1085309237241745,0.21284373104572296,0.038969188928604126,0.07896112650632858,0.0675356462597847,0.32894161343574524,0.15396811068058014,0.142973855137825,0.09849686175584793,0.41301780939102173,0.11696162074804306,0.14709436893463135,0.29342442750930786,0.23695728182792664,0.047221504151821136,0.044275280088186264,0.2570470869541168,0.3026964068412781,0.2482529580593109,0.24550791084766388,0.0471605584025383,0.10726293176412582,1.8848223686218262,0.6085620522499084,1.367210030555725,0.11134354770183563,0.10187302529811859,0.07323728501796722,0.6850944757461548,0.3213883340358734,0.2239428013563156,0.22462362051010132,0.5668815970420837,4.264117747545242,8.694114625453949
a8,a,4,25,2.5983386039733887,3.5150203704833984,0.2242814600467682,0.2121703326702118,0.5635401606559753,0.08872192353010178,0.4113827049732208,0.2572711408138275,0.23603519797325134,0.2097732573747635,0.39212799072265625,0.23895405232906342,0.35994628071784973,0.280227392911911,0.3119198679924011,0.1210285946726799,2.6615352630615234,0.12187018990516663,0.15338319540023804,0.18848812580108643,0.09205359220504761,0.07986389100551605,0.06865707039833069,0.1342480629682541,0.07239673286676407,2.0686209201812744,1.464953899383545,0.1475871503353119,0.11379106342792511,0.0908253863453865,0.27320703864097595,0.2693013548851013,1.2231167554855347,2.766026496887207,0.08735713362693787,0.6519563794136047,0.060472164303064346,0.03308764100074768,0.17143678665161133,0.15494702756404877,0.2575875520706177,0.28467023372650146,0.1850176453590393,0.06638580560684204,0.0862903967499733,0.4840080142021179,0.18532241880893707,0.21004623174667358,0.10630689561367035,0.21547043323516846,0.035282306373119354,0.0631416067481041,0.06329613924026489,0.3292597234249115,0.14972443878650665,0.2706897556781769,0.08756428956985474,0.40490275621414185,0.09853536635637283,0.23851339519023895,0.4762527048587799,0.16247549653053284,0.04319647327065468,0.042524632066488266,0.24390560388565063,0.2963569164276123,0.23186057806015015,0.23344680666923523,0.04069431126117706,0.07300345599651337,1.2651612758636475,0.4539157450199127,0.9489901661872864,0.08435198664665222,0.08507322520017624,0.0658685564994812,0.6184106469154358,0.2233617752790451,0.21917127072811127,0.21727554500102997,0.4601762741804123,4.198558419942856,8.321715161204338
a9,a,3,19,1.673514723777771,2.5365185737609863,0.16910384595394135,0.16202965378761292,0.6454574465751648,0.11381761729717255,0.5143877267837524,0.23672199249267578,0.17693910002708435,0.16271866858005524,0.3226689398288727,0.17890319228172302,0.25597554445266724,0.2032158076763153,0.22259272634983063,0.18333940207958221,2.3102874755859375,0.09132422506809235,0.11079129576683044,0.13003411889076233,0.0700526013970375,0.05054008960723877,0.05129038169980049,0.18814204633235931,0.07378114014863968,1.3792022466659546,0.964190661907196,0.09619121253490448,0.10960011929273605,0.07404842227697372,0.3383430242538452,0.18252377212047577,1.9086556434631348,1.6666332483291626,0.11132901906967163,0.9093754291534424,0.056556738913059235,0.03161340579390526,0.13175641000270844,0.12710845470428467,0.1866622120141983,0.1987052857875824,0.12768369913101196,0.058538805693387985,0.07529903948307037,0.2820357382297516,0.11714290082454681,0.180256187915802,0.075596883893013,0.16149015724658966,0.025517182424664497,0.08665427565574646,0.05170076712965965,0.23582062125205994,0.11729072034358978,0.1322537064552307,0.10470211505889893,0.2793799340724945,0.11505911499261856,0.12706752121448517,0.22205021977424622,0.17741717398166656,0.0282434169203043,0.021846001967787743,0.18614447116851807,0.22161559760570526,0.18111786246299744,0.17633599042892456,0.037398695945739746,0.08054891228675842,1.6983152627944946,0.5440865159034729,1.272832989692688,0.08243157714605331,0.0666644424200058,0.06850167363882065,0.606728196144104,0.21263007819652557,0.1606481820344925,0.16482043266296387,0.4761544205248356,3.2253030724823475,6.620674476027489
a10,a,3,14,2.8146185874938965,3.9351229667663574,0.22387418150901794,0.21371303498744965,0.5051608681678772,0.04535800963640213,0.33675509691238403,0.21223565936088562,0.2477293759584427,0.21763060986995697,0.3734471797943115,0.24910664558410645,0.36541932821273804,0.2896101772785187,0.31576651334762573,0.1279890388250351,2.266481637954712,0.11283554136753082,0.14158771932125092,0.1862158328294754,0.09454242885112762,0.08832190185785294,0.06794948875904083,0.1768994778394699,0.07868767529726028,2.1643600463867188,1.5350093841552734,0.17529766261577606,0.1545175313949585,0.10159426927566528,0.3185999095439911,0.27350202202796936,1.3013888597488403,2.8402440547943115,0.09322052448987961,0.6179423928260803,0.07267232239246368,0.04689281806349754,0.17980517446994781,0.1264527589082718,0.2656603157520294,0.27978214621543884,0.17858092486858368,0.06450501829385757,0.08746540546417236,0.47300073504447937,0.17835745215415955,0.19222378730773926,0.10617328435182571,0.21282880008220673,0.038948334753513336,0.06471461057662964,0.06438780575990677,0.31576424837112427,0.1489713042974472,0.532936692237854,0.0938824862241745,0.4400549530982971,0.10964618623256683,0.4855709373950958,1.0074794292449951,0.21062242984771729,0.06098254770040512,0.07886745035648346,0.2534213960170746,0.3042164742946625,0.23884586989879608,0.23737141489982605,0.0480307973921299,0.04973268508911133,1.3082045316696167,0.45624467730522156,1.0396201610565186,0.11482096463441849,0.11983530223369598,0.03352050855755806,0.6741748452186584,0.22661498188972473,0.22524814307689667,0.22857901453971863,0.45708462595939636,4.6188225746154785,8.153941258788109
b1,b,3,24,1.0378278493881226,1.64364755153656,0.13332723081111908,0.10903161019086838,0.4130024015903473,0.09886816889047623,0.34795379638671875,0.09621147066354752,0.12139475345611572,0.10900142788887024,0.2865522503852844,0.12106296420097351,0.1907387226819992,0.1340893656015396,0.13275745511054993,0.20139707624912262,0.5433014035224915,0.06304902583360672,0.06669139862060547,0.08553755283355713,0.04525231197476387,0.018081681802868843,0.02937667816877365,0.017323892563581467,0.07967589050531387,0.8812191486358643,0.6525368690490723,0.07465855777263641,0.05368851497769356,0.07951336354017258,0.49998530745506287,0.12616409361362457,1.7559380531311035,1.185563325881958,0.09601505845785141,0.8472089171409607,0.043153464794158936,0.022931190207600594,0.09396752715110779,0.03356132283806801,0.1322576254606247,0.15423114597797394,0.09339377284049988,0.034489940851926804,0.05870063230395317,0.21957121789455414,0.08521854877471924,0.14936186373233795,0.054982107132673264,0.11598706245422363,0.01734757423400879,0.06760600954294205,0.039982907474040985,0.1886521428823471,0.09103178977966309,0.13872741162776947,0.12768083810806274,0.19407087564468384,0.10482487082481384,0.09862431138753891,0.19498109817504883,0.12537725269794464,0.020325150340795517,0.022755280137062073,0.12033039331436157,0.16559842228889465,0.11063617467880249,0.10495990514755249,0.024113016203045845,0.03623317554593086,1.142992615699768,0.2657422125339508,0.9144952297210693,0.040053095668554306,0.008504598401486874,0.014612133614718914,0.1293298602104187,0.05446135997772217,0.1073671206831932,0.11729064583778381,0.14291204139590263,1.8410209529101849,4.6963213831186295
b2,b,3,21,1.3454896211624146,2.0936121940612793,0.1534188687801361,0.13414928317070007,0.5077238082885742,0.12099584192037582,0.5548713803291321,0.15462231636047363,0.14654771983623505,0.13620193302631378,0.33141788840293884,0.1471613198518753,0.2217135727405548,0.1632317453622818,0.16914482414722443,0.19620373845100403,1.2858413457870483,0.07798520475625992,0.08627430349588394,0.1028435081243515,0.056410107761621475,0.04329888895153999,0.036204367876052856,0.10333646088838577,0.08895760029554367,1.0488728284835815,0.7435963749885559,0.08190305531024933,0.07704838365316391,0.08186381310224533,0.4818808138370514,0.14155995845794678,2.0224170684814453,1.3567665815353394,0.11394363641738892,0.9616694450378418,0.049017421901226044,0.02698347717523575,0.11249253898859024,0.0651329755783081,0.15621180832386017,0.17824174463748932,0.11109445989131927,0.04584764316678047,0.07233868539333344,0.25476890802383423,0.10072671622037888,0.1770830899477005,0.06302903592586517,0.14386208355426788,0.02266724221408367,0.0928063914179802,0.047419846057891846,0.21185776591300964,0.10556663572788239,0.15273478627204895,0.12958835065364838,0.22347895801067352,0.11926765739917755,0.10689518600702286,0.2064519226551056,0.15994973480701447,0.027707787230610847,0.020970996469259262,0.1509355753660202,0.19500133395195007,0.1442234069108963,0.13519050180912018,0.03369342163205147,0.05540286749601364,1.5474122762680054,0.4047276973724365,1.182762622833252,0.06464006751775742,0.03199593350291252,0.03265341743826866,0.30188047885894775,0.13531747460365295,0.13075339794158936,0.13982054591178894,0.29416314512491226,2.5230928137898445,5.786557033658028
b3,b,4,27,1.233341097831726,2.0010993480682373,0.16612006723880768,0.1493801772594452,0.6067841649055481,0.1261197328567505,0.6043014526367188,0.214538112282753,0.16443537175655365,0.15659199655056,0.38516467809677124,0.16499298810958862,0.22852076590061188,0.17478017508983612,0.1810746043920517,0.18480460345745087,1.9013937711715698,0.08467922359704971,0.08900804817676544,0.10288594663143158,0.06457258015871048,0.06071307510137558,0.038054533302783966,0.15493127703666687,0.11700167506933212,1.0080451965332031,0.7393486499786377,0.0998634323477745,0.10919537395238876,0.11082777380943298,0.6763443350791931,0.13179877400398254,2.718816041946411,1.223528265953064,0.15899589657783508,1.4034345149993896,0.06847566366195679,0.04992347210645676,0.13015516102313995,0.08500674366950989,0.16707096993923187,0.1841103732585907,0.10704098641872406,0.05549924820661545,0.08501037210226059,0.21933534741401672,0.08728766441345215,0.17761990427970886,0.06543911248445511,0.16444556415081024,0.029278861358761787,0.11611391603946686,0.05587471276521683,0.2106456160545349,0.11833499372005463,0.25297701358795166,0.18940407037734985,0.23513145744800568,0.1654294729232788,0.19197435677051544,0.333236962556839,0.2049565464258194,0.034692808985710144,0.03567887097597122,0.1698783040046692,0.2122286856174469,0.16675223410129547,0.1541641354560852,0.04511271417140961,0.10741996020078659,2.151128053665161,0.3997989892959595,1.5644490718841553,0.09027131646871567,0.04883299767971039,0.044032834470272064,0.4235861003398895,0.20468062162399292,0.14282730221748352,0.15833546221256256,0.4075239226222038,2.613303892314434,6.2814681231975555
b4,b,5,31,1.5596773624420166,2.301175594329834,0.17566616833209991,0.156588613986969,0.8932777047157288,0.11186348646879196,0.6592760682106018,0.12049049884080887,0.17462918162345886,0.16243676841259003,0.36698055267333984,0.17568480968475342,0.2667876183986664,0.19366008043289185,0.1962697058916092,0.14915074408054352,1.1711441278457642,0.09248035401105881,0.10067351907491684,0.11946681141853333,0.06736612319946289,0.030284153297543526,0.043613236397504807,0.1051606833934784,0.10495182871818542,1.305722713470459,0.9542465209960938,0.10276708751916885,0.07623808830976486,0.10336031764745712,0.5649577379226685,0.16797712445259094,2.262789487838745,1.6133806705474854,0.15175403654575348,1.1685069799423218,0.057035014033317566,0.023190133273601532,0.13646751642227173,0.0741407722234726,0.186485156416893,0.21129892766475677,0.1320074200630188,0.06169772148132324,0.08990813046693802,0.2979239821434021,0.11848711967468262,0.1959550678730011,0.07859177887439728,0.1578373908996582,0.027022739872336388,0.11242023855447769,0.05993622913956642,0.24727682769298553,0.1283264309167862,0.11298603564500809,0.15815937519073486,0.2895532250404358,0.15529118478298187,0.11112824827432632,0.20880968868732452,0.2463010847568512,0.03507710248231888,0.020321695134043694,0.18918949365615845,0.2365107536315918,0.17917250096797943,0.16117973625659943,0.04234359413385391,0.09867467731237411,2.4046661853790283,0.5237167477607727,1.622650146484375,0.10215215384960175,0.06594942510128021,0.02761049196124077,0.30756035447120667,0.09429102391004562,0.15500693023204803,0.17079699039459229,0.26926441863179207,2.6647310368716717,7.107163671404123
b5,b,4,25,1.4786373376846313,2.2558040618896484,0.16109956800937653,0.13719697296619415,0.4166215658187866,0.10236944258213043,0.5121779441833496,0.10589268803596497,0.15298332273960114,0.13711944222450256,0.34012532234191895,0.15313583612442017,0.2409316897392273,0.17283670604228973,0.1750602275133133,0.21347060799598694,1.0407419204711914,0.0799986943602562,0.09172002971172333,0.11252014338970184,0.057231854647397995,0.01801629737019539,0.03987939655780792,0.06092681363224983,0.08895158022642136,1.1796249151229858,0.8448078036308289,0.08909487724304199,0.08256438374519348,0.08393765240907669,0.4515882432460785,0.15686732530593872,1.8215619325637817,1.5605990886688232,0.10233527421951294,0.9798030853271484,0.04950150474905968,0.03365284949541092,0.11559275537729263,0.04859151691198349,0.16750599443912506,0.20054630935192108,0.12222684919834137,0.04460296034812927,0.07409942895174026,0.27838507294654846,0.11063279956579208,0.1798415631055832,0.07013190537691116,0.15184739232063293,0.020515739917755127,0.08309099078178406,0.04861581325531006,0.23256072402000427,0.11234144121408463,0.12393432855606079,0.1257113814353943,0.25823453068733215,0.10816814750432968,0.10302410274744034,0.18557611107826233,0.12101660668849945,0.023609763011336327,0.025547189638018608,0.1539190411567688,0.20687532424926758,0.14186683297157288,0.1358824372291565,0.027461476624011993,0.03531366214156151,1.295821189880371,0.3398101329803467,0.8380588293075562,0.04832629859447479,0.038173921406269073,0.02157866768538952,0.29180631041526794,0.0942111387848854,0.1369650512933731,0.14506320655345917,0.20669889822602272,2.5567140989005566,5.872631665319204
b6,b,4,25,1.3756812810897827,2.082613945007324,0.1623545140028,0.14344023168087006,0.4640747904777527,0.11301100999116898,0.5513309836387634,0.16361024975776672,0.1584370881319046,0.1461474597454071,0.3464343249797821,0.15905585885047913,0.23846708238124847,0.17565657198429108,0.18018805980682373,0.2277533859014511,1.295539140701294,0.08308401703834534,0.091892309486866,0.10969585180282593,0.060845743864774704,0.036949362605810165,0.0417916476726532,0.10260427743196487,0.09845840185880661,1.134641170501709,0.8237274885177612,0.09001307189464569,0.06746183335781097,0.09870317578315735,0.6168972253799438,0.1474527269601822,2.14408540725708,1.4550338983535767,0.12902694940567017,1.0795780420303345,0.053905896842479706,0.03816957399249077,0.1225823238492012,0.07495758682489395,0.16900907456874847,0.18694695830345154,0.11913736164569855,0.05069461837410927,0.07933372259140015,0.25359585881233215,0.10423412173986435,0.18354980647563934,0.06957560777664185,0.14966197311878204,0.02509441412985325,0.10033109784126282,0.052758801728487015,0.22462879121303558,0.11576931923627853,0.1291116178035736,0.15626145899295807,0.25647884607315063,0.13900695741176605,0.09735414385795593,0.16903415322303772,0.1717509627342224,0.029017211869359016,0.0332476943731308,0.16369111835956573,0.2115595042705536,0.15566229820251465,0.14566726982593536,0.0336470901966095,0.07288898527622223,1.9243414402008057,0.4482528269290924,1.2631169557571411,0.06780220568180084,0.04493369534611702,0.03547124192118645,0.30509069561958313,0.14193427562713623,0.140056774020195,0.1520245522260666,0.3080061748623848,2.5325543954968452,6.034255754202604
b7,b,4,27,1.6931313276290894,2.4983062744140625,0.178099125623703,0.16281121969223022,0.6912766695022583,0.11302028596401215,0.5866450071334839,0.16949409246444702,0.17958107590675354,0.16584526002407074,0.35647639632225037,0.18050718307495117,0.2717430591583252,0.20266006886959076,0.21184027194976807,0.17787085473537445,1.5925496816635132,0.09283751249313354,0.1079380065202713,0.12782499194145203,0.06962667405605316,0.03774489462375641,0.04795115813612938,0.09363371878862381,0.09254230558872223,1.339532732963562,0.96429443359375,0.10342703759670258,0.08438576012849808,0.09515223652124405,0.5290380716323853,0.17753662168979645,2.065422296524048,1.6860018968582153,0.13083262741565704,1.0274938344955444,0.054469116032123566,0.024375509470701218,0.13708306849002838,0.08536730706691742,0.19198869168758392,0.21940335631370544,0.13683104515075684,0.058487385511398315,0.08521286398172379,0.3138906955718994,0.12442798912525177,0.19208228588104248,0.0792214572429657,0.16388891637325287,0.027827003970742226,0.0998956486582756,0.05706814303994179,0.24799677729606628,0.12670300900936127,0.1554344892501831,0.1368977576494217,0.29302844405174255,0.1373949497938156,0.1213177740573883,0.22902452945709229,0.19753722846508026,0.02954680472612381,0.021603500470519066,0.1909898966550827,0.23786303400993347,0.18182295560836792,0.16900689899921417,0.03960516303777695,0.07131084054708481,2.0397281646728516,0.5273948311805725,1.4073728322982788,0.08623570948839188,0.0430007241666317,0.037182409316301346,0.3640182912349701,0.1417858749628067,0.1617703139781952,0.17168663442134857,0.3110789693892002,2.9511711187660694,6.946158226579428
b8,b,4,30,1.9732913970947266,2.8455991744995117,0.20333625376224518,0.18170984089374542,0.5831464529037476,0.11845311522483826,0.555588960647583,0.16394084692001343,0.20147238671779633,0.18451565504074097,0.41458553075790405,0.20251014828681946,0.31290343403816223,0.22924737632274628,0.24341633915901184,0.1472860872745514,1.6582590341567993,0.10291123390197754,0.12097016721963882,0.14683525264263153,0.07696402817964554,0.06425971537828445,0.05175374820828438,0.09186840057373047,0.10886616259813309,1.641013741493225,1.1776689291000366,0.12959924340248108,0.11420882493257523,0.10403931885957718,0.5217401385307312,0.20473712682724,2.1496846675872803,2.120185136795044,0.13160786032676697,1.1446483135223389,0.06426268070936203,0.03676459938287735,0.15166035294532776,0.08695988357067108,0.21751245856285095,0.24126654863357544,0.15659713745117188,0.05902023985981941,0.09310395270586014,0.36713626980781555,0.14342385530471802,0.2135491520166397,0.08965014666318893,0.1971503347158432,0.029513290151953697,0.0955280065536499,0.06185532361268997,0.2945285439491272,0.14302650094032288,0.22269506752490997,0.14769895374774933,0.34899792075157166,0.13935048878192902,0.15772834420204163,0.26625460386276245,0.1723385900259018,0.03566966578364372,0.03847251459956169,0.2089885026216507,0.2683972418308258,0.19638130068778992,0.18704921007156372,0.03819325938820839,0.07421938329935074,1.6099294424057007,0.44480571150779724,1.0743318796157837,0.08158524334430695,0.06575889885425568,0.03040865808725357,0.421760231256485,0.16837917268276215,0.1837214082479477,0.18957562744617462,0.3075629957020283,3.321541342884302,7.5421602837741375
b9,b,3,21,1.967320203781128,2.5679357051849365,0.19428089261054993,0.16474564373493195,0.27868059277534485,0.08647926896810532,0.4640223979949951,0.1138431578874588,0.18752217292785645,0.16893520951271057,0.41552111506462097,0.18633683025836945,0.29543232917785645,0.21012263000011444,0.218696728348732,0.19737188518047333,1.0203779935836792,0.0932348221540451,0.10557499527931213,0.13478869199752808,0.06930617988109589,0.031790584325790405,0.04738770052790642,0.07249957323074341,0.11567817628383636,1.5512022972106934,1.1009209156036377,0.13841912150382996,0.11116764694452286,0.10861895978450775,0.5707482099533081,0.1937776803970337,1.9925591945648193,2.089585781097412,0.11172236502170563,1.0963777303695679,0.07015452533960342,0.06011538207530975,0.14072111248970032,0.045226894319057465,0.2026132345199585,0.22521217167377472,0.14427383244037628,0.047704100608825684,0.08561719208955765,0.34358683228492737,0.13221661746501923,0.19260737299919128,0.0819031149148941,0.1923144906759262,0.02809159830212593,0.0809813067317009,0.0562799833714962,0.2828977108001709,0.13267476856708527,0.4774823784828186,0.14493954181671143,0.33113452792167664,0.12542708218097687,0.3454064130783081,0.616750180721283,0.1294904500246048,0.04405350238084793,0.07502566277980804,0.18702761828899384,0.25133538246154785,0.17004692554473877,0.16276982426643372,0.032908111810684204,0.03398439660668373,1.0663052797317505,0.295356422662735,0.7135838270187378,0.06620334833860397,0.06408502161502838,0.011062863282859325,0.18708045780658722,0.12178169190883636,0.17031097412109375,0.17596043646335602,0.23373043164610863,2.9234478287398815,6.651754196733236
b10,b,4,30,1.28014075756073,1.9692368507385254,0.14781536161899567,0.12485675513744354,0.327000230550766,0.04996657371520996,0.39423882961273193,0.08172187954187393,0.14256787300109863,0.12815029919147491,0.3043578267097473,0.14116732776165009,0.22191652655601501,0.1568099856376648,0.15488716959953308,0.2603811025619507,0.5375134944915771,0.07019446790218353,0.07621714472770691,0.09918853640556335,0.05275341123342514,0.0060850391164422035,0.0367053784430027,0.04326925799250603,0.08786814659833908,1.0437910556793213,0.7736425995826721,0.09613143652677536,0.06464412808418274,0.09152057021856308,0.5230884552001953,0.14770880341529846,1.8561897277832031,1.3519878387451172,0.10623485594987869,0.9264619946479797,0.05240435525774956,0.07260051369667053,0.10978075861930847,0.029023880138993263,0.15395259857177734,0.18178404867649078,0.10654851049184799,0.038954958319664,0.06674064695835114,0.24087487161159515,0.09239461272954941,0.14707200229167938,0.0630263015627861,0.12899501621723175,0.02174864523112774,0.08088807016611099,0.04552904888987541,0.20750389993190765,0.10316885262727737,0.3364557921886444,0.12881697714328766,0.24479226768016815,0.11717525124549866,0.23078079521656036,0.436608225107193,0.16396427154541016,0.032966624945402145,0.04481983929872513,0.1447860598564148,0.19345669448375702,0.13155022263526917,0.12114929407835007,0.02947244979441166,0.03576292470097542,1.476047158241272,0.29190346598625183,1.1220381259918213,0.05973638966679573,0.02944968082010746,0.009044917300343513,0.11075086891651154,0.03986377269029617,0.1265009492635727,0.1377599686384201,0.16169651597738266,2.1707971394062042,5.133617635816336
b11,b,4,25,1.6219836473464966,2.237398862838745,0.1498447060585022,0.1262602061033249,0.1677730530500412,0.05142229050397873,0.29635313153266907,0.09404049813747406,0.147417813539505,0.12891587615013123,0.3265184164047241,0.14642629027366638,0.22659586369991302,0.1661003679037094,0.1709536612033844,0.14555643498897552,0.8837456703186035,0.06661148369312286,0.07750719785690308,0.10484014451503754,0.0533381812274456,0.03107948787510395,0.039797041565179825,0.055933691561222076,0.0928984060883522,1.2792686223983765,0.905941903591156,0.09770869463682175,0.08352682739496231,0.08722393214702606,0.42866379022598267,0.15082810819149017,1.6836320161819458,1.7428953647613525,0.0827859491109848,0.9986997842788696,0.06156191974878311,0.050179675221443176,0.10932059586048126,0.04069909080862999,0.15887218713760376,0.17204631865024567,0.1050688624382019,0.03589479625225067,0.06060401350259781,0.2524009644985199,0.09400882571935654,0.14721006155014038,0.06177567318081856,0.152866393327713,0.01919063739478588,0.056268639862537384,0.041984282433986664,0.21660259366035461,0.10022048652172089,0.5370676517486572,0.11961603164672852,0.2709450423717499,0.0892510786652565,0.34721946716308594,0.514382004737854,0.08797380328178406,0.03420263156294823,0.06321004033088684,0.14141876995563507,0.19178833067417145,0.128230020403862,0.12702111899852753,0.02415825054049492,0.02843005582690239,0.6387171745300293,0.16325418651103973,0.45009681582450867,0.03947284445166588,0.05043249577283859,0.018925881013274193,0.17172007262706757,0.07083120197057724,0.13141010701656342,0.1372724175453186,0.18977123126387596,2.4980012960731983,4.972895503044128
b12,b,4,22,1.7919284105300903,2.587249994277954,0.16464853286743164,0.14255091547966003,0.4177563488483429,0.05438457801938057,0.4309971034526825,0.11123576760292053,0.16275331377983093,0.14436526596546173,0.3359621465206146,0.1630866527557373,0.25405171513557434,0.18636783957481384,0.1930355578660965,0.1458534300327301,1.1719197034835815,0.07837429642677307,0.09168760478496552,0.11924250423908234,0.06042996793985367,0.04149487242102623,0.04425741732120514,0.07978887110948563,0.08391678333282471,1.3756003379821777,0.9793424010276794,0.10440719872713089,0.0945434495806694,0.08291308581829071,0.3925572633743286,0.1718040108680725,1.6603471040725708,1.8859925270080566,0.09269864112138748,0.8980305194854736,0.0528661385178566,0.03389427438378334,0.12113442271947861,0.06076650321483612,0.17743559181690216,0.20347239077091217,0.1221807450056076,0.04510590806603432,0.06917586922645569,0.29000386595726013,0.11116215586662292,0.1654963195323944,0.07141394168138504,0.15689900517463684,0.022088998928666115,0.07201213389635086,0.047909364104270935,0.23660100996494293,0.11114758998155594,0.20651058852672577,0.1117408499121666,0.2937168478965759,0.09653813391923904,0.17171365022659302,0.30048611760139465,0.13867603242397308,0.029993344098329544,0.038510311394929886,0.1646820604801178,0.21483777463436127,0.15195876359939575,0.14675003290176392,0.029665375128388405,0.034032292664051056,1.1223784685134888,0.2901986837387085,0.8321844339370728,0.05670907720923424,0.04152000695466995,0.01940840296447277,0.2915424406528473,0.09462352097034454,0.14642508327960968,0.15303882956504822,0.2352820560336113,2.91715557128191,5.906525067985058
b13,b,5,31,1.0851713418960571,1.718576192855835,0.13023583590984344,0.11037522554397583,0.3584762513637543,0.06416839361190796,0.3823252320289612,0.08800213783979416,0.12756316363811493,0.11575727164745331,0.2799202799797058,0.1258516162633896,0.18930460512638092,0.13676781952381134,0.13528068363666534,0.1561431735754013,0.5067895650863647,0.05961577594280243,0.062355682253837585,0.08338131010532379,0.04700588062405586,0.011867561377584934,0.030238276347517967,0.04318307340145111,0.0895310789346695,0.8734975457191467,0.6375124454498291,0.08897792547941208,0.07934418320655823,0.08387694507837296,0.4906706213951111,0.12558268010616302,1.9297789335250854,1.1734338998794556,0.10230206698179245,0.8828164935112,0.05321647226810455,0.043710459023714066,0.09905093908309937,0.029452072456479073,0.13398875296115875,0.13765586912631989,0.08830522745847702,0.034807365387678146,0.06254091113805771,0.21739447116851807,0.08136735111474991,0.13535168766975403,0.0533069409430027,0.12022121250629425,0.020252013579010963,0.07665859907865524,0.04102030396461487,0.17658351361751556,0.08987947553396225,0.4906253218650818,0.127095565199852,0.20276948809623718,0.11476009339094162,0.4072669744491577,0.8196502327919006,0.16165918111801147,0.038936324417591095,0.0637902170419693,0.12641316652297974,0.16819170117378235,0.11625929921865463,0.10715735703706741,0.030324041843414307,0.04589752107858658,1.340686559677124,0.3351916968822479,1.0342063903808594,0.06176739186048508,0.040971700102090836,0.006781492382287979,0.11716349422931671,0.06651696562767029,0.11083924025297165,0.12338049709796906,0.16142348758876324,1.9465166460722685,4.632100310176611
b14,b,4,20,1.3295648097991943,2.0542447566986084,0.15372081100940704,0.14449341595172882,0.45760148763656616,0.10224117338657379,0.4753611087799072,0.23348577320575714,0.1571427285671234,0.14611464738845825,0.3068583607673645,0.1581239402294159,0.22302360832691193,0.1748773753643036,0.1885559856891632,0.25476714968681335,1.8901370763778687,0.07982511818408966,0.09154419600963593,0.1087770015001297,0.0620778389275074,0.06312929093837738,0.03994379937648773,0.0950169712305069,0.07979385554790497,1.0559459924697876,0.7625300884246826,0.08965110778808594,0.08077166229486465,0.08172871917486191,0.45054370164871216,0.1446959674358368,1.8781135082244873,1.3472471237182617,0.10960034281015396,0.9124389886856079,0.0518149733543396,0.030591154471039772,0.11987195909023285,0.09522902965545654,0.1635880470275879,0.17683587968349457,0.10880748927593231,0.04840824007987976,0.07093535363674164,0.2289625108242035,0.09271859377622604,0.15750287473201752,0.06468573957681656,0.14744170010089874,0.026624083518981934,0.08627092838287354,0.04789359122514725,0.20023377239704132,0.1065962165594101,0.24337725341320038,0.1202072948217392,0.23667645454406738,0.11856114864349365,0.17209652066230774,0.31746840476989746,0.15980969369411469,0.028267752379179,0.02591639757156372,0.16206908226013184,0.19861957430839539,0.1584658920764923,0.15204083919525146,0.03568286821246147,0.06233929470181465,1.79403817653656,0.42811474204063416,1.1540530920028687,0.06960823386907578,0.028403207659721375,0.040336254984140396,0.5060850381851196,0.23589560389518738,0.14038312435150146,0.1478344202041626,0.36844654381275177,2.6585869044065475,5.724233698099852
b15,b,4,25,1.1496264934539795,1.8179341554641724,0.1372562050819397,0.11923228204250336,0.291300505399704,0.08875074982643127,0.4572610855102539,0.14934447407722473,0.1319849044084549,0.12155261635780334,0.30446842312812805,0.13215969502925873,0.1944410353899002,0.14478205144405365,0.1514388769865036,0.11409720778465271,1.1733403205871582,0.06942739337682724,0.07562857866287231,0.09163414686918259,0.050206203013658524,0.027008838951587677,0.033343926072120667,0.10174727439880371,0.09156861156225204,0.9568637609481812,0.6815992593765259,0.08563914149999619,0.09442220628261566,0.08361512422561646,0.570849597454071,0.1290791630744934,1.8836499452590942,1.1687414646148682,0.10103451460599899,0.9047296643257141,0.050220709294080734,0.0386471226811409,0.10133902728557587,0.06572599709033966,0.13872823119163513,0.166459858417511,0.09781379997730255,0.0382857471704483,0.06550458073616028,0.2378525733947754,0.08998585492372513,0.15154333412647247,0.056957896798849106,0.12997859716415405,0.02013074792921543,0.08186329156160355,0.04251352325081825,0.18840140104293823,0.09475483745336533,0.22897213697433472,0.13482412695884705,0.20012226700782776,0.11626249551773071,0.17655816674232483,0.35203224420547485,0.13229866325855255,0.02912004292011261,0.044523853808641434,0.13126567006111145,0.17231614887714386,0.12483562529087067,0.1196792796254158,0.02830025926232338,0.07042630016803741,1.378238320350647,0.372712105512619,0.9288065433502197,0.04872968792915344,0.02461577206850052,0.026730455458164215,0.3092402517795563,0.14316411316394806,0.11664660274982452,0.1253674477338791,0.2844356745481491,2.2455339431762695,4.951754789799452
b16,b,4,25,1.2369954586029053,2.1312851905822754,0.15850593149662018,0.14662745594978333,0.7501922845840454,0.15158264338970184,0.5829354524612427,0.20157308876514435,0.15981964766979218,0.1505441665649414,0.33444225788116455,0.1613086313009262,0.22611163556575775,0.1754278540611267,0.18376745283603668,0.2318243533372879,1.9828952550888062,0.0836198553442955,0.09232443571090698,0.10640165954828262,0.06341668963432312,0.06481728702783585,0.03895705193281174,0.13523079454898834,0.08842787146568298,1.022943139076233,0.7413204312324524,0.08553393185138702,0.09576503932476044,0.08934648334980011,0.5093618631362915,0.14096397161483765,2.350282907485962,1.2590464353561401,0.13986563682556152,1.1346054077148438,0.05669653043150902,0.01801750436425209,0.12446655333042145,0.08744867146015167,0.16570089757442474,0.18825368583202362,0.10963091254234314,0.05554201453924179,0.07797950506210327,0.23088482022285461,0.0914326012134552,0.17596787214279175,0.06659550219774246,0.15134049952030182,0.0268264077603817,0.10331740230321884,0.05254587531089783,0.20384033024311066,0.11243128031492233,0.15943633019924164,0.14653179049491882,0.23408199846744537,0.14101417362689972,0.10900912433862686,0.17414310574531555,0.18439941108226776,0.026379259303212166,0.022402364760637283,0.16865681111812592,0.2058156430721283,0.16547441482543945,0.15430036187171936,0.04100616276264191,0.09055440872907639,2.116018772125244,0.44376397132873535,1.5452090501785278,0.08331289142370224,0.03718334063887596,0.04446318745613098,0.4554733335971832,0.17972378432750702,0.14081895351409912,0.15338480472564697,0.3757609352469444,2.686769910156727,6.322091393172741
b17,b,4,25,1.5613105297088623,2.3901000022888184,0.16443686187267303,0.1353737860918045,0.3057937026023865,0.07960931211709976,0.5215379595756531,0.07986500859260559,0.1550540030002594,0.13830256462097168,0.3624958097934723,0.15454134345054626,0.2471877485513687,0.17368601262569427,0.1704227775335312,0.1818968951702118,0.6184391975402832,0.08026992529630661,0.08635186403989792,0.11194267868995667,0.056777387857437134,0.004561182111501694,0.041322607547044754,0.17393535375595093,0.09802243858575821,1.251056432723999,0.8906229138374329,0.09353137016296387,0.07504033297300339,0.09386681765317917,0.5490084886550903,0.16300199925899506,1.9541429281234741,1.6150566339492798,0.112481027841568,1.061795711517334,0.053389355540275574,0.027071285992860794,0.11876644194126129,0.028503987938165665,0.17090345919132233,0.20167720317840576,0.12338690459728241,0.043978337198495865,0.07690377533435822,0.2857523262500763,0.11220813542604446,0.18024633824825287,0.07141754031181335,0.15454059839248657,0.019607657566666603,0.09148462116718292,0.051287248730659485,0.24003449082374573,0.11529503762722015,0.14792834222316742,0.14792925119400024,0.2726556360721588,0.12103971838951111,0.14039143919944763,0.24189206957817078,0.1278003752231598,0.02335316501557827,0.02346632443368435,0.15553316473960876,0.21284444630146027,0.14065052568912506,0.13135148584842682,0.028033804148435593,0.04900595173239708,1.3228448629379272,0.2690047323703766,0.9509776830673218,0.04472148418426514,0.023746972903609276,0.005051851272583008,0.15061666071414948,0.08297736942768097,0.13705289363861084,0.1491197943687439,0.2951229698956013,2.7682003416121006,5.816733885556459
b18,b,4,25,1.7359466552734375,2.442471981048584,0.19053812325000763,0.16464991867542267,0.6019603610038757,0.11680477112531662,0.6290184259414673,0.12606120109558105,0.18385650217533112,0.16954320669174194,0.4160122573375702,0.18416358530521393,0.2844739258289337,0.20309999585151672,0.21008005738258362,0.1143626794219017,1.293289303779602,0.09697768092155457,0.10520341992378235,0.12765148282051086,0.06982864439487457,0.04740210622549057,0.0426112599670887,0.09401405602693558,0.11941979080438614,1.399091362953186,1.0043474435806274,0.12436702847480774,0.11302933841943741,0.10899193584918976,0.5777624249458313,0.18128742277622223,2.2160561084747314,1.8955175876617432,0.13828368484973907,1.1748582124710083,0.06578569114208221,0.03127584233880043,0.14142777025699615,0.07010183483362198,0.19625848531723022,0.21976211667060852,0.13792455196380615,0.056049276143312454,0.0924769788980484,0.3313932418823242,0.12973201274871826,0.2045060396194458,0.0808333083987236,0.18493378162384033,0.02799035795032978,0.10456019639968872,0.05993204563856125,0.2702750861644745,0.13366207480430603,0.29575514793395996,0.1623285710811615,0.2993723750114441,0.1470612734556198,0.23434367775917053,0.4233131408691406,0.18981389701366425,0.045261550694704056,0.05021367222070694,0.18929994106292725,0.2474387139081955,0.17751726508140564,0.16487103700637817,0.03953619673848152,0.08402961492538452,1.9028607606887817,0.45406338572502136,1.1087359189987183,0.08598621189594269,0.07503227144479752,0.02017321065068245,0.34198129177093506,0.1201460063457489,0.16483482718467712,0.17612197995185852,0.26268651708960533,2.825304504483938,7.113112892955542
b19,b,4,28,1.2051212787628174,1.939659833908081,0.17218530178070068,0.1563485562801361,0.8719417452812195,0.1623585969209671,0.7631502151489258,0.2370576560497284,0.16688688099384308,0.16048593819141388,0.3810700476169586,0.16891077160835266,0.23878464102745056,0.1809075027704239,0.18964429199695587,0.21164800226688385,2.0522451400756836,0.09571919590234756,0.10236914455890656,0.11117791384458542,0.06764093041419983,0.06733781844377518,0.039986759424209595,0.14422757923603058,0.10354078561067581,0.9659889340400696,0.6974433064460754,0.08727462589740753,0.09031679481267929,0.09971427917480469,0.6238442063331604,0.14087346196174622,2.553453207015991,1.2245663404464722,0.16002118587493896,1.183068871498108,0.053728215396404266,0.017312152311205864,0.13263466954231262,0.1081891730427742,0.1727687269449234,0.20056797564029694,0.1204652190208435,0.06338682025671005,0.09246913343667984,0.2502414882183075,0.10503777116537094,0.20952604711055756,0.07170134037733078,0.1593361794948578,0.027871008962392807,0.12808839976787567,0.06015282869338989,0.22335469722747803,0.12350616604089737,0.08249909430742264,0.1780148297548294,0.2222634106874466,0.16414518654346466,0.06348433345556259,0.12575982511043549,0.2205602377653122,0.027036668732762337,0.015383558347821236,0.17771020531654358,0.21889163553714752,0.1762891709804535,0.1621762365102768,0.04360225796699524,0.11335940659046173,2.59613299369812,0.5488837361335754,1.6846140623092651,0.09032732993364334,0.03706210479140282,0.06774988025426865,0.4489479959011078,0.20934352278709412,0.14724890887737274,0.16188159584999084,0.42127199470996857,2.5702753514051437,7.018928490579128
b20,b,5,26,1.7378811836242676,2.5028111934661865,0.18037699162960052,0.1646171659231186,0.6639325022697449,0.13353373110294342,0.5811794996261597,0.17343123257160187,0.1821148693561554,0.1687636375427246,0.3729219138622284,0.183204784989357,0.273554265499115,0.20438584685325623,0.2165510505437851,0.14485590159893036,1.5947761535644531,0.09277607500553131,0.10681132972240448,0.12712857127189636,0.07049344480037689,0.06331411004066467,0.046343691647052765,0.11965799331665039,0.10390068590641022,1.43241286277771,1.014914870262146,0.11032456904649734,0.10242535173892975,0.09967644512653351,0.5292425751686096,0.17385107278823853,2.1047403812408447,1.797403335571289,0.13483145833015442,1.1030707359313965,0.05825851112604141,0.032548412680625916,0.13906997442245483,0.09141203761100769,0.19324156641960144,0.22671741247177124,0.13603927195072174,0.05857511982321739,0.08671311289072037,0.30858394503593445,0.12229771912097931,0.19815216958522797,0.07921312749385834,0.17324961721897125,0.0282904002815485,0.09861782193183899,0.057993944734334946,0.25382983684539795,0.12801606953144073,0.23551152646541595,0.14888735115528107,0.3018361032009125,0.14321163296699524,0.16440002620220184,0.2909412086009979,0.1986435502767563,0.038432586938142776,0.0333956815302372,0.19163663685321808,0.2392079085111618,0.1831257939338684,0.17178045213222504,0.04086264222860336,0.0767604187130928,1.8744397163391113,0.4933687448501587,1.2538889646530151,0.09059964120388031,0.06681409478187561,0.037629518657922745,0.4448356032371521,0.16580253839492798,0.16351453959941864,0.17327973246574402,0.339432917535305,3.0080466493964195,7.006583631038666
b21,b,5,34,1.852367639541626,2.6169705390930176,0.1735074669122696,0.15142092108726501,0.36851707100868225,0.04757272079586983,0.3633634150028229,0.07925259321928024,0.17506323754787445,0.1520327776670456,0.3148539066314697,0.17531272768974304,0.2816198766231537,0.20370271801948547,0.2052236944437027,0.15096032619476318,0.625380277633667,0.08916120231151581,0.10370337218046188,0.13501989841461182,0.06492308527231216,0.01005811057984829,0.04845897853374481,0.07275927066802979,0.07454153895378113,1.6023130416870117,1.1575255393981934,0.1237335205078125,0.09174139052629471,0.09159315377473831,0.500011682510376,0.2037847489118576,1.2456529140472412,1.9881677627563477,0.08849134296178818,0.5873861312866211,0.04473689943552017,0.02774055488407612,0.13062602281570435,0.04313255473971367,0.19622261822223663,0.24109970033168793,0.14759714901447296,0.047756586223840714,0.07219506055116653,0.36173388361930847,0.14363522827625275,0.17716370522975922,0.08476024866104126,0.14515292644500732,0.02380024828016758,0.06786976754665375,0.052894748747348785,0.26518309116363525,0.1209152564406395,0.1167348325252533,0.10820995271205902,0.32578930258750916,0.10448740422725677,0.09568598121404648,0.2172948271036148,0.18843989074230194,0.026256514713168144,0.01867320016026497,0.1805284321308136,0.2334613800048828,0.1633867621421814,0.15607216954231262,0.029879005625844002,0.047200482338666916,1.3232142925262451,0.38078755140304565,1.056645393371582,0.05909118056297302,0.019385479390621185,0.013310715556144714,0.10107475519180298,0.0775267481803894,0.15750592947006226,0.1672196239233017,0.20047084242105484,2.894968129694462,6.250108614563942
c1,c,4,27,1.2328368425369263,1.9023491144180298,0.1542862504720688,0.13601967692375183,0.21539095044136047,0.07096167653799057,0.46528753638267517,0.18910904228687286,0.1547071635723114,0.1472233533859253,0.3598065674304962,0.1523619443178177,0.21433503925800323,0.16180197894573212,0.1734829694032669,0.13461829721927643,1.5372270345687866,0.07159894704818726,0.0761326476931572,0.0967477485537529,0.05827322602272034,0.04032241925597191,0.033757273107767105,0.2078976333141327,0.12640249729156494,1.0336074829101562,0.7410889267921448,0.13455480337142944,0.16563808917999268,0.10820107907056808,0.6744177341461182,0.13834470510482788,2.22871470451355,1.3244562149047852,0.11806648969650269,1.1275864839553833,0.08736906200647354,0.05469832196831703,0.11964777857065201,0.07973567396402359,0.15446239709854126,0.15139207243919373,0.09719198197126389,0.039519842714071274,0.077848419547081,0.25354671478271484,0.09147261083126068,0.14352388679981232,0.058532532304525375,0.16810601949691772,0.02664300613105297,0.08732444792985916,0.04799376055598259,0.1954835057258606,0.1054365262389183,0.9814715385437012,0.1601187139749527,0.23063701391220093,0.14402607083320618,0.789989173412323,1.5239593982696533,0.1627354472875595,0.06836675852537155,0.12791472673416138,0.15127354860305786,0.19530260562896729,0.14438462257385254,0.13463455438613892,0.03873738646507263,0.07154223322868347,1.317833423614502,0.4156171977519989,0.9159229397773743,0.08386316150426865,0.0809105783700943,0.019586293026804924,0.4373636841773987,0.22160476446151733,0.13735458254814148,0.14589272439479828,0.43076394870877266,2.55471782758832,5.321418363600969
c2,c,2,12,1.2387745380401611,1.7317081689834595,0.14034022390842438,0.13014855980873108,0.15295559167861938,0.04239165782928467,0.3344804346561432,0.3404099643230438,0.14476199448108673,0.1368909329175949,0.2994552552700043,0.14376480877399445,0.1941296011209488,0.15795154869556427,0.18041640520095825,0.0972205176949501,1.9743634462356567,0.06964718550443649,0.07637276500463486,0.09686367958784103,0.056034594774246216,0.06272967159748077,0.039918724447488785,0.32020458579063416,0.10511648654937744,1.0936204195022583,0.7771826386451721,0.11503595858812332,0.10556408762931824,0.09938988089561462,0.703545331954956,0.12787498533725739,1.5374155044555664,1.301134467124939,0.09240389615297318,0.8498136401176453,0.07720022648572922,0.029055634513497353,0.10964130610227585,0.138486847281456,0.14554651081562042,0.16553086042404175,0.09319458156824112,0.0369824580848217,0.061317697167396545,0.27005115151405334,0.0904780849814415,0.11923735588788986,0.055178701877593994,0.14848504960536957,0.026999756693840027,0.061514612287282944,0.0410841703414917,0.17404915392398834,0.09171503782272339,0.6605851054191589,0.12899425625801086,0.22075490653514862,0.12203502655029297,0.5098722577095032,1.0247081518173218,0.13628314435482025,0.05233832076191902,0.0922473892569542,0.14353545010089874,0.17361469566822052,0.14170119166374207,0.1383819729089737,0.03484460711479187,0.08336836099624634,1.1338423490524292,0.4564206898212433,0.7719728946685791,0.06875050812959671,0.05672047659754753,0.021176457405090332,0.5134546160697937,0.3882887661457062,0.1303384155035019,0.13344596326351166,0.7005332745611668,2.8205302096903324,4.820115048438311
c3,c,2,15,1.1815959215164185,1.7690178155899048,0.1325829178094864,0.13623908162117004,0.08955665677785873,0.04999528080224991,0.14399518072605133,0.614033043384552,0.1462971419095993,0.13370078802108765,0.22492173314094543,0.14888259768486023,0.18423959612846375,0.17168556153774261,0.22392965853214264,0.024387609213590622,3.852370262145996,0.07817144691944122,0.09432826936244965,0.11361732333898544,0.06087317690253258,0.12675289809703827,0.048391617834568024,0.11131687462329865,0.041721783578395844,1.1550319194793701,0.8210964202880859,0.12633036077022552,0.11515291780233383,0.06404802948236465,0.3161833882331848,0.1495073288679123,0.4664681851863861,1.2607882022857666,0.037479694932699203,0.18468588590621948,0.04471265524625778,0.035102084279060364,0.10471154749393463,0.27733105421066284,0.14386405050754547,0.20523494482040405,0.10031045973300934,0.03565240651369095,0.04232857748866081,0.40942588448524475,0.12501639127731323,0.10752962529659271,0.056936681270599365,0.12205042690038681,0.03023914061486721,0.02561168186366558,0.03322102874517441,0.160424143075943,0.07578246295452118,0.5331043004989624,0.05230146273970604,0.18312212824821472,0.056447163224220276,0.3226814866065979,0.8534564971923828,0.11839274317026138,0.05074713006615639,0.08908828347921371,0.137741819024086,0.15271931886672974,0.14791202545166016,0.16861608624458313,0.03306903317570686,0.1849718540906906,0.6202720999717712,0.3974979817867279,0.4678128659725189,0.04564524441957474,0.032366253435611725,0.07139191776514053,0.7925111055374146,0.6854259371757507,0.13497601449489594,0.12599198520183563,0.7737415358424187,3.228185288608074,4.723462291061878
c4,c,2,15,1.6735936403274536,2.1794321537017822,0.1752091348171234,0.17182382941246033,0.12448767572641373,0.08241471648216248,0.29361000657081604,0.5485257506370544,0.1828736811876297,0.16920481622219086,0.3217485547065735,0.18540321290493011,0.24672259390354156,0.2128622680902481,0.2627606987953186,0.07275504618883133,3.490389108657837,0.10716595500707626,0.1214645653963089,0.14193673431873322,0.07528307288885117,0.11449164897203445,0.05502958595752716,0.22090104222297668,0.0743129700422287,1.4727576971054077,1.0447334051132202,0.16236494481563568,0.17247837781906128,0.09332828968763351,0.611206591129303,0.18308979272842407,0.648931622505188,1.8442447185516357,0.06049932539463043,0.30956071615219116,0.06490513682365417,0.024899335578083992,0.13298894464969635,0.23940162360668182,0.1871747523546219,0.23240245878696442,0.13024453818798065,0.04587741941213608,0.0613069087266922,0.42389386892318726,0.1425483226776123,0.13872133195400238,0.07256747782230377,0.17279818654060364,0.036563336849212646,0.045103415846824646,0.045393966138362885,0.21725894510746002,0.10538778454065323,0.49242523312568665,0.08387439697980881,0.25984087586402893,0.0874367505311966,0.34934672713279724,0.7646229863166809,0.13380180299282074,0.05078069865703583,0.07794369757175446,0.17972643673419952,0.20790721476078033,0.18446913361549377,0.19589458405971527,0.04179070144891739,0.13115249574184418,0.763407826423645,0.4881415069103241,0.6421393156051636,0.07227715104818344,0.05867386609315872,0.07349073886871338,0.8230662941932678,0.6734504699707031,0.17054878175258636,0.1622421145439148,0.8244563788175583,3.6773390024900436,6.084324687719345
c5,c,3,24,2.0233781337738037,2.6844375133514404,0.18025775253772736,0.15605278313159943,0.22987079620361328,0.05311664938926697,0.4251354932785034,0.10043639689683914,0.17966966331005096,0.16067886352539062,0.36045941710472107,0.17853039503097534,0.29020383954048157,0.20549072325229645,0.2140873819589615,0.09370066970586777,0.7383754253387451,0.08969978243112564,0.10413097590208054,0.1348671168088913,0.06537047028541565,0.010190966539084911,0.046842966228723526,0.1531740128993988,0.10543041676282883,1.6978058815002441,1.2074512243270874,0.1410350352525711,0.09924241155385971,0.10256113857030869,0.5903162956237793,0.20485562086105347,1.3940976858139038,2.1525344848632812,0.09248334914445877,0.7493898868560791,0.06328729540109634,0.014537990093231201,0.13312628865242004,0.05266498401761055,0.19774456322193146,0.2566162645816803,0.14935238659381866,0.04430289566516876,0.07995083928108215,0.401517778635025,0.15132248401641846,0.18147589266300201,0.08360979706048965,0.17028474807739258,0.02353852242231369,0.07024921476840973,0.05325542017817497,0.27345892786979675,0.12530581653118134,0.4378906190395355,0.11976548284292221,0.3393596410751343,0.11571792513132095,0.3307133615016937,0.63545161485672,0.16017760336399078,0.04137778282165527,0.05273742601275444,0.18361715972423553,0.24226228892803192,0.16531811654567719,0.15598498284816742,0.03028087504208088,0.056146491318941116,1.090032935142517,0.40050554275512695,0.8038485646247864,0.060707543045282364,0.0408761091530323,0.009988485835492611,0.21217481791973114,0.10811806470155716,0.16478441655635834,0.16963301599025726,0.30045337602496147,3.093008954077959,6.410546187311411
d1,d,4,25,1.9510383605957031,2.7660460472106934,0.19301320612430573,0.1685195118188858,0.26950380206108093,0.09028499573469162,0.42948493361473083,0.18506473302841187,0.18556833267211914,0.16545061767101288,0.3718549311161041,0.1870938092470169,0.2899252474308014,0.21747839450836182,0.23373454809188843,0.09227929264307022,1.5947411060333252,0.10434356331825256,0.11870180815458298,0.14642925560474396,0.07138589024543762,0.05168179050087929,0.05001327395439148,0.09414225816726685,0.08020129054784775,1.5574407577514648,1.108991265296936,0.12549009919166565,0.10363058000802994,0.08696205914020538,0.42061832547187805,0.20898251235485077,1.1995795965194702,2.120013952255249,0.08187896013259888,0.58708655834198,0.048976559191942215,0.020375534892082214,0.13738325238227844,0.0935414582490921,0.20458316802978516,0.2544694244861603,0.14981037378311157,0.04910615086555481,0.0744330883026123,0.40875503420829773,0.1492040455341339,0.18677300214767456,0.08422195166349411,0.17652425169944763,0.027201559394598007,0.067423515021801,0.05352827534079552,0.2749476134777069,0.12449953705072403,0.18437793850898743,0.10340531170368195,0.3053812086582184,0.09622174501419067,0.14541147649288177,0.3073323369026184,0.1468963772058487,0.03305119276046753,0.03407260775566101,0.18673940002918243,0.24077649414539337,0.1759071946144104,0.17509308457374573,0.034431569278240204,0.04756169766187668,0.9417038559913635,0.33425089716911316,0.9528148174285889,0.05642102286219597,0.03361811116337776,0.03846863657236099,0.41036877036094666,0.20223838090896606,0.17015479505062103,0.17329080402851105,0.3292202651500702,3.2975046932697296,6.692973788827658
d2,d,4,30,1.9675856828689575,2.733372926712036,0.18912063539028168,0.16562910377979279,0.3314889371395111,0.07876184582710266,0.4890144169330597,0.1993437558412552,0.18538899719715118,0.1664877086877823,0.3758341073989868,0.18618133664131165,0.29121115803718567,0.21470531821250916,0.22723893821239471,0.09285792708396912,1.1588070392608643,0.10053392499685287,0.11369922012090683,0.1417877972126007,0.06992392987012863,0.03363138437271118,0.051804594695568085,0.1720236986875534,0.08977074176073074,1.6515098810195923,1.1707336902618408,0.12176527082920074,0.07541202008724213,0.09289040416479111,0.4580540955066681,0.19928163290023804,1.351846694946289,2.15126895904541,0.09512647986412048,0.7196505665779114,0.053508102893829346,0.013591792434453964,0.1379108726978302,0.08638472855091095,0.20382049679756165,0.2698550522327423,0.15268737077713013,0.05034105107188225,0.08042950928211212,0.4084565043449402,0.1507546603679657,0.19102518260478973,0.08544860780239105,0.17424790561199188,0.026841379702091217,0.07972443848848343,0.05577503517270088,0.27496540546417236,0.12691061198711395,0.17674903571605682,0.1168937012553215,0.3244432508945465,0.11126638948917389,0.16267237067222595,0.36631202697753906,0.18178986012935638,0.032091088593006134,0.02622138150036335,0.1901359260082245,0.2439524531364441,0.1772744357585907,0.1708928793668747,0.03482485190033913,0.06915566325187683,1.274277925491333,0.44659754633903503,0.9742879271507263,0.06376125663518906,0.03057260997593403,0.03042874112725258,0.27675682306289673,0.25985977053642273,0.1685120314359665,0.17461715638637543,0.4231720492243767,3.4164047464728355,6.815020523965359
d3,d,4,25,1.6004726886749268,2.1963396072387695,0.1634785532951355,0.1369692087173462,0.0982271358370781,0.08184347301721573,0.3912521004676819,0.15335385501384735,0.15926267206668854,0.14195552468299866,0.36530306935310364,0.1576019525527954,0.23838311433792114,0.17738460004329681,0.18749189376831055,0.1084781065583229,1.1385865211486816,0.07985560595989227,0.08630181103944778,0.11391659080982208,0.058493275195360184,0.03359396755695343,0.03993167728185654,0.13278037309646606,0.10739517211914062,1.3603788614273071,0.9782820343971252,0.14291095733642578,0.14999882876873016,0.10305793583393097,0.5528115034103394,0.15936553478240967,1.4531382322311401,1.8750442266464233,0.07808564603328705,0.9373700618743896,0.07586991041898727,0.024949127808213234,0.1181095615029335,0.072001151740551,0.16928644478321075,0.20940274000167847,0.11729700863361359,0.03739108145236969,0.0697837620973587,0.30870917439460754,0.11357085406780243,0.1531698852777481,0.06726673245429993,0.1755565106868744,0.02229166217148304,0.06098455563187599,0.04572790488600731,0.2275639772415161,0.10739953815937042,0.7168862223625183,0.12407633662223816,0.28253287076950073,0.10009180009365082,0.5961547493934631,1.0380158424377441,0.10915624350309372,0.05114771053195,0.10149042308330536,0.15193665027618408,0.20353706181049347,0.1398516297340393,0.13786746561527252,0.029648885130882263,0.039604317396879196,0.6219046711921692,0.32647091150283813,0.4673788547515869,0.05118975788354874,0.0732666626572609,0.015818415209650993,0.40472808480262756,0.22365547716617584,0.1430499106645584,0.14781922101974487,0.32606590539216995,2.7460609897971153,5.482017695903778
d4,d,6,40,2.046949863433838,2.9228787422180176,0.19826391339302063,0.18628916144371033,0.7304311990737915,0.1144760251045227,0.6026948690414429,0.19127371907234192,0.20579643547534943,0.19010886549949646,0.3809038996696472,0.20710238814353943,0.31183668971061707,0.234847754240036,0.2556442618370056,0.17918002605438232,2.1616716384887695,0.10373662412166595,0.12562055885791779,0.15052153170108795,0.07953190058469772,0.07292719930410385,0.05435050651431084,0.1849965751171112,0.09493444114923477,1.64695143699646,1.1653697490692139,0.12805262207984924,0.1270514875650406,0.09472449123859406,0.43268436193466187,0.21299271285533905,1.9724286794662476,2.107478380203247,0.1284211426973343,1.0240265130996704,0.06527373194694519,0.039755742996931076,0.15369048714637756,0.10811050981283188,0.21963700652122498,0.2527655363082886,0.15798041224479675,0.0628800019621849,0.09338001161813736,0.38005632162094116,0.14974400401115417,0.20425638556480408,0.09136592596769333,0.19155550003051758,0.031038451939821243,0.09763988852500916,0.06172019988298416,0.28121277689933777,0.14047296345233917,0.25316888093948364,0.1275518834590912,0.34562167525291443,0.13771086931228638,0.2328774631023407,0.4611669182777405,0.19840902090072632,0.03795921057462692,0.033056940883398056,0.21869993209838867,0.26838892698287964,0.20818288624286652,0.19700153172016144,0.04231090471148491,0.06866635382175446,1.938736915588379,0.5505715012550354,1.2641873359680176,0.09982509166002274,0.07746060937643051,0.03870374709367752,0.5121313333511353,0.1955426037311554,0.18861182034015656,0.1931215226650238,0.43062080070376396,3.549042146652937,7.792530231177807
d5,d,5,34,1.635667324066162,2.303354263305664,0.1463020145893097,0.12836876511573792,0.21341228485107422,0.044726643711328506,0.30230721831321716,0.11762460321187973,0.14988702535629272,0.13056941330432892,0.2788734436035156,0.1489855796098709,0.229413703083992,0.1717819720506668,0.18160288035869598,0.07853645086288452,1.002614974975586,0.07170884311199188,0.08512695878744125,0.11283062398433685,0.05530395731329918,0.030237067490816116,0.04036157205700874,0.1359771192073822,0.0738043487071991,1.4005104303359985,0.9926567077636719,0.11727302521467209,0.12581151723861694,0.0794721320271492,0.37179988622665405,0.17012496292591095,1.0862069129943848,1.7749625444412231,0.06314291059970856,0.6174025535583496,0.05591315031051636,0.017955739051103592,0.10987141728401184,0.06441286951303482,0.16240745782852173,0.19353383779525757,0.11589707434177399,0.037458013743162155,0.058360449969768524,0.31822657585144043,0.11625558882951736,0.13871170580387115,0.06667961925268173,0.14191904664039612,0.019685104489326477,0.04877079278230667,0.041342005133628845,0.2139197587966919,0.09675911068916321,0.4821760654449463,0.0861162394285202,0.2724103033542633,0.0800698921084404,0.417855441570282,0.7743350863456726,0.12289522588253021,0.038630492985248566,0.06511152535676956,0.14813905954360962,0.1904485523700714,0.13609042763710022,0.13389186561107635,0.02648797444999218,0.04753891006112099,0.7587169408798218,0.30496224761009216,0.6795142889022827,0.05156915634870529,0.06287450343370438,0.016519753262400627,0.23570019006729126,0.12236598134040833,0.1347137689590454,0.13981132209300995,0.2939632944762707,2.719683539122343,5.145637985318899
d6,d,3,24,1.7232400178909302,2.3461334705352783,0.14994890987873077,0.14349806308746338,0.07812825590372086,0.023206936195492744,0.15207143127918243,0.31606408953666687,0.16314467787742615,0.14241638779640198,0.24623626470565796,0.16380785405635834,0.2320498824119568,0.19206108152866364,0.22182701528072357,0.05065121129155159,2.419863700866699,0.07837511599063873,0.09796857088804245,0.12672698497772217,0.06278866529464722,0.06637980043888092,0.05104562267661095,0.16241243481636047,0.05105617269873619,1.5109000205993652,1.076577067375183,0.12842930853366852,0.11508017778396606,0.07621005922555923,0.38919246196746826,0.1763792186975479,0.6044670939445496,1.8889455795288086,0.04200680926442146,0.2621995508670807,0.04818267002701759,0.016661426052451134,0.1164160966873169,0.15901415050029755,0.17188824713230133,0.23254968225955963,0.1218276247382164,0.038144443184137344,0.05192511901259422,0.35353103280067444,0.12511776387691498,0.13184185326099396,0.06963464617729187,0.13955135643482208,0.02496504783630371,0.031191421672701836,0.03987445682287216,0.2068558931350708,0.09404128789901733,0.3785322606563568,0.06668579578399658,0.2764948308467865,0.0633920282125473,0.3157110810279846,0.7147347331047058,0.10925415903329849,0.03543366864323616,0.0558544397354126,0.15854956209659576,0.1899719089269638,0.15460972487926483,0.1639396995306015,0.028370490297675133,0.05178036168217659,0.5769449472427368,0.35616692900657654,0.546673595905304,0.04456130787730217,0.03180099278688431,0.04199719801545143,0.6588957905769348,0.4103561341762543,0.14839623868465424,0.14622433483600616,0.5295221470296383,3.286011751741171,5.129147069528699
d7,d,6,40,1.9546802043914795,2.65851092338562,0.18338154256343842,0.1640682816505432,0.28439635038375854,0.05121857672929764,0.47243228554725647,0.16093331575393677,0.1870872676372528,0.17017202079296112,0.3728863596916199,0.18652567267417908,0.28641730546951294,0.21162152290344238,0.22601401805877686,0.12379815429449081,1.3957911729812622,0.09128191322088242,0.1073281392455101,0.13586771488189697,0.07011260837316513,0.04546455666422844,0.05007438734173775,0.19737586379051208,0.1068875640630722,1.6179872751235962,1.1432148218154907,0.145985409617424,0.1482335478067398,0.10568767786026001,0.604653000831604,0.19992966949939728,1.6711375713348389,2.007322072982788,0.10488726943731308,0.8808005452156067,0.06951086223125458,0.032229650765657425,0.13982193171977997,0.08307059854269028,0.20053258538246155,0.23001965880393982,0.14659395813941956,0.04912376403808594,0.08377349376678467,0.3740749955177307,0.1425982117652893,0.18383550643920898,0.08342894911766052,0.17872090637683868,0.0280323289334774,0.08063261955976486,0.05586862564086914,0.2674766182899475,0.1274610459804535,0.4598607122898102,0.13573509454727173,0.32917436957359314,0.1277259886264801,0.4160444736480713,0.8657953143119812,0.17277362942695618,0.048061568289995193,0.06826955825090408,0.19060072302818298,0.2438160628080368,0.1772175133228302,0.16946867108345032,0.036647673696279526,0.07327726483345032,1.2383352518081665,0.4394189417362213,0.9361184239387512,0.075779028236866,0.05489041656255722,0.01834423467516899,0.2865891456604004,0.18152397871017456,0.1699676811695099,0.17552600800991058,0.4083835668861866,3.2484184689819813,6.590738490223885
d8,d,5,29,1.623722791671753,2.1823854446411133,0.1637059897184372,0.14440158009529114,0.274953156709671,0.07286948710680008,0.3961709439754486,0.14502958953380585,0.16255684196949005,0.14719082415103912,0.32080966234207153,0.16232424974441528,0.251834899187088,0.18461602926254272,0.1954612284898758,0.13033495843410492,1.15968918800354,0.08509913086891174,0.09680565446615219,0.12130551785230637,0.061243198812007904,0.021338609978556633,0.04173969477415085,0.11730972677469254,0.08738358318805695,1.405583143234253,1.0124820470809937,0.130476713180542,0.10687771439552307,0.09493216872215271,0.5721765756607056,0.18262578547000885,1.319167971611023,1.748479962348938,0.09061621874570847,0.6121145486831665,0.05446498468518257,0.03644566610455513,0.12214435636997223,0.07145728170871735,0.1757345348596573,0.21522411704063416,0.1326007843017578,0.04311594367027283,0.07184319943189621,0.35665225982666016,0.13290953636169434,0.16762281954288483,0.0738697201013565,0.14814697206020355,0.024520166218280792,0.0691724345088005,0.04925345629453659,0.2406824678182602,0.11214279383420944,0.3950048089027405,0.1148744523525238,0.2764497697353363,0.11272414028644562,0.316538542509079,0.6734875440597534,0.18018904328346252,0.04099960997700691,0.06009824201464653,0.16600611805915833,0.21334193646907806,0.15406109392642975,0.14675208926200867,0.0321505032479763,0.07012200355529785,1.2094532251358032,0.4316975474357605,0.9739017486572266,0.06829316169023514,0.04917508736252785,0.020542548969388008,0.24016208946704865,0.18362337350845337,0.14780183136463165,0.15396830439567566,0.30407901108264923,2.670087829232216,5.865222729742527
d9,d,4,30,2.0690646171569824,2.7332265377044678,0.18058280646800995,0.16926200687885284,0.23435677587985992,0.054737579077482224,0.2458527684211731,0.21814636886119843,0.19542981684207916,0.1749243587255478,0.3069606125354767,0.19471092522144318,0.289023220539093,0.22379620373249054,0.2493477314710617,0.10046873986721039,1.7010829448699951,0.09272430837154388,0.11263003200292587,0.14720004796981812,0.07415305823087692,0.05255747586488724,0.05376843363046646,0.13431879878044128,0.08235038816928864,1.6747283935546875,1.204552173614502,0.1864352524280548,0.21613964438438416,0.10237094014883041,0.49409550428390503,0.2235451489686966,1.007443904876709,2.1956372261047363,0.07061068713665009,0.4850950837135315,0.07517986744642258,0.027582267299294472,0.14266477525234222,0.11905112117528915,0.20700699090957642,0.2567959129810333,0.14543502032756805,0.04590336233377457,0.07003383338451385,0.4141674041748047,0.15038247406482697,0.1482565999031067,0.08347092568874359,0.1748061180114746,0.03391076624393463,0.04545216262340546,0.049948517233133316,0.24966886639595032,0.11850357055664062,1.049104928970337,0.08030901849269867,0.3402666449546814,0.09789098799228668,0.8137586712837219,1.5591355562210083,0.1756756454706192,0.0719790905714035,0.13888369500637054,0.19720512628555298,0.2410344034433365,0.1847284734249115,0.18226592242717743,0.03884502127766609,0.07309149950742722,1.0392972230911255,0.43917885422706604,0.8749710917472839,0.09472816437482834,0.11024602502584457,0.02566191740334034,0.4748710095882416,0.24046644568443298,0.18022219836711884,0.180281862616539,0.40623360127210617,3.379926584661007,6.36847461014986
t1,t,3,21,2.673375368118286,3.4597854614257812,0.21908318996429443,0.20821444690227509,0.37102317810058594,0.06400597840547562,0.3090842664241791,0.28333890438079834,0.2343512922525406,0.20777738094329834,0.38452625274658203,0.23626267910003662,0.34803757071495056,0.27538999915122986,0.31034570932388306,0.13244524598121643,2.8076159954071045,0.11696715652942657,0.1440134346485138,0.18104706704616547,0.09079836308956146,0.09125402569770813,0.06542462855577469,0.14757657051086426,0.07951696962118149,2.0848660469055176,1.4628705978393555,0.15573841333389282,0.12777599692344666,0.095872662961483,0.3508581221103668,0.2560316026210785,1.1631591320037842,2.8162922859191895,0.08436671644449234,0.6274844408035278,0.06913252919912338,0.045026104897260666,0.16939221322536469,0.15642176568508148,0.2517455518245697,0.27277082204818726,0.17212164402008057,0.061914995312690735,0.07994816452264786,0.46233344078063965,0.17425605654716492,0.18521402776241302,0.10009770095348358,0.2125636488199234,0.03792504966259003,0.0553591363132,0.060175441205501556,0.30839821696281433,0.14227008819580078,0.37520021200180054,0.09115347266197205,0.404693067073822,0.09941422194242477,0.30648985505104065,0.5757973790168762,0.16865895688533783,0.05314793437719345,0.07950390875339508,0.23825497925281525,0.2873136103153229,0.22754809260368347,0.2313493937253952,0.0443049818277359,0.07295328378677368,1.085923671722412,0.39352887868881226,0.8892662525177002,0.09658317267894745,0.11275319755077362,0.054769452661275864,0.6621690988540649,0.2523650527000427,0.21631556749343872,0.21388231217861176,0.4963401034474373,4.208490617573261,7.768793933093548
t2,t,4,23,1.8294754028320312,2.602424383163452,0.186746284365654,0.17354722321033478,0.7501111030578613,0.13300153613090515,0.6027817130088806,0.18431314826011658,0.18878714740276337,0.17538389563560486,0.3685990273952484,0.1909145712852478,0.2891061305999756,0.21620246767997742,0.23523372411727905,0.1301879733800888,1.9655638933181763,0.09954055398702621,0.12006691098213196,0.1391689032316208,0.0736151859164238,0.0637211948633194,0.05088832229375839,0.10319790989160538,0.09342747181653976,1.5405590534210205,1.0982931852340698,0.11516007035970688,0.10213818401098251,0.09292920678853989,0.4811190366744995,0.1938011199235916,1.9262592792510986,1.8754870891571045,0.12591134011745453,1.0174534320831299,0.05448227748274803,0.033314891159534454,0.14241750538349152,0.11103261262178421,0.20260190963745117,0.22989220917224884,0.14953406155109406,0.06109723448753357,0.08847274631261826,0.3480490446090698,0.1381319761276245,0.2035318911075592,0.08522838354110718,0.17728032171726227,0.02900342270731926,0.09457627683877945,0.05853145569562912,0.26946642994880676,0.133384570479393,0.11108101904392242,0.1309499591588974,0.31657761335372925,0.13510945439338684,0.1040382981300354,0.2125926911830902,0.18366988003253937,0.028927864506840706,0.02010159194469452,0.20142598450183868,0.24933956563472748,0.19332097470760345,0.18272867798805237,0.037560973316431046,0.07913733273744583,1.8800469636917114,0.5438350439071655,1.2638188600540161,0.08713358640670776,0.061522260308265686,0.04545716196298599,0.5474629998207092,0.1891012042760849,0.17308451235294342,0.17789900302886963,0.33839938044548035,3.1299249678850174,7.408224835991859
t3,t,4,23,1.750312089920044,2.46028995513916,0.1576864868402481,0.14004546403884888,0.47081154584884644,0.03318052366375923,0.42282527685165405,0.08741869032382965,0.1624760627746582,0.143584743142128,0.30314913392066956,0.16219988465309143,0.24963437020778656,0.18545478582382202,0.18900525569915771,0.1647663414478302,1.0644084215164185,0.07983075827360153,0.09237435460090637,0.11944906413555145,0.0605863593518734,0.022722171619534492,0.04523077234625816,0.1497790664434433,0.07870978862047195,1.393967866897583,0.9866951107978821,0.10777966678142548,0.10815896093845367,0.08691287040710449,0.4893542528152466,0.17717063426971436,1.6453496217727661,1.7375808954238892,0.09823904186487198,0.8089468479156494,0.05309410020709038,0.036878351122140884,0.12188910692930222,0.053469233214855194,0.17730112373828888,0.2098730504512787,0.1263609677553177,0.047256920486688614,0.07082754373550415,0.2959651052951813,0.1199820265173912,0.1619781106710434,0.07460977137088776,0.14279411733150482,0.022425387054681778,0.07638726383447647,0.04941117390990257,0.22935841977596283,0.11099046468734741,0.15132474899291992,0.11483855545520782,0.293800413608551,0.10760259628295898,0.14461621642112732,0.29214686155319214,0.14599433541297913,0.028033705428242683,0.030740294605493546,0.16724956035614014,0.2126971334218979,0.15413664281368256,0.1456862986087799,0.03065868280827999,0.04951278492808342,1.3989834785461426,0.36958736181259155,0.998064398765564,0.06212327629327774,0.03553801774978638,0.019365068525075912,0.23893843591213226,0.07578148692846298,0.14469730854034424,0.15445074439048767,0.2824285291135311,2.8184999711811543,5.889809660613537
