slide,cell_type,mean_abundance,std,frac_pos_over_0.1,rank_in_slide
4245-BS1,AT1,0.17069104313850403,0.2572823762893677,0.4254152823920266,20
4245-BS1,AT2,0.24827735126018524,0.350263386964798,0.5350498338870432,13
4245-BS1,B_memory,0.05215250328183174,0.02831282839179039,0.06727574750830564,53
4245-BS1,B_naive,0.06311673671007156,0.038826216012239456,0.16245847176079733,44
4245-BS1,B_plasma_IgA,0.3148275315761566,0.2772204875946045,0.728405315614618,10
4245-BS1,B_plasma_IgG,0.04070565849542618,0.04300367087125778,0.09003322259136212,58
4245-BS1,B_plasmablast,0.07374538481235504,0.08799540251493454,0.2895348837209302,38
4245-BS1,Basal,0.2430455982685089,0.23932719230651855,0.6787375415282392,14
4245-BS1,CD4_EM_Effector,0.07471153885126114,0.04368828982114792,0.25099667774086376,36
4245-BS1,CD4_TRM,0.0746036097407341,0.04411159083247185,0.2601328903654485,37
4245-BS1,CD4_naive_CM,0.0841982290148735,0.051475491374731064,0.3229235880398671,31
4245-BS1,CD8_EM,0.07278037816286087,0.044837433844804764,0.24069767441860465,39
4245-BS1,CD8_EM_EMRA,0.05773431062698364,0.04061329737305641,0.12956810631229235,49
4245-BS1,CD8_TRM_EM,0.06685253232717514,0.04749126359820366,0.21046511627906977,43
4245-BS1,CD8_TRM,0.0903007835149765,0.06860718131065369,0.3350498338870432,29
4245-BS1,Chondrocyte,0.14356669783592224,0.07312239706516266,0.7315614617940199,22
4245-BS1,Ciliated,2.040616512298584,1.8661895990371704,0.9852159468438538,2
4245-BS1,DC_1,0.01866326294839382,0.01600833609700203,0.000664451827242525,74
4245-BS1,DC_2,0.017984943464398384,0.020554276183247566,0.006312292358803987,76
4245-BS1,DC_activated,0.02977048046886921,0.026675647124648094,0.02956810631229236,66
4245-BS1,DC_plasmacytoid,0.031524594873189926,0.02042475901544094,0.0051495016611295685,64
4245-BS1,Deuterosomal,0.15032461285591125,0.14785705506801605,0.506312292358804,21
4245-BS1,Dividing_AT2,0.011338508687913418,0.012704284861683846,0.00016611295681063124,80
4245-BS1,Dividing_Basal,0.03451624885201454,0.043664637953042984,0.0941860465116279,62
4245-BS1,Endothelia_Lymphatic,0.03412770479917526,0.024206170812249184,0.013787375415282393,63
4245-BS1,Endothelia_vascular_Cap_a,0.18389402329921722,0.18770617246627808,0.6014950166112957,17
4245-BS1,Endothelia_vascular_Cap_g,0.1435193121433258,0.14590337872505188,0.49451827242524915,23
4245-BS1,Endothelia_vascular_arterial_pulmonary,0.08820624649524689,0.07561465352773666,0.36146179401993356,30
4245-BS1,Endothelia_vascular_arterial_systemic,0.20320075750350952,0.20623472332954407,0.6330564784053156,15
4245-BS1,Endothelia_vascular_venous_pulmonary,0.05655823275446892,0.03562768176198006,0.1122923588039867,51
4245-BS1,Endothelia_vascular_venous_systemic,0.3177849054336548,0.2083030492067337,0.8808970099667774,9
4245-BS1,Erythrocyte,0.05176469311118126,0.03916554898023605,0.11179401993355481,54
4245-BS1,Fibro_adventitial,1.0096219778060913,0.606260359287262,0.9920265780730897,7
4245-BS1,Fibro_alveolar,0.12896579504013062,0.1935858428478241,0.3754152823920266,25
4245-BS1,Fibro_immune_recruiting,0.051390472799539566,0.034753188490867615,0.09717607973421927,55
4245-BS1,Fibro_myofibroblast,0.19860470294952393,0.17073622345924377,0.6938538205980066,16
4245-BS1,Fibro_peribronchial,0.03902898728847504,0.019308486953377724,0.005647840531561462,59
4245-BS1,Fibro_perichondrial,0.03870585933327675,0.03329731151461601,0.04950166112956811,60
4245-BS1,ILC,0.061030056327581406,0.03455421328544617,0.13687707641196012,47
4245-BS1,Ionocyte_n_Brush,0.12181632965803146,0.13580982387065887,0.3918604651162791,26
4245-BS1,MAIT,0.05675814673304558,0.037391260266304016,0.12524916943521594,50
4245-BS1,Macro_CHIT1,0.029077976942062378,0.04478197917342186,0.05880398671096346,68
4245-BS1,Macro_interstitial,0.016633858904242516,0.02043602615594864,0.007142857142857143,77
4245-BS1,Macro_AW_CX3CR1,0.018551724031567574,0.014548655599355698,0.0,75
4245-BS1,Macro_alveolar_metallothioneins,0.022883012890815735,0.015462993644177914,0.0,71
4245-BS1,Macro_alv,0.06079844757914543,0.0637279599905014,0.20066445182724252,48
4245-BS1,Macro_dividing,0.019400404766201973,0.021415850147604942,0.010132890365448505,72
4245-BS1,Macro_int,0.028398172929883003,0.025241956114768982,0.01478405315614618,69
4245-BS1,Macro_CCL,0.014540114440023899,0.013423786498606205,0.0004983388704318936,79
4245-BS1,Mast_cell,0.05624312534928322,0.03289235755801201,0.1009966777408638,52
4245-BS1,Megakaryocyte,0.02545311488211155,0.017973769456148148,0.00016611295681063124,70
4245-BS1,Mesothelia,0.03135569766163826,0.021827850490808487,0.00813953488372093,65
4245-BS1,Macrophage_intermediate,0.018786324188113213,0.01108361966907978,0.0,73
4245-BS1,Monocyte_CD14,0.04358060285449028,0.0346490703523159,0.07192691029900332,56
4245-BS1,Monocyte_CD16,0.029640624299645424,0.019267261028289795,0.0049833887043189366,67
4245-BS1,Muscle_airway,1.5025060176849365,0.9249732494354248,0.9933554817275747,3
4245-BS1,Muscle_pericyte_airway,0.06902217119932175,0.038331352174282074,0.18604651162790697,42
4245-BS1,Muscle_pericyte_parenchyma,0.04318265616893768,0.04110867530107498,0.08305647840531562,57
4245-BS1,Muscle_perivascular_immune_recruiting,0.07662121951580048,0.0444033183157444,0.29053156146179404,34
4245-BS1,Muscle_smooth_pulmonary,1.0441670417785645,0.7345997095108032,0.9828903654485049,6
4245-BS1,Muscle_smooth_syst_arterial,2.4586758613586426,1.6190247535705566,0.9991694352159468,1
4245-BS1,Myoepithelial,0.18143148720264435,0.1295202225446701,0.6679401993355482,19
4245-BS1,NAF_endoneurial,0.09728065133094788,0.05353318899869919,0.4433554817275748,28
4245-BS1,NAF_perineurial,0.18280518054962158,0.1075061783194542,0.7719269102990033,18
4245-BS1,NK_CD16hi,0.06962191313505173,0.046329084783792496,0.23255813953488372,40
4245-BS1,NKT,0.0627264603972435,0.03889164328575134,0.15548172757475084,45
4245-BS1,NK_CD11d,0.07800322026014328,0.05420859530568123,0.29651162790697677,32
4245-BS1,NK_CD56bright,0.07781669497489929,0.05861806496977806,0.28205980066445185,33
4245-BS1,Neuroendocrine,0.03695882111787796,0.02269483357667923,0.007475083056478406,61
4245-BS1,SMG_Basal,0.07643237709999084,0.053658001124858856,0.30033222591362124,35
4245-BS1,SMG_Duct,1.2395557165145874,0.921866774559021,0.9559800664451827,5
4245-BS1,SMG_Mucous,0.28717708587646484,0.2343265861272812,0.7599667774086378,11
4245-BS1,SMG_Serous,1.313665509223938,0.9240803122520447,0.9762458471760798,4
4245-BS1,Schwann_Myelinating,0.1019243597984314,0.07242187112569809,0.46445182724252493,27
4245-BS1,Schwann_nonmyelinating,0.1391870677471161,0.10175074636936188,0.6096345514950167,24
4245-BS1,Secretory_Club,0.01479811780154705,0.01863042265176773,0.006312292358803987,78
4245-BS1,Secretory_Goblet,0.3380526006221771,0.37511157989501953,0.7116279069767442,8
4245-BS1,Suprabasal,0.25331151485443115,0.22710050642490387,0.7330564784053156,12
4245-BS1,T_reg,0.06167861074209213,0.038954704999923706,0.1548172757475083,46
4245-BS1,gdT,0.06906300783157349,0.0398334264755249,0.20780730897009966,41
4245-TS1,AT1,0.16258656978607178,0.22558867931365967,0.4397463002114165,20
4245-TS1,AT2,0.28563982248306274,0.34261855483055115,0.6344843786704252,12
4245-TS1,B_memory,0.05849932134151459,0.02543596737086773,0.06812309137890533,53
4245-TS1,B_naive,0.06875457614660263,0.034239981323480606,0.17970401691331925,43
4245-TS1,B_plasma_IgA,0.4081830382347107,0.3184625208377838,0.8165374677002584,9
4245-TS1,B_plasma_IgG,0.04460660740733147,0.04843255877494812,0.09842612168193564,60
4245-TS1,B_plasmablast,0.1595454216003418,0.1336166262626648,0.6074700493305144,21
4245-TS1,Basal,0.24444255232810974,0.20678886771202087,0.7178764388066714,14
4245-TS1,CD4_EM_Effector,0.07678890973329544,0.03747433051466942,0.245712943387362,37
4245-TS1,CD4_TRM,0.0782928541302681,0.038236599415540695,0.2661498708010336,36
4245-TS1,CD4_naive_CM,0.10392793267965317,0.05740632861852646,0.4510218463706836,28
4245-TS1,CD8_EM,0.07620631158351898,0.0384514294564724,0.2459478505990134,38
4245-TS1,CD8_EM_EMRA,0.06313792616128922,0.037329062819480896,0.1428235846840498,48
4245-TS1,CD8_TRM_EM,0.07125581055879593,0.040873363614082336,0.21846370683579985,42
4245-TS1,CD8_TRM,0.09496527165174484,0.06079023331403732,0.38360347662673244,30
4245-TS1,Chondrocyte,0.21315675973892212,0.08052866905927658,0.9260042283298098,16
4245-TS1,Ciliated,2.4483652114868164,2.1786959171295166,0.9859055673009162,1
4245-TS1,DC_1,0.025790417566895485,0.015789879485964775,0.0007047216349541931,71
4245-TS1,DC_2,0.022835269570350647,0.020422419533133507,0.005872680291284942,73
4245-TS1,DC_activated,0.03269472345709801,0.02381131611764431,0.019027484143763214,69
4245-TS1,DC_plasmacytoid,0.03377411514520645,0.01806594617664814,0.002349072116513977,68
4245-TS1,Deuterosomal,0.1835280954837799,0.15838441252708435,0.6323702137655626,18
4245-TS1,Dividing_AT2,0.012260175310075283,0.011229000054299831,0.0002349072116513977,80
4245-TS1,Dividing_Basal,0.05068826675415039,0.04983585327863693,0.16795865633074936,55
4245-TS1,Endothelia_Lymphatic,0.03542977571487427,0.025310322642326355,0.01808785529715762,66
4245-TS1,Endothelia_vascular_Cap_a,0.17450842261314392,0.16101719439029694,0.6283767911674888,19
4245-TS1,Endothelia_vascular_Cap_g,0.14091970026493073,0.1205294132232666,0.5480385247827109,22
4245-TS1,Endothelia_vascular_arterial_pulmonary,0.062051527202129364,0.05732256546616554,0.17594550152689686,49
4245-TS1,Endothelia_vascular_arterial_systemic,0.11975719779729843,0.14082017540931702,0.4669955367629786,26
4245-TS1,Endothelia_vascular_venous_pulmonary,0.05470721423625946,0.031018948182463646,0.07493540051679587,54
4245-TS1,Endothelia_vascular_venous_systemic,0.35276636481285095,0.20839154720306396,0.936809960065774,11
4245-TS1,Erythrocyte,0.045104797929525375,0.03332718834280968,0.06647874089734555,59
4245-TS1,Fibro_adventitial,1.1789965629577637,0.6449236869812012,0.9948320413436692,5
4245-TS1,Fibro_alveolar,0.1405155211687088,0.18477977812290192,0.43363871270848015,23
4245-TS1,Fibro_immune_recruiting,0.0636456087231636,0.03908156603574753,0.17688513037350245,47
4245-TS1,Fibro_myofibroblast,0.2398759424686432,0.19784687459468842,0.753112520554381,15
4245-TS1,Fibro_peribronchial,0.038208600133657455,0.019928019493818283,0.0103359173126615,65
4245-TS1,Fibro_perichondrial,0.0477602481842041,0.06976135820150375,0.07610993657505286,58
4245-TS1,ILC,0.06389546394348145,0.030193228274583817,0.12731970871505754,45
4245-TS1,Ionocyte_n_Brush,0.13779199123382568,0.13342002034187317,0.4796805261921541,25
4245-TS1,MAIT,0.06048273667693138,0.03245196118950844,0.1223866572703782,51
4245-TS1,Macro_CHIT1,0.049481526017189026,0.055454038083553314,0.12825933756166313,56
4245-TS1,Macro_interstitial,0.019220467656850815,0.01885322853922844,0.00516795865633075,78
4245-TS1,Macro_AW_CX3CR1,0.022786682471632957,0.01512851845473051,0.0,74
4245-TS1,Macro_alveolar_metallothioneins,0.027510076761245728,0.01682019792497158,0.0,70
4245-TS1,Macro_alv,0.062042925506830215,0.061418045312166214,0.2036645525017618,50
4245-TS1,Macro_dividing,0.02044704742729664,0.019591327756643295,0.007517030772844727,77
4245-TS1,Macro_int,0.03947432339191437,0.030217813327908516,0.045571999060371154,63
4245-TS1,Macro_CCL,0.016998132690787315,0.012801511213183403,0.0,79
4245-TS1,Mast_cell,0.058576732873916626,0.029029104858636856,0.08973455485083393,52
4245-TS1,Megakaryocyte,0.025384914129972458,0.015359648503363132,0.0,72
4245-TS1,Mesothelia,0.04393118992447853,0.025993559509515762,0.03288700963119568,62
4245-TS1,Macrophage_intermediate,0.022195443511009216,0.011393681168556213,0.0,75
4245-TS1,Monocyte_CD14,0.048101406544446945,0.03282008320093155,0.07305614282358468,57
4245-TS1,Monocyte_CD16,0.034192752093076706,0.018383242189884186,0.004463237021376556,67
4245-TS1,Muscle_airway,1.055091142654419,0.7470782399177551,0.9913084331688983,6
4245-TS1,Muscle_pericyte_airway,0.08037354052066803,0.04091490060091019,0.2736669015738783,34
4245-TS1,Muscle_pericyte_parenchyma,0.04448515176773071,0.03613514453172684,0.07470049330514447,61
4245-TS1,Muscle_perivascular_immune_recruiting,0.08461639285087585,0.04495440423488617,0.3192389006342495,33
4245-TS1,Muscle_smooth_pulmonary,0.7666996717453003,0.6428329348564148,0.9746300211416491,7
4245-TS1,Muscle_smooth_syst_arterial,1.912719488143921,1.4010065793991089,0.9981207423067888,2
4245-TS1,Myoepithelial,0.19944752752780914,0.12676158547401428,0.7556964998825464,17
4245-TS1,NAF_endoneurial,0.0784090906381607,0.04634645953774452,0.2461827578106648,35
4245-TS1,NAF_perineurial,0.13827010989189148,0.09355973452329636,0.65210241954428,24
4245-TS1,NK_CD16hi,0.07575681060552597,0.041537486016750336,0.26403570589617104,39
4245-TS1,NKT,0.06839900463819504,0.03579026460647583,0.17007282123561193,44
4245-TS1,NK_CD11d,0.08672872185707092,0.0490557961165905,0.36058256988489545,31
4245-TS1,NK_CD56bright,0.08534204214811325,0.052572060376405716,0.3392060136246183,32
4245-TS1,Neuroendocrine,0.03909880667924881,0.020907457917928696,0.006812309137890533,64
4245-TS1,SMG_Basal,0.07507085800170898,0.05178602412343025,0.301855766972046,40
4245-TS1,SMG_Duct,1.517292857170105,0.9278531074523926,0.9915433403805497,4
4245-TS1,SMG_Mucous,0.39950382709503174,0.2424364537000656,0.9255344139065069,10
4245-TS1,SMG_Serous,1.552219271659851,0.8716135025024414,0.9964763918252291,3
4245-TS1,Schwann_Myelinating,0.1011575236916542,0.06824269145727158,0.4486727742541696,29
4245-TS1,Schwann_nonmyelinating,0.1065259650349617,0.09122279286384583,0.47263330984261215,27
4245-TS1,Secretory_Club,0.021136507391929626,0.0277082622051239,0.02466525722339676,76
4245-TS1,Secretory_Goblet,0.4121251702308655,0.4035860300064087,0.7977448907681466,8
4245-TS1,Suprabasal,0.264408141374588,0.2018110752105713,0.7989194268264036,13
4245-TS1,T_reg,0.06381768733263016,0.03347070887684822,0.14470284237726097,46
4245-TS1,gdT,0.07231053709983826,0.03514527902007103,0.19990603711533944,41
4390-BS1,AT1,0.15704067051410675,0.19770079851150513,0.4693402011282806,24
4390-BS1,AT2,0.24995948374271393,0.2848837077617645,0.6227618346823645,15
4390-BS1,B_memory,0.06228683888912201,0.02431068755686283,0.07039489820946775,53
4390-BS1,B_naive,0.07562140375375748,0.031869564205408096,0.20999918240536342,46
4390-BS1,B_plasma_IgA,0.48278313875198364,0.3117598593235016,0.8948164500040879,10
4390-BS1,B_plasma_IgG,0.04607073962688446,0.041358429938554764,0.09807047665767313,63
4390-BS1,B_plasmablast,0.14916934072971344,0.13739866018295288,0.5593982503474777,25
4390-BS1,Basal,0.2815626263618469,0.24624571204185486,0.7792903278554493,14
4390-BS1,CD4_EM_Effector,0.0863422155380249,0.03382354602217674,0.32307252064426456,38
4390-BS1,CD4_TRM,0.08809328824281693,0.035212013870477676,0.34854059357370615,37
4390-BS1,CD4_naive_CM,0.10535050183534622,0.05761558189988136,0.47780230561687514,29
4390-BS1,CD8_EM,0.08509020507335663,0.03487522527575493,0.31084948082740577,40
4390-BS1,CD8_EM_EMRA,0.06879272311925888,0.03399690240621567,0.15853160003270378,50
4390-BS1,CD8_TRM_EM,0.07851726561784744,0.0367073230445385,0.25292290082577057,43
4390-BS1,CD8_TRM,0.10361441969871521,0.054651692509651184,0.4552366936472897,31
4390-BS1,Chondrocyte,0.18962706625461578,0.07141681015491486,0.908838198021421,19
4390-BS1,Ciliated,2.3705554008483887,1.7336821556091309,0.995993786280762,1
4390-BS1,DC_1,0.02577943168580532,0.015256981365382671,0.000408797318289592,73
4390-BS1,DC_2,0.02230091579258442,0.018923528492450714,0.0035565366691194507,75
4390-BS1,DC_activated,0.032889023423194885,0.021020429208874702,0.010465211348213556,69
4390-BS1,DC_plasmacytoid,0.03790511190891266,0.016865208745002747,0.0011855122230398168,68
4390-BS1,Deuterosomal,0.19803819060325623,0.1369541436433792,0.7622843594146023,18
4390-BS1,Dividing_AT2,0.011923370882868767,0.011466874741017818,0.0002452783909737552,80
4390-BS1,Dividing_Basal,0.045957282185554504,0.05232784152030945,0.15027389420325402,64
4390-BS1,Endothelia_Lymphatic,0.04816543683409691,0.028275389224290848,0.04995503229498814,57
4390-BS1,Endothelia_vascular_Cap_a,0.20693667232990265,0.16388201713562012,0.7463412640013082,17
4390-BS1,Endothelia_vascular_Cap_g,0.16585737466812134,0.1241464614868164,0.6650723571253373,23
4390-BS1,Endothelia_vascular_arterial_pulmonary,0.08018241077661514,0.04655647650361061,0.3139154607145777,42
4390-BS1,Endothelia_vascular_arterial_systemic,0.14428876340389252,0.10479137301445007,0.6231297522688252,27
4390-BS1,Endothelia_vascular_venous_pulmonary,0.07246401906013489,0.031930845230817795,0.19094922737306844,48
4390-BS1,Endothelia_vascular_venous_systemic,0.4576958119869232,0.24951039254665375,0.977924944812362,11
4390-BS1,Erythrocyte,0.043963756412267685,0.02690768986940384,0.0401847763878669,65
4390-BS1,Fibro_adventitial,1.2491158246994019,0.6322406530380249,0.997996893140381,5
4390-BS1,Fibro_alveolar,0.1754627376794815,0.18900591135025024,0.562137192380018,21
4390-BS1,Fibro_immune_recruiting,0.07731839269399643,0.04131383076310158,0.28182487122884475,44
4390-BS1,Fibro_myofibroblast,0.3110412359237671,0.2240663468837738,0.8551222303981686,13
4390-BS1,Fibro_peribronchial,0.04715648666024208,0.017895536497235298,0.003679175864606328,59
4390-BS1,Fibro_perichondrial,0.04757820814847946,0.036165546625852585,0.0679421142997302,58
4390-BS1,ILC,0.07254587113857269,0.028143616393208504,0.16625786934837708,47
4390-BS1,Ionocyte_n_Brush,0.14693604409694672,0.12452856451272964,0.5502003106859619,26
4390-BS1,MAIT,0.06697618961334229,0.029108760878443718,0.1291390728476821,51
4390-BS1,Macro_CHIT1,0.04655139893293381,0.048208851367235184,0.11135638950208486,62
4390-BS1,Macro_interstitial,0.018975239247083664,0.017131594941020012,0.0025345433733954706,77
4390-BS1,Macro_AW_CX3CR1,0.02674952708184719,0.015400859527289867,0.0,72
4390-BS1,Macro_alveolar_metallothioneins,0.031254492700099945,0.017015641555190086,0.0004905567819475104,70
4390-BS1,Macro_alv,0.05164998769760132,0.05124334990978241,0.13813261385005315,55
4390-BS1,Macro_dividing,0.019203390926122665,0.017518943175673485,0.00412885291472488,76
4390-BS1,Macro_int,0.03955034911632538,0.029018143191933632,0.03781375194178726,66
4390-BS1,Macro_CCL,0.018102070316672325,0.011397605761885643,4.08797318289592e-05,78
4390-BS1,Mast_cell,0.066463902592659,0.02880534715950489,0.12586869430136538,52
4390-BS1,Megakaryocyte,0.03003155067563057,0.014255615882575512,4.08797318289592e-05,71
4390-BS1,Mesothelia,0.04674293473362923,0.026987513527274132,0.039775979069577305,61
4390-BS1,Macrophage_intermediate,0.024776607751846313,0.011405255645513535,0.0,74
4390-BS1,Monocyte_CD14,0.049322135746479034,0.031113289296627045,0.06655220341754559,56
4390-BS1,Monocyte_CD16,0.0380818247795105,0.017881153151392937,0.003025100155342981,67
4390-BS1,Muscle_airway,1.2089908123016357,0.5640383958816528,0.9939497996893141,6
4390-BS1,Muscle_pericyte_airway,0.09353117644786835,0.04488688334822655,0.3895838443299812,36
4390-BS1,Muscle_pericyte_parenchyma,0.05188548192381859,0.03441426903009415,0.08245441909901072,54
4390-BS1,Muscle_perivascular_immune_recruiting,0.10444231331348419,0.04735376685857773,0.5094840977843186,30
4390-BS1,Muscle_smooth_pulmonary,0.8859810829162598,0.4371233582496643,0.9908838198021421,7
4390-BS1,Muscle_smooth_syst_arterial,2.0869088172912598,0.9209715723991394,0.9976289755539204,2
4390-BS1,Myoepithelial,0.24651801586151123,0.13216570019721985,0.8709426866159758,16
4390-BS1,NAF_endoneurial,0.10034891963005066,0.03953444957733154,0.4902706238247077,32
4390-BS1,NAF_perineurial,0.18192924559116364,0.07312049716711044,0.8795683100318862,20
4390-BS1,NK_CD16hi,0.08594872802495956,0.03842056915163994,0.3395470525713351,39
4390-BS1,NKT,0.07622531801462173,0.03294873237609863,0.2217316654402747,45
4390-BS1,NK_CD11d,0.09772492200136185,0.045797720551490784,0.44963617038672227,33
4390-BS1,NK_CD56bright,0.09424057602882385,0.04825190082192421,0.3938762161720219,35
4390-BS1,Neuroendocrine,0.04685124754905701,0.02037467248737812,0.008053307170304962,60
4390-BS1,SMG_Basal,0.09685386717319489,0.0526692159473896,0.4489820946774589,34
4390-BS1,SMG_Duct,1.7037467956542969,0.9773058891296387,0.9846701005641403,3
4390-BS1,SMG_Mucous,0.49531733989715576,0.2873060405254364,0.9514348785871964,9
4390-BS1,SMG_Serous,1.5824579000473022,0.815297544002533,0.9975880958220914,4
4390-BS1,Schwann_Myelinating,0.1379566192626953,0.0673644095659256,0.6896001962227127,28
4390-BS1,Schwann_nonmyelinating,0.16729585826396942,0.08456508815288544,0.7974818085193361,22
4390-BS1,Secretory_Club,0.018029985949397087,0.025838080793619156,0.017700923881939334,79
4390-BS1,Secretory_Goblet,0.5018690228462219,0.43225568532943726,0.8929768620717848,8
4390-BS1,Suprabasal,0.3133147060871124,0.240186870098114,0.8649742457689478,12
4390-BS1,T_reg,0.07116302847862244,0.029951464384794235,0.1626195732155997,49
4390-BS1,gdT,0.08200379461050034,0.03212032839655876,0.27810481563240946,41
