tube_id,section,section_label,n_patches,n_tiles,n_spots,AT1,AT2,B_memory,B_naive,B_plasma_IgA,B_plasma_IgG,B_plasmablast,Basal,CD4_EM_Effector,CD4_TRM,CD4_naive_CM,CD8_EM,CD8_EM_EMRA,CD8_TRM_EM,CD8_TRM,Chondrocyte,Ciliated,DC_1,DC_2,DC_activated,DC_plasmacytoid,Deuterosomal,Dividing_AT2,Dividing_Basal,Endothelia_Lymphatic,Endothelia_vascular_Cap_a,Endothelia_vascular_Cap_g,Endothelia_vascular_arterial_pulmonary,Endothelia_vascular_arterial_systemic,Endothelia_vascular_venous_pulmonary,Endothelia_vascular_venous_systemic,Erythrocyte,Fibro_adventitial,Fibro_alveolar,Fibro_immune_recruiting,Fibro_myofibroblast,Fibro_peribronchial,Fibro_perichondrial,ILC,Ionocyte_n_Brush,MAIT,Macro_CHIT1,Macro_interstitial,Macro_AW_CX3CR1,Macro_alveolar_metallothioneins,Macro_alv,Macro_dividing,Macro_int,Macro_CCL,Mast_cell,Megakaryocyte,Mesothelia,Macrophage_intermediate,Monocyte_CD14,Monocyte_CD16,Muscle_airway,Muscle_pericyte_airway,Muscle_pericyte_parenchyma,Muscle_perivascular_immune_recruiting,Muscle_smooth_pulmonary,Muscle_smooth_syst_arterial,Myoepithelial,NAF_endoneurial,NAF_perineurial,NK_CD16hi,NKT,NK_CD11d,NK_CD56bright,Neuroendocrine,SMG_Basal,SMG_Duct,SMG_Mucous,SMG_Serous,Schwann_Myelinating,Schwann_nonmyelinating,Secretory_Club,Secretory_Goblet,Suprabasal,T_reg,gdT,score_strict_proxy,score_broad_proxy,score_immune_total
a2,a,High-risk Tumor,3,12,19,2.8761274814605713,4.1721510887146,0.23683394491672516,0.23233574628829956,0.7387452125549316,0.09294871240854263,0.3333010971546173,0.32335972785949707,0.258112370967865,0.2270592898130417,0.37117668986320496,0.26186272501945496,0.3867703378200531,0.3111884295940399,0.35537317395210266,0.13467316329479218,3.6458914279937744,0.1299964040517807,0.17048804461956024,0.2110159546136856,0.1013740599155426,0.127346932888031,0.07915163785219193,0.10398785024881363,0.059752579778432846,2.2747180461883545,1.6080294847488403,0.15578903257846832,0.1181199923157692,0.0879458487033844,0.205260768532753,0.29193273186683655,0.9696264266967773,3.010387420654297,0.07426076382398605,0.5126332640647888,0.057214900851249695,0.021090341731905937,0.18377339839935303,0.19531755149364471,0.28106972575187683,0.30684301257133484,0.19769315421581268,0.07095364481210709,0.0856006070971489,0.5023044943809509,0.1930667906999588,0.20659543573856354,0.11521389335393906,0.22625543177127838,0.039474643766880035,0.04772431030869484,0.06426887214183807,0.3415624797344208,0.15517954528331757,0.2951863706111908,0.06957691162824631,0.4465797245502472,0.08784541487693787,0.2890094518661499,0.5743304491043091,0.14175918698310852,0.043953392654657364,0.04910631105303764,0.265836238861084,0.3160543441772461,0.2557033896446228,0.2637822926044464,0.041786689311265945,0.04335777461528778,1.0963671207427979,0.4141465723514557,0.8853856921195984,0.0906456932425499,0.1142810583114624,0.08031954616308212,0.9066774845123291,0.28757375478744507,0.2412577122449875,0.2337501496076584,0.5064992159605026,4.966224059462547,8.925346806645393
a3,a,High-risk Tumor,3,12,19,2.979843854904175,3.6603667736053467,0.20660679042339325,0.19706036150455475,0.45227065682411194,0.028694473206996918,0.207388237118721,0.18705342710018158,0.2269953489303589,0.19433428347110748,0.32232537865638733,0.22928325831890106,0.3544728755950928,0.27519360184669495,0.2993461489677429,0.10918646305799484,1.7539392709732056,0.10851650685071945,0.1391891986131668,0.18273116648197174,0.08520316332578659,0.041909728199243546,0.06788919121026993,0.07908380031585693,0.04869897663593292,2.3477022647857666,1.6721839904785156,0.14560501277446747,0.08054584264755249,0.08305931836366653,0.20913374423980713,0.2768855690956116,0.7568747997283936,3.0107314586639404,0.06342986971139908,0.3562411069869995,0.05007486417889595,0.03516880050301552,0.1614416092634201,0.11261212080717087,0.2524801790714264,0.26399001479148865,0.1773793250322342,0.059177082031965256,0.06952151656150818,0.4779694974422455,0.18590563535690308,0.17530111968517303,0.10236670821905136,0.1776440143585205,0.03394334390759468,0.04012183099985123,0.05563950166106224,0.3140626847743988,0.13705021142959595,0.13220693171024323,0.05235103890299797,0.4387347996234894,0.0712515190243721,0.11595413833856583,0.20220565795898438,0.19193322956562042,0.03534938022494316,0.03648810461163521,0.23696976900100708,0.2852327525615692,0.21993960440158844,0.22165678441524506,0.03530910983681679,0.056103285402059555,1.199210286140442,0.3836062252521515,1.1094605922698975,0.08736524730920792,0.08926847577095032,0.045223768800497055,0.3411347568035126,0.12895870208740234,0.21005858480930328,0.2092934250831604,0.33402641862630844,4.1233518943190575,7.5026914700865746
a4,a,High-risk Tumor,4,16,27,2.57444167137146,3.4617624282836914,0.2128307819366455,0.19856968522071838,0.47098690271377563,0.09970854967832565,0.42955484986305237,0.20891061425209045,0.22311338782310486,0.19766469299793243,0.39620089530944824,0.22465385496616364,0.3414526581764221,0.26199257373809814,0.2894400954246521,0.12905152142047882,2.414742946624756,0.11137283593416214,0.1418536901473999,0.17387358844280243,0.08492088317871094,0.054608020931482315,0.06411073356866837,0.13868597149848938,0.08263985067605972,2.0462379455566406,1.4106489419937134,0.1369018703699112,0.12470125406980515,0.09016834944486618,0.30673936009407043,0.2481360137462616,1.499415636062622,2.698335647583008,0.09042594581842422,0.8171914219856262,0.06495362520217896,0.05817987024784088,0.16156567633152008,0.12368963658809662,0.24181051552295685,0.26782646775245667,0.172258660197258,0.062019288539886475,0.08640646189451218,0.44168585538864136,0.1706484705209732,0.20860379934310913,0.0986824780702591,0.21057479083538055,0.031137272715568542,0.06804986298084259,0.060068126767873764,0.31436070799827576,0.14368374645709991,0.3767041862010956,0.10040274262428284,0.3933776617050171,0.10117701441049576,0.3568090498447418,0.6228463053703308,0.12794968485832214,0.041386500000953674,0.05975586548447609,0.2266952395439148,0.2826065421104431,0.21330079436302185,0.21460221707820892,0.034940529614686966,0.07682519406080246,1.1790772676467896,0.3977023661136627,0.6857566833496094,0.0699629932641983,0.10124103724956512,0.06667199730873108,0.5582135915756226,0.18963243067264557,0.2062215507030487,0.20428460836410522,0.4117073193192482,4.063102178275585,7.84609592333436
a5,a,High-risk Tumor,3,12,18,1.8505133390426636,2.6891393661499023,0.1670789271593094,0.14178064465522766,0.329852432012558,0.09607812017202377,0.4595581591129303,0.08414158970117569,0.1615704745054245,0.14230342209339142,0.35470831394195557,0.16165485978126526,0.26353076100349426,0.18694759905338287,0.19368429481983185,0.15834437310695648,0.7278305888175964,0.08016058057546616,0.09509710222482681,0.12370085716247559,0.05891161039471626,0.019363507628440857,0.0466906912624836,0.10080105066299438,0.0916445329785347,1.4978513717651367,1.030234456062317,0.10108449310064316,0.0980263277888298,0.07814895361661911,0.4579167068004608,0.18330641090869904,1.6241412162780762,1.9056596755981445,0.08339252322912216,0.8782857060432434,0.051177848130464554,0.03316611796617508,0.11883876472711563,0.0487251877784729,0.17992639541625977,0.1968754678964615,0.1327844113111496,0.04193985089659691,0.07133491337299347,0.32946503162384033,0.12775225937366486,0.18595509231090546,0.0747237280011177,0.1608106642961502,0.019017206504940987,0.06807816028594971,0.04702194035053253,0.25799843668937683,0.11417963355779648,0.1866074800491333,0.1108221486210823,0.300218790769577,0.09545252472162247,0.1518843173980713,0.2979528605937958,0.0904492512345314,0.03046100027859211,0.044480860233306885,0.16137991845607758,0.21836118400096893,0.1452828347682953,0.14166229963302612,0.024246394634246826,0.033195484429597855,0.7110348343849182,0.3098334074020386,0.5742883086204529,0.04112858697772026,0.04672172665596008,0.012019163928925991,0.16710126399993896,0.07063450664281845,0.1473211646080017,0.1510351151227951,0.23163333162665367,2.9914072044193745,6.021267265081406
a6,a,High-risk Tumor,4,16,27,2.887199640274048,3.767019033432007,0.218126118183136,0.213006854057312,0.48362481594085693,0.07460790127515793,0.2886664867401123,0.2591525912284851,0.23968639969825745,0.21000446379184723,0.3500517010688782,0.24228785932064056,0.3592624366283417,0.2877953350543976,0.3247796297073364,0.11165992170572281,2.8859312534332275,0.11630665510892868,0.1505318433046341,0.19033335149288177,0.09254550188779831,0.09690455347299576,0.07043419033288956,0.1294720321893692,0.059345997869968414,2.2303860187530518,1.557700753211975,0.14422333240509033,0.10842117667198181,0.0846235379576683,0.22028613090515137,0.2708759903907776,0.8775315284729004,2.9658703804016113,0.0701744332909584,0.4414811432361603,0.05456550419330597,0.02329721674323082,0.17072844505310059,0.16297529637813568,0.26036766171455383,0.29224759340286255,0.18152610957622528,0.06407041847705841,0.07734238356351852,0.48962169885635376,0.1817770004272461,0.18994909524917603,0.10455305874347687,0.2053758054971695,0.03582540154457092,0.04619460180401802,0.059325844049453735,0.31534630060195923,0.1424287110567093,0.32980602979660034,0.06432407349348068,0.42758867144584656,0.08233252912759781,0.26505911350250244,0.5150960683822632,0.16205748915672302,0.04344579204916954,0.0485670380294323,0.24694758653640747,0.293556809425354,0.23528096079826355,0.24021542072296143,0.04097363352775574,0.05051536485552788,1.1198225021362305,0.4154525399208069,0.8852430582046509,0.08610367774963379,0.09242784231901169,0.05716874450445175,0.7698546051979065,0.24973882734775543,0.22240705788135529,0.21824853122234344,0.45905881375074387,4.475816674530506,8.032933846116066
a7,a,High-risk Tumor,4,16,23,2.6934452056884766,3.6037957668304443,0.23156052827835083,0.22182215750217438,0.7033222317695618,0.06984075158834457,0.47927290201187134,0.30244290828704834,0.2461259663105011,0.22023174166679382,0.39886635541915894,0.2500653862953186,0.37695741653442383,0.2928677797317505,0.32622843980789185,0.14509232342243195,2.4853179454803467,0.12754252552986145,0.1593383550643921,0.19508172571659088,0.09677166491746902,0.10439890623092651,0.07320676743984222,0.15672887861728668,0.07622487097978592,2.2034242153167725,1.5710599422454834,0.14551828801631927,0.07387189567089081,0.09699277579784393,0.32069411873817444,0.275147020816803,1.2613749504089355,2.9355130195617676,0.10126271098852158,0.6987907886505127,0.06120115891098976,0.04902133345603943,0.17997460067272186,0.17791444063186646,0.2693934738636017,0.2907485365867615,0.19290252029895782,0.07393273711204529,0.09115055948495865,0.48744237422943115,0.18975859880447388,0.21471017599105835,0.11171028017997742,0.21856483817100525,0.03807033970952034,0.07572338730096817,0.06763485819101334,0.34357690811157227,0.1571563482284546,0.1223965585231781,0.09477820247411728,0.43587037920951843,0.11042648553848267,0.12522509694099426,0.23717865347862244,0.21570754051208496,0.0429113432765007,0.040514443069696426,0.2603778839111328,0.3115127682685852,0.24897360801696777,0.24726057052612305,0.0438341461122036,0.0992317944765091,1.7824547290802002,0.5638096332550049,1.2362785339355469,0.09739914536476135,0.08663912862539291,0.06861991435289383,0.6523883938789368,0.2999931871891022,0.22877749800682068,0.22810642421245575,0.5323785543441772,4.436167508363724,8.809561491012573
a8,a,High-risk Tumor,4,16,25,2.4967920780181885,3.3863143920898438,0.21143025159835815,0.19908124208450317,0.5227816104888916,0.08808427304029465,0.39167022705078125,0.22880274057388306,0.22178460657596588,0.1964765191078186,0.3750479817390442,0.22436915338039398,0.3401638865470886,0.2635938823223114,0.29187530279159546,0.1160125806927681,2.4875147342681885,0.11327791959047318,0.14379368722438812,0.17696240544319153,0.08572147786617279,0.06859937310218811,0.0646119937300682,0.12133543938398361,0.0704733356833458,1.9946718215942383,1.406524419784546,0.13746199011802673,0.1136009469628334,0.08606461435556412,0.2594064474105835,0.25468188524246216,1.258266806602478,2.648228406906128,0.08413126319646835,0.6826303005218506,0.05735931172966957,0.03354962170124054,0.16076302528381348,0.13902781903743744,0.24266096949577332,0.2682512700557709,0.1741245985031128,0.06226398050785065,0.08141185343265533,0.4530410170555115,0.17303024232387543,0.2021321803331375,0.09982578456401825,0.2039918750524521,0.0319475457072258,0.06021691486239433,0.059418629854917526,0.31312763690948486,0.14176884293556213,0.23863758146762848,0.08602173626422882,0.3864009976387024,0.09357015043497086,0.2118421494960785,0.41456905007362366,0.14549894630908966,0.03761738911271095,0.03928925096988678,0.22857415676116943,0.2799341082572937,0.21643660962581635,0.21806597709655762,0.03681015968322754,0.062021154910326004,1.1760904788970947,0.4148362874984741,0.8545184135437012,0.07431361079216003,0.0764651671051979,0.06354928016662598,0.575692892074585,0.19166941940784454,0.20568569004535675,0.20400501787662506,0.4147501736879349,3.992733985185623,7.834627892822027
a9,a,High-risk Tumor,3,12,19,1.8668807744979858,2.7433879375457764,0.18084627389907837,0.17125916481018066,0.6146820187568665,0.10089042782783508,0.5042862296104431,0.23592565953731537,0.18817085027694702,0.17148829996585846,0.34493589401245117,0.19013018906116486,0.2773075997829437,0.21731482446193695,0.23663927614688873,0.17878186702728271,2.284045934677124,0.09765410423278809,0.11816985160112381,0.14077095687389374,0.07411141693592072,0.045321688055992126,0.054719019681215286,0.17026497423648834,0.07407356053590775,1.5168496370315552,1.0515471696853638,0.10293359309434891,0.1111709251999855,0.07617233693599701,0.34325531125068665,0.20102453231811523,1.905601143836975,1.831285834312439,0.10977747291326523,0.8849847316741943,0.05743732675909996,0.030368052423000336,0.13964331150054932,0.12192440778017044,0.20042748749256134,0.21325530111789703,0.13842283189296722,0.06097077205777168,0.07819591462612152,0.3051248788833618,0.12696920335292816,0.1927914023399353,0.0813484862446785,0.17171533405780792,0.02620459534227848,0.08579012006521225,0.054477889090776443,0.25784292817115784,0.12482982873916626,0.13147269189357758,0.10320225358009338,0.30146318674087524,0.11368127912282944,0.12620015442371368,0.217701718211174,0.17761389911174774,0.02848118729889393,0.02218792401254177,0.19735592603683472,0.23729948699474335,0.1898878663778305,0.18546684086322784,0.037262577563524246,0.08357102423906326,1.6455358266830444,0.5185832977294922,1.271502137184143,0.08227863162755966,0.06638094037771225,0.06963745504617691,0.538546621799469,0.19392484426498413,0.17176543176174164,0.1752902716398239,0.460909653455019,3.3982224352657795,6.931738771498203
a10,a,High-risk Tumor,3,12,14,2.7794034481048584,3.8842780590057373,0.2177814096212387,0.20775699615478516,0.5096690654754639,0.039665695279836655,0.32983455061912537,0.19427640736103058,0.2409876435995102,0.21120737493038177,0.3574563264846802,0.24238987267017365,0.35801637172698975,0.2827993929386139,0.3075364828109741,0.12561403214931488,2.155928611755371,0.11012611538171768,0.1383928507566452,0.1823999136686325,0.09166968613862991,0.08422937244176865,0.06636123359203339,0.17543856799602509,0.07360058277845383,2.1330201625823975,1.5119819641113281,0.16812188923358917,0.1441512554883957,0.09681134670972824,0.2945868670940399,0.2704726755619049,1.198281168937683,2.7944281101226807,0.08853749185800552,0.5626141428947449,0.06827589124441147,0.041714783757925034,0.17467886209487915,0.12020216137170792,0.2596077620983124,0.2756439745426178,0.17572827637195587,0.06266292184591293,0.08429265767335892,0.46964168548583984,0.17705635726451874,0.18701495230197906,0.10433655977249146,0.20402182638645172,0.03727737069129944,0.062055304646492004,0.062459856271743774,0.3092069923877716,0.14472462236881256,0.4982764720916748,0.08646514266729355,0.43075934052467346,0.10442719608545303,0.45765194296836853,0.9688770174980164,0.2113501876592636,0.05774593725800514,0.07161352783441544,0.2474908083677292,0.29693886637687683,0.23271797597408295,0.23086370527744293,0.046509113162755966,0.04951460286974907,1.3383541107177734,0.45525312423706055,1.0451768636703491,0.1113312616944313,0.11144676059484482,0.03214176371693611,0.6192082762718201,0.2093285769224167,0.21932452917099,0.22267399728298187,0.43607620894908905,4.529682844877243,7.968776937574148
b1,b,Low-risk Tumor,3,12,24,1.0396579504013062,1.6259613037109375,0.13255873322486877,0.1085922122001648,0.42975398898124695,0.1049731895327568,0.352927565574646,0.0865119993686676,0.12120693922042847,0.10861752182245255,0.2831229865550995,0.12089744955301285,0.19194263219833374,0.13455575704574585,0.1331321746110916,0.19978924095630646,0.5077532529830933,0.06269209086894989,0.06638765335083008,0.08564899116754532,0.04509855434298515,0.019996538758277893,0.028967231512069702,0.014846481382846832,0.07926871627569199,0.9130461812019348,0.6782945990562439,0.07645987719297409,0.05860842764377594,0.07908407598733902,0.4864862859249115,0.12821345031261444,1.7382649183273315,1.2186654806137085,0.09667635709047318,0.86415034532547,0.04255875572562218,0.02546505443751812,0.09370874613523483,0.03298110142350197,0.1324736326932907,0.16002647578716278,0.09469173103570938,0.03458241745829582,0.05841587111353874,0.22302180528640747,0.08631885796785355,0.15040379762649536,0.05557446554303169,0.11504273861646652,0.016725895926356316,0.06689134240150452,0.0400489903986454,0.190717875957489,0.09129631519317627,0.1286982148885727,0.12524233758449554,0.1985074281692505,0.10485604405403137,0.09077722579240799,0.17725057899951935,0.13210435211658478,0.02035089023411274,0.01850735768675804,0.12106239795684814,0.16607195138931274,0.11107965558767319,0.10495167225599289,0.024563709273934364,0.036129631102085114,1.1614495515823364,0.28661495447158813,0.9255614876747131,0.041071970015764236,0.009119708091020584,0.012875000946223736,0.12005036324262619,0.04599903151392937,0.10736963152885437,0.1173718273639679,0.13032571226358414,1.802286047488451,4.736339297145605
b2,b,Low-risk Tumor,3,12,21,1.345676064491272,2.1344854831695557,0.1510515958070755,0.132638618350029,0.487783819437027,0.1032874658703804,0.519944429397583,0.15333622694015503,0.14531801640987396,0.1342615932226181,0.31979861855506897,0.14581403136253357,0.21919725835323334,0.16241000592708588,0.16870982944965363,0.20237469673156738,1.3321818113327026,0.07618524879217148,0.08496928960084915,0.10255273431539536,0.055885255336761475,0.04583621397614479,0.03628574684262276,0.10101839154958725,0.08266913890838623,1.0409510135650635,0.7381927371025085,0.08128836005926132,0.07803593575954437,0.07835166901350021,0.45577117800712585,0.14139162003993988,1.9729703664779663,1.3665283918380737,0.10818351060152054,0.902973473072052,0.04832834377884865,0.032425131648778915,0.11106467247009277,0.0641089528799057,0.1549815833568573,0.17774395644664764,0.10876850038766861,0.044583749026060104,0.06949059665203094,0.24918097257614136,0.09772168844938278,0.17094147205352783,0.06210048496723175,0.14043329656124115,0.022226080298423767,0.08881118893623352,0.0461738295853138,0.20695078372955322,0.10295490175485611,0.15976543724536896,0.12259959429502487,0.2220742255449295,0.11293474584817886,0.11517753452062607,0.22891783714294434,0.15341518819332123,0.028043627738952637,0.025203019380569458,0.14889763295650482,0.1917959600687027,0.14221076667308807,0.1341492086648941,0.032825175672769547,0.04983459413051605,1.4995085000991821,0.37994542717933655,1.1333054304122925,0.061622411012649536,0.028197327628731728,0.03307144343852997,0.2973845899105072,0.13616611063480377,0.12971867620944977,0.13816268742084503,0.29064036533236504,2.5612919591367245,5.63783323019743
b3,b,Low-risk Tumor,4,16,27,1.2332960367202759,2.0026464462280273,0.1626559942960739,0.14426720142364502,0.5548733472824097,0.12028040736913681,0.5845462679862976,0.1925499141216278,0.1592274159193039,0.15063399076461792,0.3781491219997406,0.15963181853294373,0.22433306276798248,0.1698889285326004,0.1752452701330185,0.17981752753257751,1.7820419073104858,0.08167976140975952,0.0863870158791542,0.1008811816573143,0.06194359436631203,0.05886236950755119,0.03694792464375496,0.13928188383579254,0.11326557397842407,1.0038825273513794,0.7347591519355774,0.09703435748815536,0.10762853175401688,0.10688800364732742,0.6599230170249939,0.13020052015781403,2.6039414405822754,1.2335048913955688,0.14961940050125122,1.3448973894119263,0.06538216024637222,0.049114204943180084,0.12547419965267181,0.07594200223684311,0.16283023357391357,0.18348585069179535,0.1059105396270752,0.05208175629377365,0.08182081580162048,0.21797485649585724,0.08687435835599899,0.17469099164009094,0.06405762583017349,0.15994073450565338,0.02769363299012184,0.11064170300960541,0.053785718977451324,0.20879751443862915,0.11490768194198608,0.25192707777023315,0.18356557190418243,0.23137147724628448,0.15680114924907684,0.18948236107826233,0.333316445350647,0.1875145584344864,0.033757153898477554,0.03838920220732689,0.16290688514709473,0.20663714408874512,0.15877120196819305,0.14770330488681793,0.04228571802377701,0.09534034878015518,1.9531266689300537,0.36051952838897705,1.4520504474639893,0.0812714695930481,0.046617310494184494,0.04042268544435501,0.3794625997543335,0.18794465065002441,0.13843850791454315,0.15297380089759827,0.3687797226011753,2.559370819479227,6.0746881030499935
b4,b,Low-risk Tumor,5,20,31,1.5362703800201416,2.2776286602020264,0.17511966824531555,0.15545344352722168,0.9289066195487976,0.12391112744808197,0.682684063911438,0.11713442951440811,0.17286399006843567,0.16135521233081818,0.3714275360107422,0.17411187291145325,0.26525354385375977,0.1913960725069046,0.19347810745239258,0.1417347937822342,1.1496515274047852,0.09174083173274994,0.09989087283611298,0.11775676161050797,0.0665799081325531,0.031747959554195404,0.04258619248867035,0.10549203306436539,0.10690983384847641,1.2972838878631592,0.9447315335273743,0.09934750944375992,0.07444152981042862,0.10317693650722504,0.5777285695075989,0.16596390306949615,2.325079917907715,1.593967318534851,0.15468595921993256,1.1975305080413818,0.0561346635222435,0.01895768567919731,0.13535934686660767,0.07108782231807709,0.18471185863018036,0.20857277512550354,0.13176175951957703,0.061848778277635574,0.09113040566444397,0.2937898337841034,0.1177135556936264,0.20164930820465088,0.07807164639234543,0.1581350862979889,0.026542019098997116,0.11456376314163208,0.06008296459913254,0.24766282737255096,0.12871864438056946,0.08605879545211792,0.1631191074848175,0.2860480844974518,0.15747694671154022,0.09400711953639984,0.17819197475910187,0.24121873080730438,0.03178216516971588,0.015990354120731354,0.1874498426914215,0.23565931618213654,0.17756660282611847,0.1592092663049698,0.041367486119270325,0.0980256125330925,2.3837902545928955,0.5254302620887756,1.6126413345336914,0.10034817457199097,0.06406507641077042,0.028836434707045555,0.30058038234710693,0.09298726916313171,0.15335455536842346,0.16921265423297882,0.26521265506744385,2.635828584432602,7.15359066054225
b5,b,Low-risk Tumor,4,16,25,1.508109450340271,2.2918741703033447,0.16616784036159515,0.14141348004341125,0.4399402439594269,0.09991870075464249,0.5457086563110352,0.10655961185693741,0.15777859091758728,0.14238229393959045,0.3599315881729126,0.15777237713336945,0.24711066484451294,0.17666003108024597,0.17923596501350403,0.20999525487422943,1.115328073501587,0.08209306746721268,0.09348777681589127,0.11440351605415344,0.059076279401779175,0.019315194338560104,0.040961526334285736,0.07279887795448303,0.09624668210744858,1.1924748420715332,0.848994791507721,0.0937337875366211,0.0945710688829422,0.08811384439468384,0.48343217372894287,0.16003715991973877,1.9955945014953613,1.5666985511779785,0.11080119758844376,1.0678391456604004,0.054241303354501724,0.03348473832011223,0.11978388577699661,0.050532229244709015,0.17147086560726166,0.20607873797416687,0.12433204799890518,0.04658772796392441,0.0784212127327919,0.2814314365386963,0.11232875287532806,0.18560752272605896,0.07190337777137756,0.15907444059848785,0.021263718605041504,0.08942590653896332,0.0509294718503952,0.23913578689098358,0.1165475845336914,0.15202006697654724,0.13781674206256866,0.2615940570831299,0.11720049381256104,0.13141372799873352,0.2431497871875763,0.12896741926670074,0.02760128118097782,0.03367513418197632,0.1585465520620346,0.21335265040397644,0.14643694460391998,0.13959351181983948,0.02917293831706047,0.037594251334667206,1.370651364326477,0.3486982583999634,0.881463885307312,0.0535467192530632,0.050782643258571625,0.02206200733780861,0.2964160740375519,0.09981542825698853,0.14105212688446045,0.14980681240558624,0.22032001614570618,2.6120096147060394,6.075502522289753
b6,b,Low-risk Tumor,4,16,25,1.4773041009902954,2.215355157852173,0.16881516575813293,0.1502711921930313,0.4962993264198303,0.12492388486862183,0.5695724487304688,0.16617324948310852,0.16632795333862305,0.15305379033088684,0.35362204909324646,0.1671747863292694,0.2511664032936096,0.1856781244277954,0.19123360514640808,0.22099579870700836,1.3892974853515625,0.08704568445682526,0.09774462878704071,0.11639609932899475,0.0639776811003685,0.038179315626621246,0.044105757027864456,0.10684013366699219,0.09877524524927139,1.2266650199890137,0.8906115293502808,0.09734150022268295,0.07656663656234741,0.10072197020053864,0.6186380386352539,0.1554434597492218,2.1107444763183594,1.5733891725540161,0.1303550750017166,1.076531171798706,0.05508057773113251,0.04359884932637215,0.12809720635414124,0.08073525875806808,0.17812544107437134,0.19780993461608887,0.1266450583934784,0.0534612238407135,0.0823502466082573,0.2694297730922699,0.111278235912323,0.19097323715686798,0.07365451753139496,0.15606729686260223,0.026403462514281273,0.10159767419099808,0.054845310747623444,0.23554207384586334,0.12070582062005997,0.1242658719420433,0.15580493211746216,0.2749984562397003,0.14143459498882294,0.09693807363510132,0.16831153631210327,0.17744700610637665,0.030232347548007965,0.033499907702207565,0.172849640250206,0.22163265943527222,0.16428078711032867,0.1538957804441452,0.03481714800000191,0.07590712606906891,1.9528049230575562,0.47786587476730347,1.2786996364593506,0.07155581563711166,0.05080568417906761,0.0369095541536808,0.35861003398895264,0.1516302078962326,0.14773763716220856,0.15933839976787567,0.31711914017796516,2.6841045059263706,6.342023104429245
b7,b,Low-risk Tumor,4,16,27,1.7350940704345703,2.5734219551086426,0.1810581237077713,0.165261372923851,0.7049862742424011,0.1026376336812973,0.5726136565208435,0.15868720412254333,0.18314114212989807,0.16896623373031616,0.36421892046928406,0.18373006582260132,0.27645689249038696,0.20604054629802704,0.2153206616640091,0.17815575003623962,1.6463918685913086,0.0932706743478775,0.10813537240028381,0.12955953180789948,0.07072420418262482,0.041116878390312195,0.048678990453481674,0.0956411361694336,0.0946875661611557,1.3588017225265503,0.9777505397796631,0.10812245309352875,0.09082558006048203,0.09595079720020294,0.5125673413276672,0.1803332418203354,2.1691253185272217,1.721382737159729,0.13386377692222595,1.0635894536972046,0.057113777846097946,0.02557583525776863,0.13963422179222107,0.08482596278190613,0.19530361890792847,0.21898141503334045,0.13752923905849457,0.058942537754774094,0.08648594468832016,0.3171527087688446,0.12439446151256561,0.1924695372581482,0.08007124811410904,0.1678350269794464,0.0284708421677351,0.10100390017032623,0.05793984606862068,0.2518654763698578,0.12842601537704468,0.1922103464603424,0.13967306911945343,0.2978225648403168,0.13939116895198822,0.15037859976291656,0.29159417748451233,0.20238327980041504,0.03209203854203224,0.025890082120895386,0.19415783882141113,0.2419775426387787,0.18452009558677673,0.17150919139385223,0.04046336188912392,0.06641687452793121,2.02424955368042,0.5032844543457031,1.417639136314392,0.08975467830896378,0.04707225412130356,0.03392643854022026,0.35171908140182495,0.13585416972637177,0.16480177640914917,0.17487184703350067,0.3030073307454586,3.012283455580473,7.014990895986557
b8,b,Low-risk Tumor,4,16,30,1.9648792743682861,2.773449420928955,0.2032458335161209,0.18179042637348175,0.5962427258491516,0.11421587318181992,0.549235463142395,0.1605997383594513,0.2024552971124649,0.1854131817817688,0.41706377267837524,0.20334076881408691,0.31192252039909363,0.22932705283164978,0.2428206503391266,0.14587710797786713,1.6907949447631836,0.10297343134880066,0.12000171095132828,0.14586129784584045,0.07741497457027435,0.061014313250780106,0.05100871995091438,0.09255123138427734,0.11075519025325775,1.6311218738555908,1.1765656471252441,0.13197092711925507,0.11301206797361374,0.10629097372293472,0.5167622566223145,0.20335078239440918,2.1918129920959473,2.1196086406707764,0.13471415638923645,1.1699261665344238,0.06628310680389404,0.037917137145996094,0.1527637541294098,0.08870309591293335,0.21759329736232758,0.24291610717773438,0.1550939530134201,0.05997661128640175,0.09367584437131882,0.3634260296821594,0.14220504462718964,0.21227844059467316,0.08930829167366028,0.1977558135986328,0.030062345787882805,0.09660087525844574,0.06249134987592697,0.2935543358325958,0.1433076709508896,0.2520790696144104,0.15008637309074402,0.34908628463745117,0.14117100834846497,0.1754494309425354,0.29637932777404785,0.18197526037693024,0.03780452162027359,0.03841420263051987,0.21001556515693665,0.2685544490814209,0.1975981891155243,0.18758746981620789,0.039838485419750214,0.07320857048034668,1.6376938819885254,0.4521957039833069,1.101518988609314,0.08682255446910858,0.0682043731212616,0.0277106910943985,0.4404795169830322,0.15392275154590607,0.1838979870080948,0.1908629685640335,0.304159689694643,3.231531862169504,7.548188153654337
b9,b,Low-risk Tumor,3,12,21,1.8915563821792603,2.5165956020355225,0.19244658946990967,0.16236214339733124,0.30352774262428284,0.08871234208345413,0.48295339941978455,0.11347343772649765,0.18423444032669067,0.16599173843860626,0.4128214418888092,0.18334908783435822,0.29066795110702515,0.20660226047039032,0.2133394479751587,0.20959508419036865,1.0127032995224,0.09347031265497208,0.10505029559135437,0.13296818733215332,0.06837397068738937,0.030088037252426147,0.04665909707546234,0.06726381182670593,0.11166553944349289,1.4888486862182617,1.0584896802902222,0.13013730943202972,0.10184947401285172,0.10572405904531479,0.5570420026779175,0.19081002473831177,2.027533531188965,2.00097393989563,0.11414364725351334,1.0923141241073608,0.06616931408643723,0.05864495411515236,0.13889513909816742,0.045212436467409134,0.19957679510116577,0.2272050976753235,0.14366520941257477,0.048462580889463425,0.0858016312122345,0.3379631042480469,0.13187488913536072,0.19755129516124725,0.08157996833324432,0.18753115832805634,0.027207456529140472,0.084327332675457,0.056618135422468185,0.28100746870040894,0.1318756490945816,0.39135977625846863,0.14738215506076813,0.3196779787540436,0.12586265802383423,0.288276731967926,0.5264502167701721,0.1379140168428421,0.0408133901655674,0.06290514022111893,0.1841856986284256,0.24779056012630463,0.16784584522247314,0.1604280322790146,0.03315722569823265,0.037993401288986206,1.1579703092575073,0.31117936968803406,0.751978874206543,0.06657322496175766,0.05988800525665283,0.015191064216196537,0.17858660221099854,0.11687687784433365,0.16672097146511078,0.17352233827114105,0.22739634662866592,2.860868826508522,6.6369729191064835
b10,b,Low-risk Tumor,4,16,30,1.2022866010665894,1.809131383895874,0.14254878461360931,0.11961039155721664,0.33136826753616333,0.05466451495885849,0.3960471451282501,0.07942667603492737,0.13585945963859558,0.12231487035751343,0.2932097911834717,0.1345382183790207,0.21259373426437378,0.1492602527141571,0.14747115969657898,0.26850777864456177,0.5083817839622498,0.06826497614383698,0.07358767837285995,0.09520547091960907,0.05037282034754753,0.00625645462423563,0.03395380824804306,0.03884446620941162,0.08447887003421783,0.9862776398658752,0.7386738061904907,0.09219944477081299,0.06033208593726158,0.08706896007061005,0.4915573298931122,0.14447100460529327,1.775750994682312,1.2958310842514038,0.10188859701156616,0.8764762878417969,0.04989498108625412,0.06980152428150177,0.1045934408903122,0.026337213814258575,0.14680489897727966,0.18155676126480103,0.1031988263130188,0.03704647719860077,0.06425069272518158,0.233122318983078,0.09020381420850754,0.1436544805765152,0.06058801710605621,0.12292596697807312,0.020712876692414284,0.07881444692611694,0.043599680066108704,0.20083531737327576,0.09910663217306137,0.33479782938957214,0.12218092381954193,0.23082949221134186,0.11227716505527496,0.2274772673845291,0.4347180128097534,0.16379967331886292,0.03212558105587959,0.04381442442536354,0.13792423903942108,0.18503570556640625,0.1252204179763794,0.11526602506637573,0.028599923476576805,0.034713372588157654,1.4474443197250366,0.2907603681087494,1.1098066568374634,0.05842665582895279,0.030232563614845276,0.009950804524123669,0.0900382250547409,0.03574448451399803,0.12069214880466461,0.13140921294689178,0.15222495049238205,1.997100818902254,4.9739526100456715
b11,b,Low-risk Tumor,4,16,25,1.485398530960083,2.0648224353790283,0.14154626429080963,0.11707792431116104,0.1256605088710785,0.05340025573968887,0.2820874750614166,0.08848277479410172,0.1360689401626587,0.11923999339342117,0.3198779225349426,0.1350073665380478,0.21003669500350952,0.15236447751522064,0.15621395409107208,0.14886324107646942,0.7429901361465454,0.06137269362807274,0.07022260874509811,0.09559892863035202,0.04876580089330673,0.031211746856570244,0.03619619458913803,0.04273153096437454,0.09335414320230484,1.171858787536621,0.8294485211372375,0.08826970309019089,0.07358887046575546,0.08488192409276962,0.4491647183895111,0.13767068088054657,1.7042938470840454,1.6097050905227661,0.08119740337133408,1.0300177335739136,0.05939389392733574,0.05610288307070732,0.10114765167236328,0.035934530198574066,0.1466723084449768,0.15887238085269928,0.09704431146383286,0.03239331394433975,0.05726175755262375,0.2330641746520996,0.08648616075515747,0.14199252426624298,0.056783802807331085,0.14471274614334106,0.01719081960618496,0.05417698621749878,0.039183516055345535,0.20412677526474,0.0943017303943634,0.46696582436561584,0.12340005487203598,0.24829547107219696,0.08761479705572128,0.303090363740921,0.45058009028434753,0.07786716520786285,0.030491193756461143,0.056302543729543686,0.1291268914937973,0.17852121591567993,0.116824671626091,0.1158321425318718,0.021819287911057472,0.026228969916701317,0.5804885625839233,0.1449277400970459,0.40463191270828247,0.03450904041528702,0.04354264959692955,0.01500749308615923,0.14123424887657166,0.06429783254861832,0.12087231129407883,0.12667638063430786,0.1674105003476143,2.296530768275261,4.60643857717514
b12,b,Low-risk Tumor,4,16,22,1.9015923738479614,2.7142720222473145,0.16914641857147217,0.14353469014167786,0.3765327036380768,0.050279323011636734,0.4213452637195587,0.08897428959608078,0.16525371372699738,0.14517641067504883,0.3482428193092346,0.165329709649086,0.2643357515335083,0.19018559157848358,0.19479043781757355,0.14227886497974396,0.878607988357544,0.07836981862783432,0.09207065403461456,0.12218873202800751,0.060267381370067596,0.036929383873939514,0.046919871121644974,0.06265614181756973,0.08765631914138794,1.4615522623062134,1.0398367643356323,0.1084107831120491,0.09203474968671799,0.08624987304210663,0.40375208854675293,0.17864859104156494,1.6245416402816772,2.0291264057159424,0.08996844291687012,0.9223774075508118,0.05229700356721878,0.03036823868751526,0.1226167380809784,0.05163666978478432,0.1823650300502777,0.20702007412910461,0.1263139247894287,0.04381332919001579,0.06971576064825058,0.3034713566303253,0.11411421000957489,0.16925467550754547,0.07345137745141983,0.16098614037036896,0.021112076938152313,0.06947139650583267,0.048316895961761475,0.24883103370666504,0.11397971212863922,0.20300351083278656,0.11413586139678955,0.31150898337364197,0.09507662057876587,0.1756015121936798,0.30298298597335815,0.1261734962463379,0.030266407877206802,0.04271531105041504,0.16610781848430634,0.22152864933013916,0.15081554651260376,0.145675927400589,0.027761617675423622,0.027689961716532707,0.9756101369857788,0.2492842972278595,0.7456867694854736,0.05000901222229004,0.039682693779468536,0.013572393916547298,0.21851250529289246,0.06787143647670746,0.14908528327941895,0.15560998022556305,0.1985503025352955,2.9806937612593174,5.960122883319855
b13,b,Low-risk Tumor,5,20,31,1.0130598545074463,1.6380722522735596,0.1251467615365982,0.10681549459695816,0.3692573606967926,0.06645217537879944,0.36736956238746643,0.08825457096099854,0.12395606935024261,0.11301729828119278,0.2682001292705536,0.12202058732509613,0.18051153421401978,0.13145433366298676,0.12993595004081726,0.1587381511926651,0.4992035925388336,0.05680552124977112,0.05818378925323486,0.07846266031265259,0.04575614631175995,0.01403677649796009,0.028574416413903236,0.04366963356733322,0.08947042375802994,0.8264111280441284,0.6067595481872559,0.08985890448093414,0.08824119716882706,0.08428290486335754,0.49930304288864136,0.11923277378082275,1.9347608089447021,1.100204586982727,0.10351110994815826,0.8663524389266968,0.05374469608068466,0.04468011483550072,0.09682022035121918,0.02957531437277794,0.12864044308662415,0.1288420706987381,0.08230644464492798,0.03405774384737015,0.060453515499830246,0.2070024311542511,0.075690858066082,0.12716495990753174,0.05038858577609062,0.11474361270666122,0.020566333085298538,0.07616516202688217,0.03981364518404007,0.16581584513187408,0.0860949233174324,0.5574804544448853,0.12665285170078278,0.193913996219635,0.11706085503101349,0.45059460401535034,0.9058884382247925,0.17182670533657074,0.04387524351477623,0.0731624960899353,0.12295587360858917,0.16189084947109222,0.11356313526630402,0.10390262305736542,0.03184365853667259,0.051559071987867355,1.4080703258514404,0.3411083519458771,1.0771162509918213,0.06673523038625717,0.04801206290721893,0.006526760756969452,0.12009643018245697,0.0685104951262474,0.10710308700799942,0.12039051949977875,0.160498620942235,1.867081368342042,4.470986761152744
b14,b,Low-risk Tumor,4,16,20,1.2998123168945312,2.0034382343292236,0.15380293130874634,0.1439155787229538,0.48625943064689636,0.10824359208345413,0.4886341094970703,0.22570109367370605,0.15648233890533447,0.14576947689056396,0.3080395460128784,0.15748372673988342,0.22366021573543549,0.17391455173492432,0.18570305407047272,0.2524138391017914,1.7610260248184204,0.08049721270799637,0.09161417186260223,0.10797850787639618,0.06184615567326546,0.05714542046189308,0.03960311412811279,0.09340852499008179,0.08121092617511749,1.054290771484375,0.7644261121749878,0.08987870812416077,0.07931962609291077,0.08304352313280106,0.4593163728713989,0.14550013840198517,1.9255887269973755,1.330859899520874,0.11432313174009323,0.9228160381317139,0.05116559937596321,0.029165128245949745,0.12007380276918411,0.09128814935684204,0.16339220106601715,0.1775374859571457,0.11000991612672806,0.04951012134552002,0.07241622358560562,0.23439368605613708,0.09457629919052124,0.16224634647369385,0.06524583697319031,0.14565852284431458,0.026193026453256607,0.0888742208480835,0.0488632433116436,0.20222710072994232,0.1077362447977066,0.21281863749027252,0.12349572032690048,0.2362283617258072,0.12283122539520264,0.14872215688228607,0.2698393762111664,0.16806919872760773,0.02799125202000141,0.023213617503643036,0.1625785231590271,0.1995307207107544,0.15858347713947296,0.1507265567779541,0.03601015359163284,0.06794528663158417,1.884338140487671,0.4435199797153473,1.2082719802856445,0.0716940239071846,0.02691229246556759,0.04150490462779999,0.47591668367385864,0.22151103615760803,0.13952820003032684,0.14820796251296997,0.35871273279190063,2.5836620032787323,5.78688707202673
b15,b,Low-risk Tumor,4,16,25,1.1440414190292358,1.7918047904968262,0.1360613852739334,0.11722446233034134,0.27735966444015503,0.07758897542953491,0.4475030303001404,0.12989233434200287,0.13064831495285034,0.11986803263425827,0.30159977078437805,0.13046009838581085,0.19295145571231842,0.1426680088043213,0.1477281004190445,0.1241203248500824,1.094792366027832,0.06797653436660767,0.07326941937208176,0.09018334001302719,0.04940417781472206,0.024420319125056267,0.03284008055925369,0.09126247465610504,0.09007932990789413,0.9296228289604187,0.6674433350563049,0.08627352118492126,0.09863673895597458,0.08367618173360825,0.5690648555755615,0.12766726315021515,1.8811497688293457,1.1694722175598145,0.09943219274282455,0.9107696413993835,0.05075273662805557,0.040560491383075714,0.10041838884353638,0.057494502514600754,0.13748669624328613,0.16711893677711487,0.09580289572477341,0.03729367256164551,0.06446713209152222,0.2281278371810913,0.08614759892225266,0.1470683515071869,0.05629879981279373,0.129273921251297,0.01959436945617199,0.08071471005678177,0.042037129402160645,0.18604663014411926,0.09381276369094849,0.2550523579120636,0.1329064518213272,0.2003113031387329,0.11405329406261444,0.19973121583461761,0.40187937021255493,0.12653204798698425,0.030191443860530853,0.05025535821914673,0.129375621676445,0.17103786766529083,0.1221296489238739,0.11643926054239273,0.028371168300509453,0.06288307160139084,1.3516756296157837,0.34581735730171204,0.9159557819366455,0.049266230314970016,0.027393672615289688,0.021145813167095184,0.28654050827026367,0.12283000349998474,0.11524204909801483,0.12434995919466019,0.2539948895573616,2.1686296835541725,4.852469932287931
b16,b,Low-risk Tumor,4,16,25,1.243068814277649,2.099698066711426,0.15857920050621033,0.1475169062614441,0.7937582731246948,0.13711099326610565,0.5652486085891724,0.1956488937139511,0.16153383255004883,0.15159490704536438,0.32635945081710815,0.16288506984710693,0.2280554324388504,0.17753934860229492,0.185955211520195,0.23531952500343323,1.982336163520813,0.08410964906215668,0.09270882606506348,0.10774265229701996,0.06424427032470703,0.06846927106380463,0.03916502743959427,0.13706064224243164,0.08593833446502686,1.026492953300476,0.7458879947662354,0.08837906271219254,0.09914342314004898,0.08921505510807037,0.488839328289032,0.143882155418396,2.2853410243988037,1.290951132774353,0.1390666961669922,1.08082115650177,0.05698680132627487,0.017147967591881752,0.1256657987833023,0.08880527317523956,0.16749991476535797,0.19100691378116608,0.11065689474344254,0.05626261234283447,0.07713550329208374,0.2388259470462799,0.09451642632484436,0.1738566905260086,0.06746472418308258,0.1489383429288864,0.027250265702605247,0.10133183002471924,0.052847109735012054,0.20325027406215668,0.11199785023927689,0.17338038980960846,0.14129364490509033,0.23583227396011353,0.13933148980140686,0.11885182559490204,0.197412371635437,0.19770345091819763,0.029708167538046837,0.025137171149253845,0.17111662030220032,0.20678696036338806,0.1677134931087494,0.15620075166225433,0.04246627166867256,0.09120895713567734,2.1373884677886963,0.4606235921382904,1.596427083015442,0.09024682641029358,0.04162225499749184,0.043485336005687714,0.4164721667766571,0.17022153735160828,0.14212553203105927,0.1552421748638153,0.371874563395977,2.641794167459011,6.364053167402744
b17,b,Low-risk Tumor,4,16,25,1.6287938356399536,2.462888240814209,0.16814903914928436,0.13813890516757965,0.31688451766967773,0.08192311972379684,0.5114719867706299,0.07213560491800308,0.1587653011083603,0.14096397161483765,0.36733415722846985,0.15817168354988098,0.25473490357398987,0.17860330641269684,0.17555877566337585,0.17647086083889008,0.5755617618560791,0.08139242976903915,0.08838435262441635,0.11541175097227097,0.05797236040234566,0.0030074636451900005,0.042553458362817764,0.15276005864143372,0.09800327569246292,1.3061074018478394,0.9274032711982727,0.09712962061166763,0.07714366912841797,0.09360206127166748,0.5276777148246765,0.16925665736198425,1.9375386238098145,1.6872962713241577,0.11087871342897415,1.043558120727539,0.05336787924170494,0.02536453679203987,0.12118635326623917,0.028228841722011566,0.17556047439575195,0.20546270906925201,0.1268540769815445,0.04431457817554474,0.0777849331498146,0.2958970367908478,0.11586924642324448,0.18476855754852295,0.07330679893493652,0.15788741409778595,0.019662141799926758,0.08955149352550507,0.05194255709648132,0.24814282357692719,0.11749046295881271,0.16420254111289978,0.14555442333221436,0.2815079092979431,0.11929010599851608,0.15707014501094818,0.2723238170146942,0.12777043879032135,0.02418968454003334,0.026136046275496483,0.15891917049884796,0.2179659903049469,0.14313079416751862,0.1342037469148636,0.027812447398900986,0.04862349107861519,1.2450178861618042,0.27343738079071045,0.916103720664978,0.04523245990276337,0.026967037469148636,0.0038154772482812405,0.14052686095237732,0.06961019337177277,0.14081403613090515,0.15244798362255096,0.26744912192225456,2.7999475561082363,5.937810305505991
b18,b,Low-risk Tumor,4,16,25,1.6848375797271729,2.3173391819000244,0.18341372907161713,0.15913601219654083,0.600360631942749,0.1118541955947876,0.6026608347892761,0.12287493795156479,0.1777753382921219,0.1639004945755005,0.397245854139328,0.17805831134319305,0.2741487920284271,0.19632582366466522,0.20363393425941467,0.11569644510746002,1.3037004470825195,0.09324369579553604,0.10142691433429718,0.12308739125728607,0.0675663948059082,0.04717129468917847,0.04096129164099693,0.08783387392759323,0.11451993882656097,1.3652756214141846,0.9828721284866333,0.12267935276031494,0.11109787970781326,0.10587991774082184,0.5580161809921265,0.17704974114894867,2.143249034881592,1.833646535873413,0.1332613080739975,1.1237715482711792,0.0647805780172348,0.035618092864751816,0.13670596480369568,0.07005272060632706,0.18918590247631073,0.21251951158046722,0.13284826278686523,0.054352737963199615,0.08897756040096283,0.3141195774078369,0.12387971580028534,0.1967499703168869,0.07791459560394287,0.17732904851436615,0.02724228985607624,0.10038956999778748,0.05767228454351425,0.2604426145553589,0.12898923456668854,0.3170199990272522,0.15478000044822693,0.2897842526435852,0.14220388233661652,0.25069501996040344,0.4552893042564392,0.19060729444026947,0.04497893899679184,0.050574954599142075,0.1832011640071869,0.23858661949634552,0.1719817817211151,0.1596640944480896,0.03835286200046539,0.08219605684280396,1.8880077600479126,0.4547998309135437,1.0932471752166748,0.0850166380405426,0.07391127198934555,0.02129766345024109,0.3529091775417328,0.11911889910697937,0.15950150787830353,0.17026692628860474,0.25167010352015495,2.6881281845271587,6.868727423250675
b19,b,Low-risk Tumor,4,16,28,1.126094102859497,1.795759677886963,0.15921030938625336,0.14488467574119568,0.8116683959960938,0.14269210398197174,0.7117997407913208,0.22956900298595428,0.15494707226753235,0.1483096182346344,0.347364604473114,0.15703195333480835,0.22078917920589447,0.16875123977661133,0.1757178157567978,0.20623692870140076,1.8646577596664429,0.08891437947750092,0.09486233443021774,0.10369668155908585,0.06306395679712296,0.05924483761191368,0.037743937224149704,0.1379091888666153,0.09430814534425735,0.9034860730171204,0.6527549624443054,0.07766794413328171,0.0731055811047554,0.09327152371406555,0.5864830017089844,0.13195118308067322,2.372199058532715,1.1352280378341675,0.14922469854354858,1.0838677883148193,0.04891986399888992,0.015461960807442665,0.12352003902196884,0.10261516273021698,0.16097228229045868,0.19042643904685974,0.11234187334775925,0.059939976781606674,0.08542279154062271,0.22894053161144257,0.09722273051738739,0.19641631841659546,0.06718841195106506,0.14483046531677246,0.02573690377175808,0.12029028683900833,0.05644333362579346,0.20661263167858124,0.1143757551908493,0.06614132970571518,0.16620507836341858,0.20677576959133148,0.15290021896362305,0.05551495403051376,0.11269117891788483,0.21404492855072021,0.02303495444357395,0.013148187659680843,0.16530300676822662,0.2024765908718109,0.16407804191112518,0.15117865800857544,0.04072916880249977,0.1089324876666069,2.509291410446167,0.5235000848770142,1.6373831033706665,0.08232274651527405,0.0258843544870615,0.06542415916919708,0.41538918018341064,0.19628112018108368,0.1360384076833725,0.15092329680919647,0.4052221290767193,2.397262927144766,6.5083556436002254
b20,b,Low-risk Tumor,5,20,26,1.7361170053482056,2.5438942909240723,0.18016131222248077,0.16350658237934113,0.6661489009857178,0.13280677795410156,0.5903140306472778,0.16174368560314178,0.18129095435142517,0.16732007265090942,0.37210243940353394,0.182501882314682,0.2737327814102173,0.2040756195783615,0.21475720405578613,0.1436270773410797,1.5501487255096436,0.09264529496431351,0.10670576989650726,0.12744994461536407,0.06996206194162369,0.06325767934322357,0.04632040113210678,0.11954454332590103,0.10029704868793488,1.4277294874191284,1.0069831609725952,0.10579212009906769,0.10059629380702972,0.09750276803970337,0.5156826376914978,0.17485737800598145,2.0870416164398193,1.800291657447815,0.13309389352798462,1.093523621559143,0.05644898861646652,0.031607452780008316,0.13844671845436096,0.08842191845178604,0.19335594773292542,0.2310521900653839,0.13749927282333374,0.05856851860880852,0.08656565099954605,0.31442880630493164,0.12442364543676376,0.20139220356941223,0.0801696702837944,0.17205825448036194,0.02736380696296692,0.09876663982868195,0.05820842832326889,0.25520214438438416,0.1278441846370697,0.21429988741874695,0.14778563380241394,0.30090659856796265,0.14023233950138092,0.1506846696138382,0.2705841660499573,0.1947304606437683,0.036196138709783554,0.03052293136715889,0.1905122697353363,0.2387360781431198,0.18167291581630707,0.17057107388973236,0.040168773382902145,0.0752493292093277,1.8719923496246338,0.48091810941696167,1.2574485540390015,0.08699474483728409,0.06285881251096725,0.03672435134649277,0.4187150001525879,0.15802408754825592,0.16247105598449707,0.17274382710456848,0.3276086300611496,3.029527008533478,7.0214044861495495
b21,b,Low-risk Tumor,5,20,34,1.8747813701629639,2.7170968055725098,0.1746087521314621,0.15111561119556427,0.3788926601409912,0.04955107718706131,0.3869641125202179,0.07330784201622009,0.174631267786026,0.15147605538368225,0.3204372525215149,0.174844428896904,0.2830907702445984,0.2032911479473114,0.20401711761951447,0.15185660123825073,0.6100829839706421,0.08967431634664536,0.10422202199697495,0.13576337695121765,0.0644964724779129,0.007718369364738464,0.04890552908182144,0.07515260577201843,0.07448623329401016,1.5904966592788696,1.139643907546997,0.12111369520425797,0.09497249126434326,0.08978069573640823,0.5079227089881897,0.20409277081489563,1.269810438156128,1.981882095336914,0.08775435388088226,0.5845010280609131,0.043819185346364975,0.027184167876839638,0.13018634915351868,0.040496986359357834,0.19655801355838776,0.24077752232551575,0.148710235953331,0.04740238934755325,0.0734994038939476,0.3675180673599243,0.14598500728607178,0.18159011006355286,0.08531512320041656,0.14594091475009918,0.023243475705385208,0.06997735798358917,0.05307966470718384,0.2668500244617462,0.121310293674469,0.10233159363269806,0.11010521650314331,0.3228451609611511,0.1039210706949234,0.0904126986861229,0.22038312256336212,0.17800383269786835,0.02459784410893917,0.01854281686246395,0.17936810851097107,0.23420169949531555,0.16179904341697693,0.15470843017101288,0.028557997196912766,0.045973993837833405,1.2911453247070312,0.3707665205001831,1.0211821794509888,0.055777471512556076,0.01980520971119404,0.01344764418900013,0.09291033446788788,0.07337714731693268,0.1571604162454605,0.1667553037405014,0.19736597687005997,2.9878399297595024,6.305792562663555
c1,c,High-risk T-cell,4,16,27,1.245316743850708,1.9375114440917969,0.15471193194389343,0.13508911430835724,0.1844562143087387,0.069300577044487,0.4587307572364807,0.18395264446735382,0.15563589334487915,0.14763256907463074,0.36774757504463196,0.15270890295505524,0.21307137608528137,0.16102726757526398,0.17160171270370483,0.1284136325120926,1.5038281679153442,0.06947507709264755,0.07303112745285034,0.09504042565822601,0.05792837589979172,0.03728539124131203,0.032629065215587616,0.2299523502588272,0.13137632608413696,1.030194878578186,0.7350248098373413,0.1363549381494522,0.16912680864334106,0.11300580948591232,0.6945829391479492,0.13304361701011658,2.307133436203003,1.3378325700759888,0.11832951009273529,1.1795103549957275,0.09333212673664093,0.05798693001270294,0.12027239799499512,0.07385627925395966,0.15431514382362366,0.14883214235305786,0.09474591910839081,0.03839685022830963,0.07889076322317123,0.2510150074958801,0.08909200131893158,0.14200341701507568,0.057388223707675934,0.17343178391456604,0.026560571044683456,0.08790259808301926,0.04802245274186134,0.19289764761924744,0.10520625114440918,1.112046718597412,0.16736546158790588,0.23286215960979462,0.14510035514831543,0.8965896964073181,1.6772230863571167,0.15328314900398254,0.07178813219070435,0.1469247192144394,0.14961567521095276,0.19515974819660187,0.14211443066596985,0.132439985871315,0.037896160036325455,0.0700955018401146,1.253642201423645,0.39264968037605286,0.8351782560348511,0.08173780143260956,0.08611392229795456,0.01621764898300171,0.45214900374412537,0.23248668015003204,0.13721723854541779,0.1463889330625534,0.44653405994176865,2.6165321841835976,5.264634910970926
c2,c,High-risk T-cell,2,8,12,1.2211452722549438,1.7284587621688843,0.14265626668930054,0.1357889622449875,0.18664446473121643,0.04949098080396652,0.3362566828727722,0.4125363826751709,0.1497647762298584,0.14281612634658813,0.30041664838790894,0.14917808771133423,0.19478723406791687,0.1635758876800537,0.19044455885887146,0.09162472933530807,2.266040325164795,0.07280389219522476,0.08007394522428513,0.09976665675640106,0.05922283977270126,0.0753406286239624,0.04221516475081444,0.3598088324069977,0.10618773102760315,1.1086100339889526,0.7890607118606567,0.12330855429172516,0.11911389976739883,0.10348545014858246,0.7569640278816223,0.12802842259407043,1.5230646133422852,1.2650457620620728,0.09621898829936981,0.8128677606582642,0.0791325643658638,0.03159661218523979,0.11377274990081787,0.16268891096115112,0.14873090386390686,0.1656191200017929,0.09371981024742126,0.039212584495544434,0.06199510022997856,0.2851569652557373,0.09308156371116638,0.11866126954555511,0.05559926480054855,0.15053245425224304,0.030211813747882843,0.06366569548845291,0.04215487092733383,0.17157138884067535,0.092605359852314,0.6897614002227783,0.13149535655975342,0.22014687955379486,0.1276964545249939,0.5142115354537964,1.0484143495559692,0.14938752353191376,0.055960237979888916,0.09348802268505096,0.1491827666759491,0.17560750246047974,0.1500449925661087,0.1475730538368225,0.038288991898298264,0.10108181834220886,1.2009590864181519,0.4770110547542572,0.8374300599098206,0.0753292515873909,0.05746731907129288,0.028473863378167152,0.5748583078384399,0.4772028923034668,0.1349371373653412,0.13750725984573364,0.814560379832983,3.020222034305334,4.9809541292488575
c3,c,High-risk T-cell,2,8,15,1.117551326751709,1.6845483779907227,0.1249011904001236,0.12678876519203186,0.08362213522195816,0.0448058545589447,0.1394159495830536,0.6337946057319641,0.13742053508758545,0.12482582032680511,0.21213410794734955,0.1395808905363083,0.17461122572422028,0.16085705161094666,0.2082570195198059,0.02186386100947857,3.3798112869262695,0.0724465474486351,0.08684418350458145,0.10596968978643417,0.05657658725976944,0.10864247381687164,0.047629907727241516,0.11126053333282471,0.040502022951841354,1.127010703086853,0.8021851778030396,0.12038059532642365,0.10539428144693375,0.06185705214738846,0.3163403570652008,0.1417209506034851,0.45735669136047363,1.1887116432189941,0.035093341022729874,0.1818552315235138,0.041401661932468414,0.03185737878084183,0.0983511283993721,0.2601942718029022,0.13514268398284912,0.21094505488872528,0.09597383439540863,0.033136025071144104,0.04018013924360275,0.3896540403366089,0.11837821453809738,0.10502321273088455,0.053996361792087555,0.1133095845580101,0.02749408595263958,0.02459566667675972,0.03142013028264046,0.15402796864509583,0.07180912792682648,0.488602876663208,0.051576435565948486,0.1764460802078247,0.05347529053688049,0.2976272702217102,0.8018589019775391,0.1120825782418251,0.046466946601867676,0.08073247224092484,0.12870262563228607,0.14434470236301422,0.13731414079666138,0.15663909912109375,0.030882637947797775,0.1740616261959076,0.566848635673523,0.3842400312423706,0.42772966623306274,0.0392463356256485,0.024250630289316177,0.06140350550413132,0.7393556237220764,0.7027556300163269,0.1261361837387085,0.11860068887472153,0.7926850467920303,3.17998905479908,4.462142501026392
c4,c,High-risk T-cell,2,8,15,1.574997067451477,2.0626797676086426,0.16361725330352783,0.16115272045135498,0.09158618748188019,0.08032894879579544,0.25381919741630554,0.5551118850708008,0.17179721593856812,0.1583208590745926,0.3018227219581604,0.17409762740135193,0.22776290774345398,0.19985678791999817,0.24773091077804565,0.07075732946395874,3.3835222721099854,0.09916697442531586,0.11238260567188263,0.13220998644828796,0.07073652744293213,0.11170563101768494,0.052273668348789215,0.21822775900363922,0.07147776335477829,1.4100311994552612,1.000254511833191,0.15759366750717163,0.1760513037443161,0.0906044989824295,0.6197142601013184,0.16853547096252441,0.6097849607467651,1.7277565002441406,0.05538472533226013,0.30174723267555237,0.06279446929693222,0.025994187220931053,0.12456312030553818,0.22743089497089386,0.17468687891960144,0.21419170498847961,0.11918337643146515,0.04258859530091286,0.05577904358506203,0.38466957211494446,0.12754780054092407,0.1287621408700943,0.06639521569013596,0.16345834732055664,0.03424055129289627,0.04089243710041046,0.041850972920656204,0.20028530061244965,0.09753555059432983,0.46333375573158264,0.08273495733737946,0.244602769613266,0.08189892023801804,0.320338636636734,0.690523624420166,0.11757273972034454,0.04677522927522659,0.07175588607788086,0.1668262630701065,0.19220532476902008,0.17207354307174683,0.1846461296081543,0.03903936967253685,0.12015041708946228,0.6367387175559998,0.41776716709136963,0.5480393767356873,0.06439472734928131,0.058376096189022064,0.07050047069787979,0.7899175882339478,0.6909534931182861,0.15962868928909302,0.15156374871730804,0.8256133124232292,3.579246573150158,5.6148307509720325
c5,c,High-risk T-cell,3,12,24,2.081552028656006,2.7062156200408936,0.18025784194469452,0.15826384723186493,0.18951694667339325,0.04216944798827171,0.3879416286945343,0.12488126754760742,0.1828315258026123,0.16256526112556458,0.35160329937934875,0.18165481090545654,0.2921496331691742,0.21036078035831451,0.22143113613128662,0.08743783086538315,0.8893511891365051,0.09141319245100021,0.10732340067625046,0.1391303539276123,0.06692278385162354,0.009094270877540112,0.04842509329319,0.18465165793895721,0.09940315037965775,1.7574743032455444,1.2502647638320923,0.1464749425649643,0.10570011287927628,0.10030210018157959,0.5555759072303772,0.21121865510940552,1.2612005472183228,2.18369197845459,0.08437180519104004,0.6763887405395508,0.06406235694885254,0.011357162147760391,0.13446535170078278,0.06276024132966995,0.2008277028799057,0.2737216651439667,0.15328119695186615,0.04446562007069588,0.07820359617471695,0.42639216780662537,0.15929491817951202,0.17913822829723358,0.08553951233625412,0.1707475334405899,0.024257799610495567,0.06379397958517075,0.052979424595832825,0.275210976600647,0.12501971423625946,0.462026447057724,0.10943365842103958,0.345958948135376,0.10807135701179504,0.3390010595321655,0.6567315459251404,0.15041248500347137,0.041890665888786316,0.050928931683301926,0.18624573945999146,0.24271173775196075,0.16828317940235138,0.16073332726955414,0.030542811378836632,0.0603334903717041,0.9770188927650452,0.39535069465637207,0.7472000122070312,0.059370506554841995,0.04040011763572693,0.010409126989543438,0.24144114553928375,0.13004934787750244,0.16796249151229858,0.17160649597644806,0.35795801877975464,3.1942229866981506,6.4223664700984955
d1,d,Low-risk T-cell,4,16,25,1.8542126417160034,2.6800312995910645,0.18903334438800812,0.16464626789093018,0.2841167449951172,0.09506075084209442,0.4371969699859619,0.18333368003368378,0.18110069632530212,0.1617090106010437,0.36563074588775635,0.18269675970077515,0.28222543001174927,0.21180510520935059,0.2265370786190033,0.09559755772352219,1.55996572971344,0.10322359204292297,0.11635281890630722,0.14261241257190704,0.0699310153722763,0.04641703888773918,0.04825744405388832,0.09446275979280472,0.07943382114171982,1.5083627700805664,1.077384114265442,0.12415245175361633,0.10708622634410858,0.08707886189222336,0.4425155520439148,0.20258191227912903,1.171979308128357,2.0163824558258057,0.08257744461297989,0.581062912940979,0.047205910086631775,0.022951137274503708,0.13478519022464752,0.0893946960568428,0.19968187808990479,0.25573286414146423,0.14670024812221527,0.048983123153448105,0.0737348422408104,0.39441293478012085,0.14423242211341858,0.18431323766708374,0.08268813043832779,0.1720031201839447,0.026583541184663773,0.0680166631937027,0.053182583302259445,0.26898014545440674,0.12233561277389526,0.16227948665618896,0.106102354824543,0.2952544689178467,0.09841471910476685,0.13465091586112976,0.2981075346469879,0.1491231471300125,0.03185924142599106,0.03268992528319359,0.18276241421699524,0.23528103530406952,0.17227190732955933,0.17095401883125305,0.03440956771373749,0.05029226094484329,0.9827812314033508,0.3193347454071045,1.0026341676712036,0.0562560148537159,0.033454280346632004,0.040775056928396225,0.40598776936531067,0.20847108960151672,0.16571146249771118,0.16990433633327484,0.3260538838803768,3.214556273072958,6.592530250549316
d2,d,Low-risk T-cell,4,16,30,1.816651463508606,2.5179030895233154,0.18022046983242035,0.15825338661670685,0.3333364725112915,0.07974120229482651,0.4916674494743347,0.20823940634727478,0.1763491928577423,0.15885911881923676,0.3598973751068115,0.17728717625141144,0.2740062475204468,0.20365168154239655,0.21583068370819092,0.09292731434106827,1.1962010860443115,0.09737338125705719,0.10896710306406021,0.13449203968048096,0.06711004674434662,0.03402721509337425,0.04867615923285484,0.1634911447763443,0.08770430833101273,1.5449743270874023,1.0945485830307007,0.11614246666431427,0.07475914061069489,0.09151046723127365,0.48754027485847473,0.1887793391942978,1.286206841468811,1.9808733463287354,0.09320608526468277,0.667936384677887,0.05090188607573509,0.010463617742061615,0.13177265226840973,0.08806262165307999,0.19297869503498077,0.2626037299633026,0.14490653574466705,0.0488353930413723,0.07740062475204468,0.38909411430358887,0.14459113776683807,0.18431231379508972,0.08107449859380722,0.1645607352256775,0.026319004595279694,0.07903720438480377,0.053716596215963364,0.25940650701522827,0.1208718791604042,0.1639190912246704,0.11645327508449554,0.29908064007759094,0.11041802912950516,0.15069331228733063,0.34459438920021057,0.18163201212882996,0.031144067645072937,0.02450830116868019,0.18071724474430084,0.23062773048877716,0.16973257064819336,0.16386379301548004,0.03441814333200455,0.07223117351531982,1.2949635982513428,0.463497132062912,0.9849264621734619,0.06253733485937119,0.02802724950015545,0.03423265740275383,0.27620887756347656,0.2715343236923218,0.15967340767383575,0.16640053689479828,0.4204067103564739,3.209844123572111,6.544183723628521
d3,d,Low-risk T-cell,4,16,25,1.5339105129241943,2.0751688480377197,0.15566504001617432,0.12723158299922943,0.09351411461830139,0.07473640143871307,0.3956540822982788,0.11034040153026581,0.14934173226356506,0.1323830634355545,0.35813313722610474,0.1473132073879242,0.22700616717338562,0.16522453725337982,0.17151035368442535,0.10586074739694595,0.866604208946228,0.0741562694311142,0.07928884774446487,0.10602757334709167,0.0538618341088295,0.02603861503303051,0.03643248975276947,0.11377187818288803,0.10739947855472565,1.3031857013702393,0.9356188774108887,0.13601700961589813,0.14588044583797455,0.10024575144052505,0.5355049967765808,0.14967003464698792,1.487064242362976,1.8077633380889893,0.07694670557975769,0.9784820079803467,0.07325076311826706,0.028121978044509888,0.11084165424108505,0.055106811225414276,0.15938511490821838,0.20205000042915344,0.11192890256643295,0.03478749468922615,0.06814074516296387,0.2918693721294403,0.10765308141708374,0.1497851014137268,0.06402719765901566,0.16685840487480164,0.02030068077147007,0.06202321872115135,0.043839238584041595,0.21979543566703796,0.10300037264823914,0.6791266202926636,0.1260485053062439,0.2712852954864502,0.09745848178863525,0.5813493132591248,1.01494562625885,0.10771945863962173,0.04670029506087303,0.09649446606636047,0.141450434923172,0.19361768662929535,0.12850812077522278,0.12549901008605957,0.026454951614141464,0.03487605229020119,0.6353799700737,0.312188059091568,0.4390440285205841,0.046133462339639664,0.06484031677246094,0.010150957852602005,0.3306577205657959,0.18037113547325134,0.13326048851013184,0.1391713172197342,0.2605447694659233,2.5160847529768944,5.206517118960619
d4,d,Low-risk T-cell,6,24,40,1.9296255111694336,2.7802677154541016,0.1899457573890686,0.17757262289524078,0.7013421654701233,0.11453118175268173,0.5913921594619751,0.18229825794696808,0.19616030156612396,0.18139660358428955,0.37040066719055176,0.1973649263381958,0.29715001583099365,0.22327440977096558,0.24191077053546906,0.1842772364616394,2.054252862930298,0.09867507964372635,0.1186235174536705,0.14236091077327728,0.07567450404167175,0.06834564357995987,0.0513785295188427,0.1786840707063675,0.0943349078297615,1.5701724290847778,1.1140371561050415,0.12204724550247192,0.12470512837171555,0.09287705272436142,0.4356069266796112,0.20149554312229156,1.970321536064148,2.0051121711730957,0.12713523209095,1.0363624095916748,0.06393760442733765,0.042266618460416794,0.14690276980400085,0.10110577940940857,0.20918549597263336,0.2385750561952591,0.14978918433189392,0.06021786853671074,0.08994593471288681,0.35256996750831604,0.14028438925743103,0.1970752626657486,0.08672787994146347,0.18404273688793182,0.029555751010775566,0.09616553783416748,0.059341367334127426,0.2692946493625641,0.1348303109407425,0.2302621454000473,0.1278705596923828,0.3300129473209381,0.1353733092546463,0.2229374796152115,0.43878984451293945,0.19243192672729492,0.035480063408613205,0.029566757380962372,0.2083285003900528,0.2565348446369171,0.19823956489562988,0.18711994588375092,0.0410480834543705,0.06605715304613113,1.8816224336624146,0.5277916193008423,1.246648907661438,0.09524514526128769,0.07167697697877884,0.0358394980430603,0.4807104766368866,0.186241015791893,0.17927272617816925,0.1844295710325241,0.41236085817217827,3.378869589418173,7.450483620166779
d5,d,Low-risk T-cell,5,20,34,1.6584341526031494,2.3544652462005615,0.1493261754512787,0.12998034060001373,0.19760677218437195,0.05010462924838066,0.299227237701416,0.11260063946247101,0.1510395109653473,0.13122054934501648,0.28503015637397766,0.1504170447587967,0.23481011390686035,0.17437699437141418,0.18350496888160706,0.07968039065599442,0.9553626179695129,0.0738387331366539,0.08749006688594818,0.11525990068912506,0.0555986650288105,0.02633475326001644,0.04031488671898842,0.12816640734672546,0.07406236231327057,1.4489938020706177,1.0292359590530396,0.11725199222564697,0.1219995766878128,0.07926935702562332,0.3856271505355835,0.17382565140724182,1.0658730268478394,1.8271560668945312,0.0629257932305336,0.604263961315155,0.05335818603634834,0.017103197053074837,0.1104576587677002,0.06007769703865051,0.16533628106117249,0.19829531013965607,0.120058074593544,0.037275515496730804,0.05892770737409592,0.3362952470779419,0.12227807193994522,0.14352603256702423,0.0684598833322525,0.14315541088581085,0.019305353984236717,0.047957297414541245,0.04183424636721611,0.220999076962471,0.09892547875642776,0.37759214639663696,0.08631686866283417,0.27833375334739685,0.07991385459899902,0.329105406999588,0.6229802370071411,0.11619676649570465,0.03540678694844246,0.056007612496614456,0.14940878748893738,0.1937994360923767,0.13666699826717377,0.13489007949829102,0.0255430880934,0.046124376356601715,0.7118874788284302,0.29433301091194153,0.6326783299446106,0.04732738807797432,0.054173629730939865,0.014896470122039318,0.22443799674510956,0.12317998707294464,0.1362880915403366,0.14086046814918518,0.2810819335281849,2.758727166801691,5.226569715887308
d6,d,Low-risk T-cell,3,12,24,1.5375360250473022,2.1198630332946777,0.141454815864563,0.13672052323818207,0.0730862244963646,0.02416469156742096,0.15020887553691864,0.36886516213417053,0.15511755645275116,0.13634079694747925,0.2409951537847519,0.15563301742076874,0.21254318952560425,0.1810532957315445,0.2143545150756836,0.04394799470901489,2.6500651836395264,0.07418966293334961,0.09173080325126648,0.11894533783197403,0.06035107746720314,0.08457902073860168,0.04941092059016228,0.1702515333890915,0.052801284939050674,1.379241943359375,0.9795160293579102,0.13156403601169586,0.13416354358196259,0.07603108137845993,0.38934123516082764,0.16297882795333862,0.6020537614822388,1.7029157876968384,0.03979521244764328,0.2886374890804291,0.05044681951403618,0.018741056323051453,0.11068594455718994,0.18114978075027466,0.15994064509868622,0.22264248132705688,0.11136951297521591,0.035714130848646164,0.04914131760597229,0.34065642952919006,0.11782816797494888,0.12285522371530533,0.06375675648450851,0.1360625922679901,0.025414088740944862,0.02979930490255356,0.03720744699239731,0.1898060292005539,0.08706825971603394,0.4950242042541504,0.06743860989809036,0.24969983100891113,0.06142740324139595,0.406270831823349,0.8756184577941895,0.1042909324169159,0.03900803253054619,0.0667203888297081,0.14771831035614014,0.1752299666404724,0.14708387851715088,0.15930140018463135,0.028383910655975342,0.057927217334508896,0.5009008049964905,0.3534771502017975,0.4850215017795563,0.04388830065727234,0.03854799270629883,0.04655078053474426,0.6851784586906433,0.49040427803993225,0.14055036008358002,0.13750459253787994,0.5885276161134243,3.1987949274480343,4.859012983739376
d7,d,Low-risk T-cell,6,24,40,1.9562262296676636,2.6065423488616943,0.1812601089477539,0.1650504171848297,0.277617484331131,0.04385165497660637,0.4356883466243744,0.18885862827301025,0.18842794001102448,0.17099814116954803,0.3601371943950653,0.18800301849842072,0.2830623686313629,0.21350689232349396,0.23048150539398193,0.1255205273628235,1.5804438591003418,0.09101611375808716,0.10772346705198288,0.13672956824302673,0.07131274044513702,0.053367238491773605,0.05134347081184387,0.19702230393886566,0.1041826382279396,1.6204687356948853,1.148990273475647,0.14930684864521027,0.1499343067407608,0.10742554068565369,0.6104266047477722,0.19911587238311768,1.5812888145446777,2.0010039806365967,0.10177376121282578,0.8343994617462158,0.07050292938947678,0.03276655450463295,0.14055804908275604,0.09765464067459106,0.20064331591129303,0.22548075020313263,0.14438064396381378,0.04952353611588478,0.08103277534246445,0.37161877751350403,0.14162109792232513,0.1758021116256714,0.08269263803958893,0.17676830291748047,0.029682287946343422,0.07650304585695267,0.05508923530578613,0.2618100345134735,0.1254435032606125,0.4874363839626312,0.13096341490745544,0.3290289640426636,0.12529532611370087,0.4224574863910675,0.8607978224754333,0.17764823138713837,0.04984024539589882,0.07047591358423233,0.19161103665828705,0.24117650091648102,0.17978543043136597,0.17364531755447388,0.038162872195243835,0.07801417261362076,1.2210429906845093,0.455423504114151,0.9386776089668274,0.078626349568367,0.05580456927418709,0.02125871367752552,0.33218929171562195,0.20886863768100739,0.17092938721179962,0.1761661022901535,0.4372244030237198,3.2526353895664215,6.510645508766174
d8,d,Low-risk T-cell,5,20,29,1.6454700231552124,2.2071118354797363,0.16235211491584778,0.14431282877922058,0.2594221234321594,0.06831616908311844,0.3718036711215973,0.14519557356834412,0.16338679194450378,0.14704608917236328,0.3124839663505554,0.16326487064361572,0.25157052278518677,0.18632325530052185,0.19753031432628632,0.12556222081184387,1.2263429164886475,0.08403880894184113,0.09708525985479355,0.12263812869787216,0.06152860447764397,0.02230842038989067,0.0424966923892498,0.1168675422668457,0.0832306519150734,1.4194164276123047,1.023749828338623,0.12966427206993103,0.10648377984762192,0.09392406046390533,0.5491856336593628,0.18450045585632324,1.2550323009490967,1.7676156759262085,0.08671609312295914,0.5969682931900024,0.05442623049020767,0.03791697323322296,0.1222853809595108,0.07449888437986374,0.17651550471782684,0.21735842525959015,0.13264331221580505,0.043010298162698746,0.06976798921823502,0.3608551621437073,0.13405025005340576,0.16438230872154236,0.07420698553323746,0.14734837412834167,0.024446707218885422,0.06502874195575714,0.04866882041096687,0.23879501223564148,0.11102192103862762,0.4405822157859802,0.10989503562450409,0.2797917127609253,0.1080368310213089,0.35483285784721375,0.7306896448135376,0.17583009600639343,0.03998764976859093,0.06010594218969345,0.16624966263771057,0.21240320801734924,0.1543600857257843,0.1483801305294037,0.03209780529141426,0.06793477386236191,1.159377932548523,0.4177457392215729,0.968758225440979,0.06702611595392227,0.051125843077898026,0.020626749843358994,0.24492423236370087,0.1818796545267105,0.14826110005378723,0.15429966151714325,0.3045598082244396,2.6935512982308865,5.817967113107443
d9,d,Low-risk T-cell,4,16,30,2.1456687450408936,2.779818296432495,0.18283458054065704,0.17136044800281525,0.2581925392150879,0.06070889160037041,0.2413933128118515,0.2038416713476181,0.19953592121601105,0.17820873856544495,0.3133910298347473,0.19863219559192657,0.2938200533390045,0.227720245718956,0.25238966941833496,0.10092023760080338,1.6928874254226685,0.0917719155550003,0.1128353700041771,0.14892986416816711,0.07539476454257965,0.05389527976512909,0.05518559738993645,0.12396983802318573,0.08529103547334671,1.6973791122436523,1.224459171295166,0.19463573396205902,0.2251863181591034,0.10813869535923004,0.49824970960617065,0.2284868061542511,1.059152603149414,2.235642194747925,0.07183333486318588,0.5282697081565857,0.07737365365028381,0.031802210956811905,0.1458377093076706,0.11676862835884094,0.21062497794628143,0.2481250911951065,0.1467352956533432,0.04656018689274788,0.07153289765119553,0.412271648645401,0.15178076922893524,0.14977912604808807,0.08432739973068237,0.17903204262256622,0.034611839801073074,0.04538511112332344,0.050684984773397446,0.2538469135761261,0.12033366411924362,1.1559803485870361,0.08395039290189743,0.34850937128067017,0.09989095479249954,0.9288811683654785,1.788633108139038,0.1773100048303604,0.07536949962377548,0.1484629511833191,0.20049110054969788,0.24544017016887665,0.18725916743278503,0.18442678451538086,0.03963072970509529,0.07157551497220993,1.0124841928482056,0.4518949091434479,0.8758417963981628,0.09820730239152908,0.118211530148983,0.026073236018419266,0.4585180878639221,0.20788128674030304,0.18329815566539764,0.18424084782600403,0.3829971067607403,3.3706966899335384,6.463748473674059
t1,t,Middle-risk Tumor (ctrl),3,12,21,2.7697460651397705,3.5054123401641846,0.2198140174150467,0.21138513088226318,0.34651485085487366,0.055718790739774704,0.2836821973323822,0.2883334457874298,0.23769719898700714,0.2100347876548767,0.37710678577423096,0.23987650871276855,0.35258448123931885,0.2813311517238617,0.31994810700416565,0.12545590102672577,3.034522294998169,0.11810317635536194,0.14793908596038818,0.1855953484773636,0.09224941581487656,0.09384274482727051,0.06793323904275894,0.1464526653289795,0.07603299617767334,2.170997381210327,1.5259743928909302,0.1606411188840866,0.1301800161600113,0.094455786049366,0.3273334801197052,0.26504912972450256,1.048494577407837,2.9208528995513916,0.07811635732650757,0.5660841464996338,0.06755911558866501,0.03975863754749298,0.17056746780872345,0.16993163526058197,0.25537732243537903,0.2702474892139435,0.17385582625865936,0.06229664012789726,0.0781395360827446,0.46287742257118225,0.17657770216464996,0.1827375739812851,0.10097820311784744,0.212712362408638,0.038246624171733856,0.05070776119828224,0.059397678822278976,0.31251195073127747,0.14245867729187012,0.34862127900123596,0.08254995197057724,0.41663625836372375,0.09357669949531555,0.28619295358657837,0.5258642435073853,0.1644648015499115,0.05052214860916138,0.07039528340101242,0.2419409304857254,0.28958916664123535,0.2317599505186081,0.23768645524978638,0.043396785855293274,0.07113722711801529,1.035098910331726,0.39930757880210876,0.8188938498497009,0.093007393181324,0.1077149510383606,0.06639692932367325,0.7184550166130066,0.2553676664829254,0.2202157974243164,0.21584701538085938,0.5027193501591682,4.263499356806278,7.777356203645468
t2,t,Middle-risk Tumor (ctrl),4,16,23,1.8607237339019775,2.5896518230438232,0.18103612959384918,0.16870558261871338,0.7198148965835571,0.12060551345348358,0.557974100112915,0.1771509200334549,0.18482650816440582,0.17022913694381714,0.34959959983825684,0.1868182271718979,0.28435593843460083,0.21297533810138702,0.2320570945739746,0.12303459644317627,1.7850145101547241,0.09570981562137604,0.11613912135362625,0.13723868131637573,0.07170725613832474,0.06516663730144501,0.050673071295022964,0.09687525033950806,0.08798549324274063,1.5775266885757446,1.1235504150390625,0.11375562101602554,0.09666898101568222,0.08968181163072586,0.4502372741699219,0.1940038651227951,1.77280855178833,1.8992764949798584,0.11683142185211182,0.9411920309066772,0.0527922697365284,0.031734317541122437,0.13867011666297913,0.10583943873643875,0.1991683393716812,0.22179538011550903,0.14655821025371552,0.058731354773044586,0.08329778909683228,0.34512078762054443,0.13629603385925293,0.1935432106256485,0.08344716578722,0.17124135792255402,0.028432773426175117,0.08673392236232758,0.05598677694797516,0.26487764716148376,0.12880872189998627,0.1353781819343567,0.11845014989376068,0.31847941875457764,0.12507186830043793,0.11678339540958405,0.22885894775390625,0.1780720055103302,0.02861522138118744,0.022776948288083076,0.19696950912475586,0.24343502521514893,0.188198059797287,0.17868514358997345,0.03627500683069229,0.07544433325529099,1.747496247291565,0.519474446773529,1.191891074180603,0.0841345563530922,0.061059705913066864,0.03762456029653549,0.4995795786380768,0.1809181421995163,0.16960279643535614,0.173850417137146,0.3246992416679859,3.0952692069113255,7.168076783418655
t3,t,Middle-risk Tumor (ctrl),4,16,23,1.6145446300506592,2.3347599506378174,0.15470243990421295,0.1399732232093811,0.5508556365966797,0.04083657264709473,0.43983572721481323,0.11765555292367935,0.1607104241847992,0.14384692907333374,0.29904934763908386,0.16067348420619965,0.23963500559329987,0.18138493597507477,0.18692061305046082,0.18449261784553528,1.3592569828033447,0.07946363836526871,0.09065781533718109,0.11535540968179703,0.06100839003920555,0.0320826880633831,0.04435884952545166,0.139365091919899,0.0779782384634018,1.2740488052368164,0.9080145955085754,0.10550914704799652,0.11081520467996597,0.08796609938144684,0.5098339319229126,0.16707094013690948,1.765270471572876,1.586543321609497,0.10455994307994843,0.8443542122840881,0.05493726581335068,0.03951730951666832,0.1215701550245285,0.06584882736206055,0.1725991815328598,0.20107819139957428,0.11911281198263168,0.048895105719566345,0.07034341990947723,0.26476049423217773,0.10898888111114502,0.1573856621980667,0.07165313512086868,0.140745609998703,0.024170540273189545,0.08030246943235397,0.04917190596461296,0.2171735018491745,0.10880252718925476,0.18010778725147247,0.11937033385038376,0.27635398507118225,0.1129436194896698,0.16006089746952057,0.3146739602088928,0.15774321556091309,0.030104098841547966,0.03457681089639664,0.16614001989364624,0.20727792382240295,0.15598304569721222,0.14715920388698578,0.033510953187942505,0.056596316397190094,1.5899858474731445,0.39789459109306335,1.1328593492507935,0.07110647112131119,0.040764473378658295,0.025932151824235916,0.28770911693573,0.10250025987625122,0.1425742357969284,0.1528906226158142,0.30137949436903,2.7386397048830986,5.869215227663517
